ticker,game,player,sleeper_id,position,stat,kind,strike,projected,model,yes_bid,yes_ask,no_ask,yes_ask_size,no_ask_size,injury
KXNFLESCALATORRECYDS-26SEP28PHICHI-PHISBARKLEY26,26SEP28PHICHI,Saquon Barkley,4866,RB,receiving yards,ESCALATOR,escalator,17.94,0.0033,0.01,0.39,0.99,50,500,
KXNFLESCALATORRECYDS-26SEP28PHICHI-PHIDWICKS13,26SEP28PHICHI,Dontayvion Wicks,9486,WR,receiving yards,ESCALATOR,escalator,43.58,0.0227,0.01,0.39,0.99,50,500,
KXNFLESCALATORRECYDS-26SEP28PHICHI-CHIRODUNZE15,26SEP28PHICHI,Rome Odunze,11620,WR,receiving yards,ESCALATOR,escalator,40.82,0.0222,0.01,0.39,0.99,50,500,
KXNFLESCALATORRECYDS-26SEP28PHICHI-CHILBURDEN10,26SEP28PHICHI,Luther Burden III,12519,WR,receiving yards,ESCALATOR,escalator,47.56,0.0295,0.01,0.39,0.99,50,500,
KXNFLESCALATORRECYDS-26SEP28PHICHI-CHIDSWIFT4,26SEP28PHICHI,D'Andre Swift,6790,RB,receiving yards,ESCALATOR,escalator,12.12,0.0016,0.01,0.39,0.99,50,500,
KXNFLESCALATORRECYDS-26SEP28PHICHI-CHICLOVELAND84,26SEP28PHICHI,Colston Loveland,12517,TE,receiving yards,ESCALATOR,escalator,38.29,0.0152,0.01,0.39,0.99,50,500,
KXNFLESCALATORRECYDS-26SEP27SEAWAS-SEAJPRICE8,26SEP27SEAWAS,Jadarian Price,13286,RB,receiving yards,ESCALATOR,escalator,9.53,0.0009,0.01,0.03,0.99,2001,500,
KXNFLESCALATORRECYDS-26SEP27LARDEN-LARKWILLIAMS23,26SEP27LARDEN,Kyren Williams,8150,RB,receiving yards,ESCALATOR,escalator,12.61,0.0020,0.02,0.02,0.98,39720,141150,
KXNFLESCALATORRECYDS-26SEP27LARDEN-LARDADAMS17,26SEP27LARDEN,Davante Adams,2133,WR,receiving yards,ESCALATOR,escalator,64.11,0.0554,0.11,0.11,0.89,41272,53173,
KXNFLESCALATORRECYDS-26SEP27LARDEN-DENJWADDLE17,26SEP27LARDEN,Jaylen Waddle,7526,WR,receiving yards,ESCALATOR,escalator,63.78,0.0533,0.06,0.06,0.94,23536,141524,
KXNFLESCALATORRECYDS-26SEP27LARDEN-DENJDOBBINS27,26SEP27LARDEN,J.K. Dobbins,6806,RB,receiving yards,ESCALATOR,escalator,8.67,0.0012,0.03,0.03,0.97,25132,115209,
KXNFLESCALATORRECYDS-26SEP27LARDEN-DENCSUTTON14,26SEP27LARDEN,Courtland Sutton,5045,WR,receiving yards,ESCALATOR,escalator,48.05,0.0281,0.03,0.03,0.97,30846,93117,
KXNFLESCALATORRECYDS-26SEP27BALDAL-DALJWILLIAMS33,26SEP27BALDAL,Javonte Williams,7588,RB,receiving yards,ESCALATOR,escalator,15.86,0.0026,0.01,0.01,0.99,40520,202809,
KXNFLESCALATORRECYDS-26SEP27BALDAL-DALJFERGUSON87,26SEP27BALDAL,Jake Ferguson,8110,TE,receiving yards,ESCALATOR,escalator,35.82,0.0108,0.02,0.02,0.98,40520,89228,
KXNFLESCALATORRECYDS-26SEP27BALDAL-DALGPICKENS3,26SEP27BALDAL,George Pickens,8137,WR,receiving yards,ESCALATOR,escalator,77.90,0.0949,0.08,0.08,0.92,41890,123327,
KXNFLESCALATORRECYDS-26SEP27BALDAL-DALCLAMB88,26SEP27BALDAL,CeeDee Lamb,6786,WR,receiving yards,ESCALATOR,escalator,84.52,0.1129,0.13,0.13,0.87,41732,112241,
KXNFLESCALATORRECYDS-26SEP27BALDAL-BALMANDREWS89,26SEP27BALDAL,Mark Andrews,5012,TE,receiving yards,ESCALATOR,escalator,50.48,0.0283,0.04,0.04,0.96,41021,161522,
KXNFLESCALATORRECYDS-26SEP27BALDAL-BALDHENRY22,26SEP27BALDAL,Derrick Henry,3198,RB,receiving yards,ESCALATOR,escalator,14.85,0.0022,0.01,0.01,0.99,40520,201573,
KXNFLESCALATORRECYDS-26SEP27LVNO-NOTETIENNE3,26SEP27LVNO,Travis Etienne Jr.,7543,RB,receiving yards,ESCALATOR,escalator,14.87,0.0022,0.01,0.01,0.99,40520,187740,
KXNFLESCALATORRECYDS-26SEP27LVNO-NODVELE14,26SEP27LVNO,Devaughn Vele,11834,WR,receiving yards,ESCALATOR,escalator,42.65,0.0249,0.05,0.05,0.95,41021,98606,
KXNFLESCALATORRECYDS-26SEP27LVNO-NOCOLAVE12,26SEP27LVNO,Chris Olave,8144,WR,receiving yards,ESCALATOR,escalator,79.69,0.0966,0.12,0.12,0.88,42565,113262,
KXNFLESCALATORRECYDS-26SEP27LVNO-LVTTUCKER1,26SEP27LVNO,Tre Tucker,10213,WR,receiving yards,ESCALATOR,escalator,39.67,0.0181,0.04,0.04,0.96,31702,140703,
KXNFLESCALATORRECYDS-26SEP27LVNO-LVAJEANTY2,26SEP27LVNO,Ashton Jeanty,12527,RB,receiving yards,ESCALATOR,escalator,21.37,0.0032,0.02,0.02,0.98,40520,175129,
KXNFLESCALATORRECYDS-26SEP27MINTB-TBEEGBUKA2,26SEP27MINTB,Emeka Egbuka,12514,WR,receiving yards,ESCALATOR,escalator,46.58,0.0325,0.05,0.05,0.95,51000,49590,
KXNFLESCALATORRECYDS-26SEP27MINTB-TBBIRVING7,26SEP27MINTB,Bucky Irving,11584,RB,receiving yards,ESCALATOR,escalator,23.41,0.0048,0.04,0.04,0.96,48500,47000,
KXNFLESCALATORRECYDS-26SEP27MINTB-MINJJEFFERSON18,26SEP27MINTB,Justin Jefferson,6794,WR,receiving yards,ESCALATOR,escalator,77.94,0.0950,0.09,0.09,0.91,49135,85135,
KXNFLESCALATORRECYDS-26SEP27MINTB-MINAJONES33,26SEP27MINTB,Aaron Jones Sr.,4199,RB,receiving yards,ESCALATOR,escalator,14.82,0.0022,0.01,0.01,0.99,50925,102434,
KXNFLESCALATORRECYDS-26SEP27ARISF-SFGKITTLE85,26SEP27ARISF,George Kittle,4217,TE,receiving yards,ESCALATOR,escalator,51.01,0.0287,0.05,0.05,0.95,41021,142415,
KXNFLESCALATORRECYDS-26SEP27ARISF-SFDSAMUEL19,26SEP27ARISF,Deebo Samuel Sr.,5872,WR,receiving yards,ESCALATOR,escalator,47.93,0.0286,0.04,0.04,0.96,41021,151543,
KXNFLESCALATORRECYDS-26SEP27ARISF-SFCMCCAFFREY23,26SEP27ARISF,Christian McCaffrey,4034,RB,receiving yards,ESCALATOR,escalator,31.45,0.0076,0.03,0.03,0.97,40521,181771,
KXNFLESCALATORRECYDS-26SEP27ARISF-ARITMCBRIDE85,26SEP27ARISF,Trey McBride,8130,TE,receiving yards,ESCALATOR,escalator,66.38,0.0514,0.09,0.09,0.91,41612,131420,
KXNFLESCALATORRECYDS-26SEP27ARISF-ARIMWILSON14,26SEP27ARISF,Michael Wilson,10232,WR,receiving yards,ESCALATOR,escalator,56.23,0.0480,0.04,0.04,0.96,41021,99546,
KXNFLESCALATORRECYDS-26SEP27ARISF-ARIMHARRISON18,26SEP27ARISF,Marvin Harrison Jr.,11628,WR,receiving yards,ESCALATOR,escalator,37.85,0.0161,0.03,0.03,0.97,40521,110783,
KXNFLESCALATORRECYDS-26SEP27ARISF-ARIJLOVE4,26SEP27ARISF,Jeremiyah Love,13287,RB,receiving yards,ESCALATOR,escalator,24.68,0.0061,0.01,0.01,0.99,40520,178889,
KXNFLESCALATORRECYDS-26SEP27SEAWAS-WASTMCLAURIN17,26SEP27SEAWAS,Terry McLaurin,5927,WR,receiving yards,ESCALATOR,escalator,52.67,0.0398,0.04,0.04,0.96,16975,52054,
KXNFLESCALATORRECYDS-26SEP27SEAWAS-WASSDIGGS3,26SEP27SEAWAS,Stefon Diggs,2449,WR,receiving yards,ESCALATOR,escalator,43.97,0.0238,0.03,0.03,0.97,31500,76925,
KXNFLESCALATORRECYDS-26SEP27SEAWAS-WASJCROSKEYMERRITT22,26SEP27SEAWAS,Jacory Croskey-Merritt,12533,RB,receiving yards,ESCALATOR,escalator,8.11,0.0013,0.03,0.03,0.98,17910,40000,
KXNFLESCALATORRECYDS-26SEP27SEAWAS-SEAJSMITHNJIGBA11,26SEP27SEAWAS,Jaxon Smith-Njigba,9488,WR,receiving yards,ESCALATOR,escalator,104.19,0.1366,0.17,0.18,0.83,2685,7590,
KXNFLESCALATORRECYDS-26SEP27TENNYG-TENWROBINSON4,26SEP27TENNYG,Wan'Dale Robinson,8126,WR,receiving yards,ESCALATOR,escalator,35.59,0.0173,0.02,0.02,0.98,50500,67779,
KXNFLESCALATORRECYDS-26SEP27TENNYG-TENTPOLLARD20,26SEP27TENNYG,Tony Pollard,5967,RB,receiving yards,ESCALATOR,escalator,8.66,0.0013,0.01,0.01,0.99,50500,157785,
KXNFLESCALATORRECYDS-26SEP27TENNYG-NYGMNABERS1,26SEP27TENNYG,Malik Nabers,11632,WR,receiving yards,ESCALATOR,escalator,59.88,0.0541,0.07,0.07,0.93,51590,87534,
KXNFLESCALATORRECYDS-26SEP27TENNYG-NYGILIKELY9,26SEP27TENNYG,Isaiah Likely,8131,TE,receiving yards,ESCALATOR,escalator,38.54,0.0154,0.03,0.03,0.97,51000,102594,
KXNFLESCALATORRECYDS-26SEP27TENNYG-NYGCSKATTEBO44,26SEP27TENNYG,Cam Skattebo,12481,RB,receiving yards,ESCALATOR,escalator,15.69,0.0025,0.01,0.01,0.99,50500,173641,
KXNFLESCALATORRECYDS-26SEP27HOUIND-INDTWARREN84,26SEP27HOUIND,Tyler Warren,12518,TE,receiving yards,ESCALATOR,escalator,39.26,0.0183,0.05,0.05,0.95,39521,95434,
KXNFLESCALATORRECYDS-26SEP27HOUIND-INDJTAYLOR28,26SEP27HOUIND,Jonathan Taylor,6813,RB,receiving yards,ESCALATOR,escalator,19.97,0.0041,0.02,0.02,0.98,41520,94150,
KXNFLESCALATORRECYDS-26SEP27HOUIND-INDJDOWNS2,26SEP27HOUIND,Josh Downs,9500,WR,receiving yards,ESCALATOR,escalator,51.41,0.0338,0.05,0.05,0.95,42021,143508,
KXNFLESCALATORRECYDS-26SEP27HOUIND-HOUDSCHULTZ86,26SEP27HOUIND,Dalton Schultz,5001,TE,receiving yards,ESCALATOR,escalator,53.01,0.0335,0.06,0.06,0.94,32788,76937,
KXNFLESCALATORRECYDS-26SEP27HOUIND-HOUDMONTGOMERY32,26SEP27HOUIND,David Montgomery,5892,RB,receiving yards,ESCALATOR,escalator,15.38,0.0024,0.01,0.01,0.99,41520,225548,
KXNFLESCALATORRECYDS-26SEP27CARCLE-CLEQJUDKINS10,26SEP27CARCLE,Quinshon Judkins,12512,RB,receiving yards,ESCALATOR,escalator,11.54,0.0016,0.01,0.01,0.99,40520,181390,
KXNFLESCALATORRECYDS-26SEP27CARCLE-CLEHFANNIN44,26SEP27CARCLE,Harold Fannin Jr.,12506,TE,receiving yards,ESCALATOR,escalator,35.98,0.0102,0.03,0.03,0.97,40521,108671,
KXNFLESCALATORRECYDS-26SEP27CARCLE-CLEDBOSTON12,26SEP27CARCLE,Denzel Boston,13346,WR,receiving yards,ESCALATOR,escalator,44.59,0.0278,0.05,0.05,0.95,41021,88475,
KXNFLESCALATORRECYDS-26SEP27CARCLE-CARTMCMILLAN4,26SEP27CARCLE,Tetairoa McMillan,12526,WR,receiving yards,ESCALATOR,escalator,71.03,0.0779,0.09,0.09,0.91,41612,115325,
KXNFLESCALATORRECYDS-26SEP27CARCLE-CARCHUBBARD30,26SEP27CARCLE,Chuba Hubbard,7594,RB,receiving yards,ESCALATOR,escalator,15.54,0.0024,0.01,0.01,0.99,40520,179900,
KXNFLESCALATORRECYDS-26SEP27CINPIT-PITDMETCALF4,26SEP27CINPIT,DK Metcalf,5846,WR,receiving yards,ESCALATOR,escalator,55.57,0.0518,0.05,0.05,0.95,41021,144379,
KXNFLESCALATORRECYDS-26SEP27CINPIT-CINTHIGGINS5,26SEP27CINPIT,Tee Higgins,6801,WR,receiving yards,ESCALATOR,escalator,64.42,0.0552,0.06,0.06,0.94,41521,137317,
KXNFLESCALATORRECYDS-26SEP27CINPIT-CINJCHASE1,26SEP27CINPIT,Ja'Marr Chase,7564,WR,receiving yards,ESCALATOR,escalator,74.23,0.0788,0.11,0.11,0.89,33039,115774,
KXNFLESCALATORRECYDS-26SEP27CINPIT-CINCBROWN30,26SEP27CINPIT,Chase Brown,9224,RB,receiving yards,ESCALATOR,escalator,21.95,0.0031,0.01,0.02,0.99,40420,175145,
KXNFLESCALATORRECYDS-26SEP27NYJDET-NYJGWILSON5,26SEP27NYJDET,Garrett Wilson,8146,WR,receiving yards,ESCALATOR,escalator,65.35,0.0558,0.10,0.10,0.90,23494,67690,
KXNFLESCALATORRECYDS-26SEP27NYJDET-NYJBHALL20,26SEP27NYJDET,Breece Hall,8155,RB,receiving yards,ESCALATOR,escalator,27.47,0.0057,0.02,0.02,0.98,51500,66480,
KXNFLESCALATORRECYDS-26SEP27NYJDET-DETSLAPORTA87,26SEP27NYJDET,Sam LaPorta,10859,TE,receiving yards,ESCALATOR,escalator,49.28,0.0273,0.04,0.04,0.96,52000,102362,
KXNFLESCALATORRECYDS-26SEP27NYJDET-DETJWILLIAMS1,26SEP27NYJDET,Jameson Williams,8148,WR,receiving yards,ESCALATOR,escalator,61.45,0.0541,0.06,0.06,0.94,52000,94802,
KXNFLESCALATORRECYDS-26SEP27NYJDET-DETJGIBBS0,26SEP27NYJDET,Jahmyr Gibbs,9221,RB,receiving yards,ESCALATOR,escalator,30.24,0.0065,0.02,0.02,0.98,50500,64949,
KXNFLESCALATORRECYDS-26SEP27NYJDET-DETASTBROWN14,26SEP27NYJDET,Amon-Ra St. Brown,7547,WR,receiving yards,ESCALATOR,escalator,82.43,0.1050,0.11,0.11,0.89,52090,87575,
KXNFLESCALATORRECYDS-26SEP27NEJAC-NETHENDERSON32,26SEP27NEJAC,TreVeyon Henderson,12529,RB,receiving yards,ESCALATOR,escalator,13.19,0.0018,0.01,0.01,0.99,31500,170451,
KXNFLESCALATORRECYDS-26SEP27NEJAC-NERSTEVENSON38,26SEP27NEJAC,Rhamondre Stevenson,7611,RB,receiving yards,ESCALATOR,escalator,19.35,0.0039,0.01,0.01,0.99,31500,136222,
KXNFLESCALATORRECYDS-26SEP27NEJAC-NERDOUBS87,26SEP27NEJAC,Romeo Doubs,8121,WR,receiving yards,ESCALATOR,escalator,47.82,0.0287,0.04,0.04,0.96,32000,76161,
KXNFLESCALATORRECYDS-26SEP27NEJAC-NEHHENRY85,26SEP27NEJAC,Hunter Henry,3214,TE,receiving yards,ESCALATOR,escalator,44.03,0.0212,0.04,0.04,0.96,31900,38204,
KXNFLESCALATORRECYDS-26SEP27NEJAC-JACPWASHINGTON11,26SEP27NEJAC,Parker Washington,9487,WR,receiving yards,ESCALATOR,escalator,74.57,0.0807,0.09,0.09,0.91,32590,42690,
KXNFLESCALATORRECYDS-26SEP27NEJAC-JACBTUTEN33,26SEP27NEJAC,Bhayshul Tuten,12490,RB,receiving yards,ESCALATOR,escalator,12.16,0.0017,0.01,0.01,0.99,31500,179390,
KXNFLESCALATORRECYDS-26SEP27NEJAC-JACBTHOMAS7,26SEP27NEJAC,Brian Thomas Jr.,11631,WR,receiving yards,ESCALATOR,escalator,44.71,0.0283,0.03,0.03,0.97,32000,40834,
KXNFLESCALATORRECYDS-26SEP27KCMIA-MIAMWASHINGTON6,26SEP27KCMIA,Malik Washington,11610,WR,receiving yards,ESCALATOR,escalator,40.09,0.0196,0.03,0.03,0.97,41621,107669,
KXNFLESCALATORRECYDS-26SEP27KCMIA-MIADACHANE28,26SEP27KCMIA,De'Von Achane,9226,RB,receiving yards,ESCALATOR,escalator,26.88,0.0055,0.02,0.02,0.98,41520,80080,
KXNFLESCALATORRECYDS-26SEP27KCMIA-KCTKELCE87,26SEP27KCMIA,Travis Kelce,1466,TE,receiving yards,ESCALATOR,escalator,50.35,0.0280,0.05,0.05,0.95,32846,80007,
KXNFLESCALATORRECYDS-26SEP27KCMIA-KCRRICE4,26SEP27KCMIA,Rashee Rice,10229,WR,receiving yards,ESCALATOR,escalator,49.64,0.0317,0.05,0.05,0.95,42021,86507,
KXNFLESCALATORRECYDS-26SEP27KCMIA-KCKWALKER9,26SEP27KCMIA,Kenneth Walker III,8151,RB,receiving yards,ESCALATOR,escalator,28.59,0.0064,0.02,0.02,0.98,17402,97500,
KXNFLESCALATORRECYDS-26SEP27LACBUF-LACQJOHNSTON1,26SEP27LACBUF,Quentin Johnston,9754,WR,receiving yards,ESCALATOR,escalator,43.73,0.0233,0.03,0.03,0.97,26033,168669,
KXNFLESCALATORRECYDS-26SEP27LACBUF-LACOHAMPTON8,26SEP27LACBUF,Omarion Hampton,12507,RB,receiving yards,ESCALATOR,escalator,12.50,0.0019,0.01,0.01,0.99,40520,188343,
KXNFLESCALATORRECYDS-26SEP27LACBUF-LACLMCCONKEY15,26SEP27LACBUF,Ladd McConkey,11635,WR,receiving yards,ESCALATOR,escalator,66.81,0.0532,0.07,0.07,0.93,32317,118287,
KXNFLESCALATORRECYDS-26SEP27LACBUF-BUFKSHAKIR10,26SEP27LACBUF,Khalil Shakir,8134,WR,receiving yards,ESCALATOR,escalator,50.77,0.0336,0.04,0.04,0.96,41021,149533,
KXNFLESCALATORRECYDS-26SEP27LACBUF-BUFJCOOK4,26SEP27LACBUF,James Cook III,8138,RB,receiving yards,ESCALATOR,escalator,17.15,0.0030,0.01,0.01,0.99,40520,191556,
KXNFLESCALATORRECYDS-26SEP27LACBUF-BUFDKINCAID86,26SEP27LACBUF,Dalton Kincaid,10236,TE,receiving yards,ESCALATOR,escalator,63.82,0.0496,0.07,0.07,0.93,41656,125926,
KXNFLESCALATORRSHYDS-26SEP28PHICHI-PHISBARKLEY26,26SEP28PHICHI,Saquon Barkley,4866,RB,rushing yards,ESCALATOR,escalator,81.01,0.0966,0.01,0.99,0.99,600,500,
KXNFLESCALATORRSHYDS-26SEP28PHICHI-PHIJHURTS1,26SEP28PHICHI,Jalen Hurts,6904,QB,rushing yards,ESCALATOR,escalator,34.31,0.0087,0.01,0.99,0.99,600,500,
KXNFLESCALATORRSHYDS-26SEP28PHICHI-CHIDSWIFT4,26SEP28PHICHI,D'Andre Swift,6790,RB,rushing yards,ESCALATOR,escalator,55.77,0.0518,0.01,0.99,0.99,600,500,
KXNFLESCALATORRSHYDS-26SEP27SEAWAS-SEAJPRICE8,26SEP27SEAWAS,Jadarian Price,13286,RB,rushing yards,ESCALATOR,escalator,57.39,0.0484,0.01,0.06,0.99,2001,2001,
KXNFLESCALATORRSHYDS-26SEP27LARDEN-LARKWILLIAMS23,26SEP27LARDEN,Kyren Williams,8150,RB,rushing yards,ESCALATOR,escalator,62.90,0.0590,0.05,0.05,0.95,28521,43490,
KXNFLESCALATORRSHYDS-26SEP27LARDEN-DENJDOBBINS27,26SEP27LARDEN,J.K. Dobbins,6806,RB,rushing yards,ESCALATOR,escalator,64.88,0.0620,0.05,0.05,0.95,30221,26187,
KXNFLESCALATORRSHYDS-26SEP27LARDEN-DENBNIX10,26SEP27LARDEN,Bo Nix,11563,QB,rushing yards,ESCALATOR,escalator,20.49,0.0034,0.01,0.01,0.99,28020,79238,
KXNFLESCALATORRSHYDS-26SEP27BALDAL-DALJWILLIAMS33,26SEP27BALDAL,Javonte Williams,7588,RB,rushing yards,ESCALATOR,escalator,59.12,0.0503,0.07,0.07,0.93,31590,23196,
KXNFLESCALATORRSHYDS-26SEP27BALDAL-DALDPRESCOTT4,26SEP27BALDAL,Dak Prescott,3294,QB,rushing yards,ESCALATOR,escalator,10.86,0.0012,0.01,0.01,0.99,30500,58027,
KXNFLESCALATORRSHYDS-26SEP27BALDAL-BALLJACKSON8,26SEP27BALDAL,Lamar Jackson,4881,QB,rushing yards,ESCALATOR,escalator,52.46,0.0214,0.03,0.03,0.97,12777,24094,
KXNFLESCALATORRSHYDS-26SEP27BALDAL-BALDHENRY22,26SEP27BALDAL,Derrick Henry,3198,RB,rushing yards,ESCALATOR,escalator,98.28,0.1219,0.17,0.17,0.83,12562,140,
KXNFLESCALATORRSHYDS-26SEP27LVNO-NOTETIENNE3,26SEP27LVNO,Travis Etienne Jr.,7543,RB,rushing yards,ESCALATOR,escalator,49.33,0.0346,0.03,0.03,0.97,30521,45555,
KXNFLESCALATORRSHYDS-26SEP27LVNO-LVAJEANTY2,26SEP27LVNO,Ashton Jeanty,12527,RB,rushing yards,ESCALATOR,escalator,55.99,0.0505,0.08,0.08,0.92,31612,42828,
KXNFLESCALATORRSHYDS-26SEP27MINTB-TBBIRVING7,26SEP27MINTB,Bucky Irving,11584,RB,rushing yards,ESCALATOR,escalator,56.54,0.0497,0.07,0.07,0.93,31611,23133,
KXNFLESCALATORRSHYDS-26SEP27MINTB-MINKMURRAY1,26SEP27MINTB,Kyler Murray,5849,QB,rushing yards,ESCALATOR,escalator,29.03,0.0056,0.01,0.01,0.99,30520,85823,
KXNFLESCALATORRSHYDS-26SEP27MINTB-MINAJONES33,26SEP27MINTB,Aaron Jones Sr.,4199,RB,rushing yards,ESCALATOR,escalator,60.40,0.0566,0.05,0.05,0.95,31021,27917,
KXNFLESCALATORRSHYDS-26SEP27ARISF-SFCMCCAFFREY23,26SEP27ARISF,Christian McCaffrey,4034,RB,rushing yards,ESCALATOR,escalator,79.79,0.0932,0.05,0.05,0.95,31156,47559,
KXNFLESCALATORRSHYDS-26SEP27ARISF-ARIJLOVE4,26SEP27ARISF,Jeremiyah Love,13287,RB,rushing yards,ESCALATOR,escalator,48.21,0.0336,0.03,0.03,0.97,30521,42498,
KXNFLESCALATORRSHYDS-26SEP27SEAWAS-WASJCROSKEYMERRITT22,26SEP27SEAWAS,Jacory Croskey-Merritt,12533,RB,rushing yards,ESCALATOR,escalator,47.81,0.0327,0.03,0.03,0.97,19416,31270,
KXNFLESCALATORRSHYDS-26SEP27TENNYG-TENTPOLLARD20,26SEP27TENNYG,Tony Pollard,5967,RB,rushing yards,ESCALATOR,escalator,75.19,0.0785,0.05,0.05,0.95,13442,45985,
KXNFLESCALATORRSHYDS-26SEP27TENNYG-TENCWARD1,26SEP27TENNYG,Cam Ward,12522,QB,rushing yards,ESCALATOR,escalator,15.44,0.0018,0.01,0.01,0.99,30520,82118,
KXNFLESCALATORRSHYDS-26SEP27TENNYG-NYGCSKATTEBO44,26SEP27TENNYG,Cam Skattebo,12481,RB,rushing yards,ESCALATOR,escalator,72.40,0.0667,0.05,0.05,0.95,31021,45866,
KXNFLESCALATORRSHYDS-26SEP27HOUIND-INDJTAYLOR28,26SEP27HOUIND,Jonathan Taylor,6813,RB,rushing yards,ESCALATOR,escalator,86.85,0.1130,0.12,0.12,0.88,13567,40057,
KXNFLESCALATORRSHYDS-26SEP27HOUIND-HOUDMONTGOMERY32,26SEP27HOUIND,David Montgomery,5892,RB,rushing yards,ESCALATOR,escalator,52.91,0.0474,0.04,0.04,0.96,32021,55973,
KXNFLESCALATORRSHYDS-26SEP27HOUIND-HOUCSTROUD7,26SEP27HOUIND,C.J. Stroud,9758,QB,rushing yards,ESCALATOR,escalator,11.53,0.0010,0.01,0.01,0.99,31520,85823,
KXNFLESCALATORRSHYDS-26SEP27CARCLE-CLEQJUDKINS10,26SEP27CARCLE,Quinshon Judkins,12512,RB,rushing yards,ESCALATOR,escalator,59.10,0.0503,0.07,0.07,0.93,15000,33625,
KXNFLESCALATORRSHYDS-26SEP27CARCLE-CLEDWATSON4,26SEP27CARCLE,Deshaun Watson,4017,QB,rushing yards,ESCALATOR,escalator,14.36,0.0016,0.01,0.01,0.99,29500,77930,
KXNFLESCALATORRSHYDS-26SEP27CARCLE-CARCHUBBARD30,26SEP27CARCLE,Chuba Hubbard,7594,RB,rushing yards,ESCALATOR,escalator,70.51,0.0622,0.09,0.09,0.91,32035,40035,
KXNFLESCALATORRSHYDS-26SEP27CARCLE-CARBYOUNG9,26SEP27CARCLE,Bryce Young,9228,QB,rushing yards,ESCALATOR,escalator,22.49,0.0039,0.01,0.01,0.99,30500,53315,
KXNFLESCALATORRSHYDS-26SEP27CINPIT-CINCBROWN30,26SEP27CINPIT,Chase Brown,9224,RB,rushing yards,ESCALATOR,escalator,62.95,0.0586,0.07,0.07,0.93,31521,43394,
KXNFLESCALATORRSHYDS-26SEP27NYJDET-NYJBHALL20,26SEP27NYJDET,Breece Hall,8155,RB,rushing yards,ESCALATOR,escalator,63.93,0.0617,0.06,0.06,0.94,17595,19428,
KXNFLESCALATORRSHYDS-26SEP27NYJDET-DETJGIBBS0,26SEP27NYJDET,Jahmyr Gibbs,9221,RB,rushing yards,ESCALATOR,escalator,98.52,0.1219,0.15,0.15,0.85,16080,11727,
KXNFLESCALATORRSHYDS-26SEP27NEJAC-NETHENDERSON32,26SEP27NEJAC,TreVeyon Henderson,12529,RB,rushing yards,ESCALATOR,escalator,54.54,0.0464,0.04,0.04,0.96,52021,101764,
KXNFLESCALATORRSHYDS-26SEP27NEJAC-NERSTEVENSON38,26SEP27NEJAC,Rhamondre Stevenson,7611,RB,rushing yards,ESCALATOR,escalator,37.12,0.0229,0.03,0.03,0.97,51521,55237,
KXNFLESCALATORRSHYDS-26SEP27NEJAC-NEDMAYE10,26SEP27NEJAC,Drake Maye,11564,QB,rushing yards,ESCALATOR,escalator,29.98,0.0061,0.04,0.04,0.96,49521,50421,
KXNFLESCALATORRSHYDS-26SEP27NEJAC-JACTLAWRENCE16,26SEP27NEJAC,Trevor Lawrence,7523,QB,rushing yards,ESCALATOR,escalator,18.82,0.0032,0.01,0.01,0.99,51520,99631,
KXNFLESCALATORRSHYDS-26SEP27NEJAC-JACBTUTEN33,26SEP27NEJAC,Bhayshul Tuten,12490,RB,rushing yards,ESCALATOR,escalator,50.07,0.0367,0.05,0.05,0.95,52021,46350,
KXNFLESCALATORRSHYDS-26SEP27KCMIA-MIAMWILLIS2,26SEP27KCMIA,Malik Willis,8161,QB,rushing yards,ESCALATOR,escalator,24.54,0.0042,0.02,0.02,0.98,31520,65673,
KXNFLESCALATORRSHYDS-26SEP27KCMIA-MIADACHANE28,26SEP27KCMIA,De'Von Achane,9226,RB,rushing yards,ESCALATOR,escalator,67.67,0.0568,0.07,0.07,0.93,31611,28512,
KXNFLESCALATORRSHYDS-26SEP27KCMIA-KCPMAHOMES15,26SEP27KCMIA,Patrick Mahomes,4046,QB,rushing yards,ESCALATOR,escalator,22.83,0.0040,0.01,0.01,0.99,30520,79376,
KXNFLESCALATORRSHYDS-26SEP27KCMIA-KCKWALKER9,26SEP27KCMIA,Kenneth Walker III,8151,RB,rushing yards,ESCALATOR,escalator,89.52,0.1195,0.13,0.14,0.87,2613,4988,
KXNFLESCALATORRSHYDS-26SEP27LACBUF-LACOHAMPTON8,26SEP27LACBUF,Omarion Hampton,12507,RB,rushing yards,ESCALATOR,escalator,65.53,0.0598,0.07,0.07,0.93,31521,28541,
KXNFLESCALATORRSHYDS-26SEP27LACBUF-LACJHERBERT10,26SEP27LACBUF,Justin Herbert,6797,QB,rushing yards,ESCALATOR,escalator,21.00,0.0034,0.01,0.01,0.99,30520,83376,
KXNFLESCALATORRSHYDS-26SEP27LACBUF-BUFJCOOK4,26SEP27LACBUF,James Cook III,8138,RB,rushing yards,ESCALATOR,escalator,75.70,0.0814,0.12,0.12,0.88,32613,32760,
KXNFLESCALATORRSHYDS-26SEP27LACBUF-BUFJALLEN17,26SEP27LACBUF,Josh Allen,4984,QB,rushing yards,ESCALATOR,escalator,35.57,0.0092,0.02,0.02,0.98,14478,39084,
KXNFLLADDERREC-26SEP28PHICHI-PHISBARKLEY26,26SEP28PHICHI,Saquon Barkley,4866,RB,receptions,LADDER,ladder,2.33,0.1126,0.00,0.99,1.00,119,0,
KXNFLLADDERREC-26SEP28PHICHI-PHIDWICKS13,26SEP28PHICHI,Dontayvion Wicks,9486,WR,receptions,LADDER,ladder,3.22,0.1577,0.00,0.99,1.00,119,0,
KXNFLLADDERREC-26SEP28PHICHI-CHIRODUNZE15,26SEP28PHICHI,Rome Odunze,11620,WR,receptions,LADDER,ladder,2.73,0.1264,0.00,0.99,1.00,119,0,
KXNFLLADDERREC-26SEP28PHICHI-CHILBURDEN10,26SEP28PHICHI,Luther Burden III,12519,WR,receptions,LADDER,ladder,3.51,0.1654,0.00,0.99,1.00,119,0,
KXNFLLADDERREC-26SEP28PHICHI-CHIDSWIFT4,26SEP28PHICHI,D'Andre Swift,6790,RB,receptions,LADDER,ladder,1.91,0.0997,0.00,0.99,1.00,119,0,
KXNFLLADDERREC-26SEP28PHICHI-CHICLOVELAND84,26SEP28PHICHI,Colston Loveland,12517,TE,receptions,LADDER,ladder,3.26,0.1517,0.00,0.99,1.00,119,0,
KXNFLLADDERREC-26SEP27SEAWAS-SEAJPRICE8,26SEP27SEAWAS,Jadarian Price,13286,RB,receptions,LADDER,ladder,1.08,0.0590,0.08,0.13,0.92,4000,4000,
KXNFLLADDERREC-26SEP27LARDEN-LARKWILLIAMS23,26SEP27LARDEN,Kyren Williams,8150,RB,receptions,LADDER,ladder,2.13,0.1018,0.10,0.11,0.90,34590,92990,
KXNFLLADDERREC-26SEP27LARDEN-LARDADAMS17,26SEP27LARDEN,Davante Adams,2133,WR,receptions,LADDER,ladder,4.95,0.2328,0.26,0.27,0.74,33637,97067,
KXNFLLADDERREC-26SEP27LARDEN-DENJWADDLE17,26SEP27LARDEN,Jaylen Waddle,7526,WR,receptions,LADDER,ladder,4.61,0.2324,0.23,0.24,0.77,35026,92052,
KXNFLLADDERREC-26SEP27LARDEN-DENJDOBBINS27,26SEP27LARDEN,J.K. Dobbins,6806,RB,receptions,LADDER,ladder,1.68,0.0912,0.03,0.04,0.97,24906,84089,
KXNFLLADDERREC-26SEP27LARDEN-DENCSUTTON14,26SEP27LARDEN,Courtland Sutton,5045,WR,receptions,LADDER,ladder,3.38,0.1617,0.16,0.17,0.84,33571,97428,
KXNFLLADDERREC-26SEP27BALDAL-DALJWILLIAMS33,26SEP27BALDAL,Javonte Williams,7588,RB,receptions,LADDER,ladder,2.72,0.1292,0.13,0.14,0.87,34500,97154,
KXNFLLADDERREC-26SEP27BALDAL-DALJFERGUSON87,26SEP27BALDAL,Jake Ferguson,8110,TE,receptions,LADDER,ladder,3.85,0.1871,0.18,0.19,0.82,53000,94833,
KXNFLLADDERREC-26SEP27BALDAL-DALGPICKENS3,26SEP27BALDAL,George Pickens,8137,WR,receptions,LADDER,ladder,5.05,0.2388,0.25,0.26,0.75,34590,93690,
KXNFLLADDERREC-26SEP27BALDAL-DALCLAMB88,26SEP27BALDAL,CeeDee Lamb,6786,WR,receptions,LADDER,ladder,6.05,0.2903,0.32,0.33,0.68,49480,72584,
KXNFLLADDERREC-26SEP27BALDAL-BALMANDREWS89,26SEP27BALDAL,Mark Andrews,5012,TE,receptions,LADDER,ladder,4.47,0.2097,0.21,0.22,0.79,58500,86714,
KXNFLLADDERREC-26SEP27BALDAL-BALDHENRY22,26SEP27BALDAL,Derrick Henry,3198,RB,receptions,LADDER,ladder,1.49,0.0761,0.07,0.08,0.93,39500,59999,
KXNFLLADDERREC-26SEP27LVNO-NOTETIENNE3,26SEP27LVNO,Travis Etienne Jr.,7543,RB,receptions,LADDER,ladder,2.17,0.1006,0.09,0.10,0.91,56000,53112,
KXNFLLADDERREC-26SEP27LVNO-NODVELE14,26SEP27LVNO,Devaughn Vele,11834,WR,receptions,LADDER,ladder,3.83,0.1845,0.19,0.20,0.81,33500,95789,
KXNFLLADDERREC-26SEP27LVNO-NOCOLAVE12,26SEP27LVNO,Chris Olave,8144,WR,receptions,LADDER,ladder,5.72,0.2729,0.29,0.30,0.71,34819,88607,
KXNFLLADDERREC-26SEP27LVNO-LVTTUCKER1,26SEP27LVNO,Tre Tucker,10213,WR,receptions,LADDER,ladder,2.95,0.1412,0.16,0.17,0.84,34691,97028,
KXNFLLADDERREC-26SEP27LVNO-LVAJEANTY2,26SEP27LVNO,Ashton Jeanty,12527,RB,receptions,LADDER,ladder,3.81,0.1774,0.19,0.20,0.81,53090,93879,
KXNFLLADDERREC-26SEP27MINTB-TBEEGBUKA2,26SEP27MINTB,Emeka Egbuka,12514,WR,receptions,LADDER,ladder,3.23,0.1593,0.19,0.20,0.81,35090,93879,
KXNFLLADDERREC-26SEP27MINTB-TBBIRVING7,26SEP27MINTB,Bucky Irving,11584,RB,receptions,LADDER,ladder,3.30,0.1466,0.14,0.15,0.86,57000,90071,
KXNFLLADDERREC-26SEP27MINTB-MINJJEFFERSON18,26SEP27MINTB,Justin Jefferson,6794,WR,receptions,LADDER,ladder,5.76,0.2768,0.29,0.30,0.71,55500,93517,
KXNFLLADDERREC-26SEP27MINTB-MINAJONES33,26SEP27MINTB,Aaron Jones Sr.,4199,RB,receptions,LADDER,ladder,2.21,0.1052,0.10,0.11,0.90,51000,104500,
KXNFLLADDERREC-26SEP27ARISF-SFGKITTLE85,26SEP27ARISF,George Kittle,4217,TE,receptions,LADDER,ladder,4.28,0.2032,0.20,0.21,0.80,53090,94840,
KXNFLLADDERREC-26SEP27ARISF-SFDSAMUEL19,26SEP27ARISF,Deebo Samuel Sr.,5872,WR,receptions,LADDER,ladder,3.76,0.1783,0.19,0.20,0.81,53090,93879,
KXNFLLADDERREC-26SEP27ARISF-SFCMCCAFFREY23,26SEP27ARISF,Christian McCaffrey,4034,RB,receptions,LADDER,ladder,4.34,0.2008,0.22,0.23,0.78,53590,91772,
KXNFLLADDERREC-26SEP27ARISF-ARITMCBRIDE85,26SEP27ARISF,Trey McBride,8130,TE,receptions,LADDER,ladder,7.11,0.2631,0.35,0.36,0.65,57590,81019,
KXNFLLADDERREC-26SEP27ARISF-ARIMWILSON14,26SEP27ARISF,Michael Wilson,10232,WR,receptions,LADDER,ladder,3.93,0.1838,0.18,0.19,0.82,34590,95073,
KXNFLLADDERREC-26SEP27ARISF-ARIMHARRISON18,26SEP27ARISF,Marvin Harrison Jr.,11628,WR,receptions,LADDER,ladder,2.47,0.1167,0.11,0.12,0.89,34500,99364,
KXNFLLADDERREC-26SEP27ARISF-ARIJLOVE4,26SEP27ARISF,Jeremiyah Love,13287,RB,receptions,LADDER,ladder,3.72,0.1731,0.16,0.17,0.84,56500,41438,
KXNFLLADDERREC-26SEP27SEAWAS-WASTMCLAURIN17,26SEP27SEAWAS,Terry McLaurin,5927,WR,receptions,LADDER,ladder,3.65,0.1710,0.17,0.18,0.83,31000,71882,
KXNFLLADDERREC-26SEP27SEAWAS-WASSDIGGS3,26SEP27SEAWAS,Stefon Diggs,2449,WR,receptions,LADDER,ladder,3.71,0.1763,0.19,0.20,0.81,31590,71879,
KXNFLLADDERREC-26SEP27SEAWAS-WASJCROSKEYMERRITT22,26SEP27SEAWAS,Jacory Croskey-Merritt,12533,RB,receptions,LADDER,ladder,1.24,0.0675,0.06,0.07,0.94,19592,46665,
KXNFLLADDERREC-26SEP27SEAWAS-SEAJSMITHNJIGBA11,26SEP27SEAWAS,Jaxon Smith-Njigba,9488,WR,receptions,LADDER,ladder,6.72,0.3147,0.32,0.33,0.68,17596,27584,
KXNFLLADDERREC-26SEP27TENNYG-TENWROBINSON4,26SEP27TENNYG,Wan'Dale Robinson,8126,WR,receptions,LADDER,ladder,3.32,0.1614,0.17,0.18,0.83,51000,98882,
KXNFLLADDERREC-26SEP27TENNYG-TENTPOLLARD20,26SEP27TENNYG,Tony Pollard,5967,RB,receptions,LADDER,ladder,1.41,0.0756,0.08,0.09,0.92,39500,64375,
KXNFLLADDERREC-26SEP27TENNYG-NYGMNABERS1,26SEP27TENNYG,Malik Nabers,11632,WR,receptions,LADDER,ladder,4.17,0.1934,0.23,0.24,0.77,59000,88652,
KXNFLLADDERREC-26SEP27TENNYG-NYGILIKELY9,26SEP27TENNYG,Isaiah Likely,8131,TE,receptions,LADDER,ladder,3.34,0.1584,0.18,0.19,0.82,33583,98923,
KXNFLLADDERREC-26SEP27TENNYG-NYGCSKATTEBO44,26SEP27TENNYG,Cam Skattebo,12481,RB,receptions,LADDER,ladder,1.63,0.0883,0.09,0.10,0.91,33534,99757,
KXNFLLADDERREC-26SEP27HOUIND-INDTWARREN84,26SEP27HOUIND,Tyler Warren,12518,TE,receptions,LADDER,ladder,4.39,0.2036,0.23,0.24,0.77,54000,93652,
KXNFLLADDERREC-26SEP27HOUIND-INDJTAYLOR28,26SEP27HOUIND,Jonathan Taylor,6813,RB,receptions,LADDER,ladder,2.85,0.1353,0.15,0.16,0.85,52090,95090,
KXNFLLADDERREC-26SEP27HOUIND-INDJDOWNS2,26SEP27HOUIND,Josh Downs,9500,WR,receptions,LADDER,ladder,4.36,0.2076,0.23,0.24,0.77,54090,93742,
KXNFLLADDERREC-26SEP27HOUIND-HOUDSCHULTZ86,26SEP27HOUIND,Dalton Schultz,5001,TE,receptions,LADDER,ladder,5.03,0.2393,0.26,0.27,0.74,51516,70102,
KXNFLLADDERREC-26SEP27HOUIND-HOUDMONTGOMERY32,26SEP27HOUIND,David Montgomery,5892,RB,receptions,LADDER,ladder,1.97,0.1032,0.08,0.09,0.92,39500,52375,
KXNFLLADDERREC-26SEP27CARCLE-CLEQJUDKINS10,26SEP27CARCLE,Quinshon Judkins,12512,RB,receptions,LADDER,ladder,1.99,0.1019,0.11,0.12,0.89,24983,87954,
KXNFLLADDERREC-26SEP27CARCLE-CLEHFANNIN44,26SEP27CARCLE,Harold Fannin Jr.,12506,TE,receptions,LADDER,ladder,3.68,0.1819,0.18,0.19,0.82,34849,94833,
KXNFLLADDERREC-26SEP27CARCLE-CLEDBOSTON12,26SEP27CARCLE,Denzel Boston,13346,WR,receptions,LADDER,ladder,3.20,0.1543,0.17,0.18,0.83,52590,94972,
KXNFLLADDERREC-26SEP27CARCLE-CARTMCMILLAN4,26SEP27CARCLE,Tetairoa McMillan,12526,WR,receptions,LADDER,ladder,4.55,0.2262,0.23,0.24,0.77,34988,93742,
KXNFLLADDERREC-26SEP27CARCLE-CARCHUBBARD30,26SEP27CARCLE,Chuba Hubbard,7594,RB,receptions,LADDER,ladder,2.57,0.1272,0.12,0.13,0.88,33459,100050,
KXNFLLADDERREC-26SEP27CINPIT-PITDMETCALF4,26SEP27CINPIT,DK Metcalf,5846,WR,receptions,LADDER,ladder,3.55,0.1688,0.18,0.19,0.82,4491,11098,
KXNFLLADDERREC-26SEP27CINPIT-CINTHIGGINS5,26SEP27CINPIT,Tee Higgins,6801,WR,receptions,LADDER,ladder,4.09,0.1943,0.21,0.22,0.79,12618,23349,
KXNFLLADDERREC-26SEP27CINPIT-CINJCHASE1,26SEP27CINPIT,Ja'Marr Chase,7564,WR,receptions,LADDER,ladder,5.78,0.2764,0.32,0.33,0.68,15187,23559,
KXNFLLADDERREC-26SEP27CINPIT-CINCBROWN30,26SEP27CINPIT,Chase Brown,9224,RB,receptions,LADDER,ladder,3.84,0.1797,0.18,0.19,0.82,38000,54333,
KXNFLLADDERREC-26SEP27NYJDET-NYJGWILSON5,26SEP27NYJDET,Garrett Wilson,8146,WR,receptions,LADDER,ladder,5.31,0.2548,0.28,0.29,0.72,34500,93561,
KXNFLLADDERREC-26SEP27NYJDET-NYJBHALL20,26SEP27NYJDET,Breece Hall,8155,RB,receptions,LADDER,ladder,3.49,0.1559,0.16,0.17,0.84,52500,94538,
KXNFLLADDERREC-26SEP27NYJDET-DETSLAPORTA87,26SEP27NYJDET,Sam LaPorta,10859,TE,receptions,LADDER,ladder,4.46,0.2087,0.22,0.23,0.78,53590,95772,
KXNFLLADDERREC-26SEP27NYJDET-DETJWILLIAMS1,26SEP27NYJDET,Jameson Williams,8148,WR,receptions,LADDER,ladder,3.67,0.1726,0.18,0.19,0.82,53090,115923,
KXNFLLADDERREC-26SEP27NYJDET-DETJGIBBS0,26SEP27NYJDET,Jahmyr Gibbs,9221,RB,receptions,LADDER,ladder,4.30,0.1992,0.21,0.22,0.79,53590,94804,
KXNFLLADDERREC-26SEP27NYJDET-DETASTBROWN14,26SEP27NYJDET,Amon-Ra St. Brown,7547,WR,receptions,LADDER,ladder,6.56,0.3141,0.32,0.33,0.68,34500,89969,
KXNFLLADDERREC-26SEP27NEJAC-NETHENDERSON32,26SEP27NEJAC,TreVeyon Henderson,12529,RB,receptions,LADDER,ladder,2.07,0.1017,0.09,0.10,0.91,39500,51311,
KXNFLLADDERREC-26SEP27NEJAC-NERSTEVENSON38,26SEP27NEJAC,Rhamondre Stevenson,7611,RB,receptions,LADDER,ladder,2.57,0.1272,0.12,0.13,0.88,51500,100683,
KXNFLLADDERREC-26SEP27NEJAC-NERDOUBS87,26SEP27NEJAC,Romeo Doubs,8121,WR,receptions,LADDER,ladder,3.31,0.1631,0.15,0.16,0.85,52090,96090,
KXNFLLADDERREC-26SEP27NEJAC-NEHHENRY85,26SEP27NEJAC,Hunter Henry,3214,TE,receptions,LADDER,ladder,4.26,0.2031,0.19,0.20,0.81,53090,95879,
KXNFLLADDERREC-26SEP27NEJAC-JACPWASHINGTON11,26SEP27NEJAC,Parker Washington,9487,WR,receptions,LADDER,ladder,5.03,0.2378,0.24,0.25,0.76,35123,94715,
KXNFLLADDERREC-26SEP27NEJAC-JACBTUTEN33,26SEP27NEJAC,Bhayshul Tuten,12490,RB,receptions,LADDER,ladder,1.65,0.0894,0.08,0.09,0.92,34500,56075,
KXNFLLADDERREC-26SEP27NEJAC-JACBTHOMAS7,26SEP27NEJAC,Brian Thomas Jr.,11631,WR,receptions,LADDER,ladder,3.17,0.1528,0.15,0.16,0.85,52000,95000,
KXNFLLADDERREC-26SEP27KCMIA-MIAMWASHINGTON6,26SEP27KCMIA,Malik Washington,11610,WR,receptions,LADDER,ladder,3.87,0.1825,0.18,0.19,0.82,51500,93833,
KXNFLLADDERREC-26SEP27KCMIA-MIADACHANE28,26SEP27KCMIA,De'Von Achane,9226,RB,receptions,LADDER,ladder,3.92,0.1837,0.18,0.19,0.82,51500,93833,
KXNFLLADDERREC-26SEP27KCMIA-KCTKELCE87,26SEP27KCMIA,Travis Kelce,1466,TE,receptions,LADDER,ladder,4.54,0.2166,0.22,0.23,0.78,52000,93682,
KXNFLLADDERREC-26SEP27KCMIA-KCRRICE4,26SEP27KCMIA,Rashee Rice,10229,WR,receptions,LADDER,ladder,4.16,0.1927,0.20,0.21,0.80,51590,93840,
KXNFLLADDERREC-26SEP27KCMIA-KCKWALKER9,26SEP27KCMIA,Kenneth Walker III,8151,RB,receptions,LADDER,ladder,3.49,0.1559,0.16,0.17,0.84,34684,46438,
KXNFLLADDERREC-26SEP27LACBUF-LACQJOHNSTON1,26SEP27LACBUF,Quentin Johnston,9754,WR,receptions,LADDER,ladder,2.85,0.1331,0.14,0.15,0.86,54970,99221,
KXNFLLADDERREC-26SEP27LACBUF-LACOHAMPTON8,26SEP27LACBUF,Omarion Hampton,12507,RB,receptions,LADDER,ladder,2.37,0.1162,0.10,0.11,0.90,56000,51200,
KXNFLLADDERREC-26SEP27LACBUF-LACLMCCONKEY15,26SEP27LACBUF,Ladd McConkey,11635,WR,receptions,LADDER,ladder,4.96,0.2347,0.24,0.25,0.76,54500,92625,
KXNFLLADDERREC-26SEP27LACBUF-BUFKSHAKIR10,26SEP27LACBUF,Khalil Shakir,8134,WR,receptions,LADDER,ladder,4.45,0.2211,0.21,0.22,0.79,58500,86714,
KXNFLLADDERREC-26SEP27LACBUF-BUFJCOOK4,26SEP27LACBUF,James Cook III,8138,RB,receptions,LADDER,ladder,2.19,0.1029,0.10,0.11,0.90,39500,95200,
KXNFLLADDERREC-26SEP27LACBUF-BUFDKINCAID86,26SEP27LACBUF,Dalton Kincaid,10236,TE,receptions,LADDER,ladder,4.83,0.2289,0.23,0.24,0.77,59000,88652,
KXNFLLADDERRECYDS-26SEP28PHICHI-PHISBARKLEY26,26SEP28PHICHI,Saquon Barkley,4866,RB,receiving yards,LADDER,ladder,17.94,0.0428,0.01,0.99,0.99,600,500,
KXNFLLADDERRECYDS-26SEP28PHICHI-PHIDWICKS13,26SEP28PHICHI,Dontayvion Wicks,9486,WR,receiving yards,LADDER,ladder,43.58,0.1023,0.01,0.99,0.99,600,500,
KXNFLLADDERRECYDS-26SEP28PHICHI-CHIRODUNZE15,26SEP28PHICHI,Rome Odunze,11620,WR,receiving yards,LADDER,ladder,40.82,0.0997,0.01,0.99,0.99,600,500,
KXNFLLADDERRECYDS-26SEP28PHICHI-CHILBURDEN10,26SEP28PHICHI,Luther Burden III,12519,WR,receiving yards,LADDER,ladder,47.56,0.1141,0.01,0.99,0.99,600,500,
KXNFLLADDERRECYDS-26SEP28PHICHI-CHIDSWIFT4,26SEP28PHICHI,D'Andre Swift,6790,RB,receiving yards,LADDER,ladder,12.12,0.0332,0.01,0.99,0.99,600,500,
KXNFLLADDERRECYDS-26SEP28PHICHI-CHICLOVELAND84,26SEP28PHICHI,Colston Loveland,12517,TE,receiving yards,LADDER,ladder,38.29,0.0916,0.01,0.99,0.99,600,500,
KXNFLLADDERRECYDS-26SEP27SEAWAS-SEAJPRICE8,26SEP27SEAWAS,Jadarian Price,13286,RB,receiving yards,LADDER,ladder,9.53,0.0240,0.01,0.05,0.99,4001,500,
KXNFLLADDERRECYDS-26SEP27LARDEN-LARKWILLIAMS23,26SEP27LARDEN,Kyren Williams,8150,RB,receiving yards,LADDER,ladder,12.61,0.0355,0.03,0.04,0.97,33416,156999,
KXNFLLADDERRECYDS-26SEP27LARDEN-LARDADAMS17,26SEP27LARDEN,Davante Adams,2133,WR,receiving yards,LADDER,ladder,64.11,0.1494,0.19,0.20,0.81,56400,91894,
KXNFLLADDERRECYDS-26SEP27LARDEN-DENJWADDLE17,26SEP27LARDEN,Jaylen Waddle,7526,WR,receiving yards,LADDER,ladder,63.78,0.1472,0.15,0.16,0.85,51021,86500,
KXNFLLADDERRECYDS-26SEP27LARDEN-DENJDOBBINS27,26SEP27LARDEN,J.K. Dobbins,6806,RB,receiving yards,LADDER,ladder,8.67,0.0246,0.02,0.03,0.98,36400,110499,
KXNFLLADDERRECYDS-26SEP27LARDEN-DENCSUTTON14,26SEP27LARDEN,Courtland Sutton,5045,WR,receiving yards,LADDER,ladder,48.05,0.1140,0.11,0.12,0.89,54900,96364,
KXNFLLADDERRECYDS-26SEP27BALDAL-DALJWILLIAMS33,26SEP27BALDAL,Javonte Williams,7588,RB,receiving yards,LADDER,ladder,15.86,0.0412,0.03,0.04,0.97,34500,101299,
KXNFLLADDERRECYDS-26SEP27BALDAL-DALJFERGUSON87,26SEP27BALDAL,Jake Ferguson,8110,TE,receiving yards,LADDER,ladder,35.82,0.0826,0.08,0.09,0.92,55500,89975,
KXNFLLADDERRECYDS-26SEP27BALDAL-DALGPICKENS3,26SEP27BALDAL,George Pickens,8137,WR,receiving yards,LADDER,ladder,77.90,0.1871,0.17,0.18,0.83,49212,60907,
KXNFLLADDERRECYDS-26SEP27BALDAL-DALCLAMB88,26SEP27BALDAL,CeeDee Lamb,6786,WR,receiving yards,LADDER,ladder,84.52,0.1993,0.21,0.22,0.79,58500,83714,
KXNFLLADDERRECYDS-26SEP27BALDAL-BALMANDREWS89,26SEP27BALDAL,Mark Andrews,5012,TE,receiving yards,LADDER,ladder,50.48,0.1177,0.11,0.12,0.89,56500,86864,
KXNFLLADDERRECYDS-26SEP27BALDAL-BALDHENRY22,26SEP27BALDAL,Derrick Henry,3198,RB,receiving yards,LADDER,ladder,14.85,0.0385,0.03,0.04,0.97,34500,100999,
KXNFLLADDERRECYDS-26SEP27LVNO-NOTETIENNE3,26SEP27LVNO,Travis Etienne Jr.,7543,RB,receiving yards,LADDER,ladder,14.87,0.0386,0.03,0.04,0.97,28916,86524,
KXNFLLADDERRECYDS-26SEP27LVNO-NODVELE14,26SEP27LVNO,Devaughn Vele,11834,WR,receiving yards,LADDER,ladder,42.65,0.1039,0.12,0.13,0.88,42232,81165,
KXNFLLADDERRECYDS-26SEP27LVNO-NOCOLAVE12,26SEP27LVNO,Chris Olave,8144,WR,receiving yards,LADDER,ladder,79.69,0.1882,0.19,0.20,0.81,53000,88789,
KXNFLLADDERRECYDS-26SEP27LVNO-LVTTUCKER1,26SEP27LVNO,Tre Tucker,10213,WR,receiving yards,LADDER,ladder,39.67,0.0910,0.11,0.12,0.89,42218,84179,
KXNFLLADDERRECYDS-26SEP27LVNO-LVAJEANTY2,26SEP27LVNO,Ashton Jeanty,12527,RB,receiving yards,LADDER,ladder,21.37,0.0459,0.05,0.06,0.95,23074,87689,
KXNFLLADDERRECYDS-26SEP27MINTB-TBEEGBUKA2,26SEP27MINTB,Emeka Egbuka,12514,WR,receiving yards,LADDER,ladder,46.58,0.1162,0.13,0.14,0.87,36500,41754,
KXNFLLADDERRECYDS-26SEP27MINTB-TBBIRVING7,26SEP27MINTB,Bucky Irving,11584,RB,receiving yards,LADDER,ladder,23.41,0.0492,0.05,0.06,0.95,35000,32999,
KXNFLLADDERRECYDS-26SEP27MINTB-MINJJEFFERSON18,26SEP27MINTB,Justin Jefferson,6794,WR,receiving yards,LADDER,ladder,77.94,0.1873,0.18,0.19,0.82,33000,51833,
KXNFLLADDERRECYDS-26SEP27MINTB-MINAJONES33,26SEP27MINTB,Aaron Jones Sr.,4199,RB,receiving yards,LADDER,ladder,14.82,0.0382,0.03,0.04,0.97,13416,76999,
KXNFLLADDERRECYDS-26SEP27ARISF-SFGKITTLE85,26SEP27ARISF,George Kittle,4217,TE,receiving yards,LADDER,ladder,51.01,0.1177,0.12,0.13,0.88,56500,87250,
KXNFLLADDERRECYDS-26SEP27ARISF-SFDSAMUEL19,26SEP27ARISF,Deebo Samuel Sr.,5872,WR,receiving yards,LADDER,ladder,47.93,0.1154,0.11,0.12,0.89,56500,87364,
KXNFLLADDERRECYDS-26SEP27ARISF-SFCMCCAFFREY23,26SEP27ARISF,Christian McCaffrey,4034,RB,receiving yards,LADDER,ladder,31.45,0.0693,0.10,0.11,0.90,56000,87500,
KXNFLLADDERRECYDS-26SEP27ARISF-ARITMCBRIDE85,26SEP27ARISF,Trey McBride,8130,TE,receiving yards,LADDER,ladder,66.38,0.1466,0.17,0.18,0.83,57500,86082,
KXNFLLADDERRECYDS-26SEP27ARISF-ARIMWILSON14,26SEP27ARISF,Michael Wilson,10232,WR,receiving yards,LADDER,ladder,56.23,0.1403,0.13,0.14,0.87,56500,89830,
KXNFLLADDERRECYDS-26SEP27ARISF-ARIMHARRISON18,26SEP27ARISF,Marvin Harrison Jr.,11628,WR,receiving yards,LADDER,ladder,37.85,0.0848,0.09,0.10,0.91,56000,87667,
KXNFLLADDERRECYDS-26SEP27ARISF-ARIJLOVE4,26SEP27ARISF,Jeremiyah Love,13287,RB,receiving yards,LADDER,ladder,24.68,0.0566,0.05,0.06,0.95,55000,50999,
KXNFLLADDERRECYDS-26SEP27SEAWAS-WASTMCLAURIN17,26SEP27SEAWAS,Terry McLaurin,5927,WR,receiving yards,LADDER,ladder,52.67,0.1232,0.12,0.13,0.88,26993,21050,
KXNFLLADDERRECYDS-26SEP27SEAWAS-WASSDIGGS3,26SEP27SEAWAS,Stefon Diggs,2449,WR,receiving yards,LADDER,ladder,43.97,0.1041,0.10,0.11,0.90,37000,45100,
KXNFLLADDERRECYDS-26SEP27SEAWAS-WASJCROSKEYMERRITT22,26SEP27SEAWAS,Jacory Croskey-Merritt,12533,RB,receiving yards,LADDER,ladder,8.11,0.0231,0.01,0.02,0.99,19500,65747,
KXNFLLADDERRECYDS-26SEP27SEAWAS-SEAJSMITHNJIGBA11,26SEP27SEAWAS,Jaxon Smith-Njigba,9488,WR,receiving yards,LADDER,ladder,104.19,0.2183,0.23,0.24,0.77,10866,25152,
KXNFLLADDERRECYDS-26SEP27TENNYG-TENWROBINSON4,26SEP27TENNYG,Wan'Dale Robinson,8126,WR,receiving yards,LADDER,ladder,35.59,0.0830,0.09,0.10,0.91,56000,101667,
KXNFLLADDERRECYDS-26SEP27TENNYG-TENTPOLLARD20,26SEP27TENNYG,Tony Pollard,5967,RB,receiving yards,LADDER,ladder,8.66,0.0248,0.02,0.03,0.98,38000,159999,
KXNFLLADDERRECYDS-26SEP27TENNYG-NYGMNABERS1,26SEP27TENNYG,Malik Nabers,11632,WR,receiving yards,LADDER,ladder,59.88,0.1460,0.15,0.16,0.85,57000,86600,
KXNFLLADDERRECYDS-26SEP27TENNYG-NYGILIKELY9,26SEP27TENNYG,Isaiah Likely,8131,TE,receiving yards,LADDER,ladder,38.54,0.0918,0.11,0.12,0.89,56500,87164,
KXNFLLADDERRECYDS-26SEP27TENNYG-NYGCSKATTEBO44,26SEP27TENNYG,Cam Skattebo,12481,RB,receiving yards,LADDER,ladder,15.69,0.0405,0.04,0.05,0.96,39500,132999,
KXNFLLADDERRECYDS-26SEP27HOUIND-INDTWARREN84,26SEP27HOUIND,Tyler Warren,12518,TE,receiving yards,LADDER,ladder,39.26,0.0958,0.11,0.12,0.89,33116,98364,
KXNFLLADDERRECYDS-26SEP27HOUIND-INDJTAYLOR28,26SEP27HOUIND,Jonathan Taylor,6813,RB,receiving yards,LADDER,ladder,19.97,0.0496,0.05,0.06,0.95,33515,103089,
KXNFLLADDERRECYDS-26SEP27HOUIND-INDJDOWNS2,26SEP27HOUIND,Josh Downs,9500,WR,receiving yards,LADDER,ladder,51.41,0.1198,0.13,0.14,0.87,57500,93954,
KXNFLLADDERRECYDS-26SEP27HOUIND-HOUDSCHULTZ86,26SEP27HOUIND,Dalton Schultz,5001,TE,receiving yards,LADDER,ladder,53.01,0.1234,0.14,0.15,0.86,57000,98671,
KXNFLLADDERRECYDS-26SEP27HOUIND-HOUDMONTGOMERY32,26SEP27HOUIND,David Montgomery,5892,RB,receiving yards,LADDER,ladder,15.38,0.0400,0.03,0.04,0.97,53500,158221,
KXNFLLADDERRECYDS-26SEP27CARCLE-CLEQJUDKINS10,26SEP27CARCLE,Quinshon Judkins,12512,RB,receiving yards,LADDER,ladder,11.54,0.0330,0.03,0.04,0.97,33416,101260,
KXNFLLADDERRECYDS-26SEP27CARCLE-CLEHFANNIN44,26SEP27CARCLE,Harold Fannin Jr.,12506,TE,receiving yards,LADDER,ladder,35.98,0.0811,0.10,0.11,0.90,56000,87750,
KXNFLLADDERRECYDS-26SEP27CARCLE-CLEDBOSTON12,26SEP27CARCLE,Denzel Boston,13346,WR,receiving yards,LADDER,ladder,44.59,0.1100,0.13,0.14,0.87,56500,86754,
KXNFLLADDERRECYDS-26SEP27CARCLE-CARTMCMILLAN4,26SEP27CARCLE,Tetairoa McMillan,12526,WR,receiving yards,LADDER,ladder,71.03,0.1705,0.17,0.18,0.83,57500,86382,
KXNFLLADDERRECYDS-26SEP27CARCLE-CARCHUBBARD30,26SEP27CARCLE,Chuba Hubbard,7594,RB,receiving yards,LADDER,ladder,15.54,0.0407,0.03,0.04,0.97,33416,101110,
KXNFLLADDERRECYDS-26SEP27CINPIT-PITDMETCALF4,26SEP27CINPIT,DK Metcalf,5846,WR,receiving yards,LADDER,ladder,55.57,0.1441,0.13,0.14,0.87,50499,69254,
KXNFLLADDERRECYDS-26SEP27CINPIT-CINTHIGGINS5,26SEP27CINPIT,Tee Higgins,6801,WR,receiving yards,LADDER,ladder,64.42,0.1493,0.15,0.16,0.85,47510,17600,
KXNFLLADDERRECYDS-26SEP27CINPIT-CINJCHASE1,26SEP27CINPIT,Ja'Marr Chase,7564,WR,receiving yards,LADDER,ladder,74.23,0.1755,0.19,0.20,0.81,48440,65314,
KXNFLLADDERRECYDS-26SEP27CINPIT-CINCBROWN30,26SEP27CINPIT,Chase Brown,9224,RB,receiving yards,LADDER,ladder,21.95,0.0456,0.06,0.07,0.94,30169,23556,
KXNFLLADDERRECYDS-26SEP27NYJDET-NYJGWILSON5,26SEP27NYJDET,Garrett Wilson,8146,WR,receiving yards,LADDER,ladder,65.35,0.1511,0.18,0.19,0.82,34500,92858,
KXNFLLADDERRECYDS-26SEP27NYJDET-NYJBHALL20,26SEP27NYJDET,Breece Hall,8155,RB,receiving yards,LADDER,ladder,27.47,0.0609,0.06,0.07,0.94,39500,104099,
KXNFLLADDERRECYDS-26SEP27NYJDET-DETSLAPORTA87,26SEP27NYJDET,Sam LaPorta,10859,TE,receiving yards,LADDER,ladder,49.28,0.1169,0.12,0.13,0.88,56500,94050,
KXNFLLADDERRECYDS-26SEP27NYJDET-DETJWILLIAMS1,26SEP27NYJDET,Jameson Williams,8148,WR,receiving yards,LADDER,ladder,61.45,0.1503,0.14,0.15,0.86,57000,93671,
KXNFLLADDERRECYDS-26SEP27NYJDET-DETJGIBBS0,26SEP27NYJDET,Jahmyr Gibbs,9221,RB,receiving yards,LADDER,ladder,30.24,0.0635,0.09,0.10,0.91,51000,99667,
KXNFLLADDERRECYDS-26SEP27NYJDET-DETASTBROWN14,26SEP27NYJDET,Amon-Ra St. Brown,7547,WR,receiving yards,LADDER,ladder,82.43,0.1938,0.19,0.20,0.81,53000,89789,
KXNFLLADDERRECYDS-26SEP27NEJAC-NETHENDERSON32,26SEP27NEJAC,TreVeyon Henderson,12529,RB,receiving yards,LADDER,ladder,13.19,0.0339,0.03,0.04,0.97,39500,96999,
KXNFLLADDERRECYDS-26SEP27NEJAC-NERSTEVENSON38,26SEP27NEJAC,Rhamondre Stevenson,7611,RB,receiving yards,LADDER,ladder,19.35,0.0490,0.04,0.05,0.96,39500,96999,
KXNFLLADDERRECYDS-26SEP27NEJAC-NERDOUBS87,26SEP27NEJAC,Romeo Doubs,8121,WR,receiving yards,LADDER,ladder,47.82,0.1159,0.11,0.12,0.89,51500,93364,
KXNFLLADDERRECYDS-26SEP27NEJAC-NEHHENRY85,26SEP27NEJAC,Hunter Henry,3214,TE,receiving yards,LADDER,ladder,44.03,0.1065,0.11,0.12,0.89,56500,88364,
KXNFLLADDERRECYDS-26SEP27NEJAC-JACPWASHINGTON11,26SEP27NEJAC,Parker Washington,9487,WR,receiving yards,LADDER,ladder,74.57,0.1775,0.17,0.18,0.83,43037,75997,
KXNFLLADDERRECYDS-26SEP27NEJAC-JACBTUTEN33,26SEP27NEJAC,Bhayshul Tuten,12490,RB,receiving yards,LADDER,ladder,12.16,0.0339,0.03,0.04,0.97,34500,102999,
KXNFLLADDERRECYDS-26SEP27NEJAC-JACBTHOMAS7,26SEP27NEJAC,Brian Thomas Jr.,11631,WR,receiving yards,LADDER,ladder,44.71,0.1110,0.10,0.11,0.90,57000,88500,
KXNFLLADDERRECYDS-26SEP27KCMIA-MIAMWASHINGTON6,26SEP27KCMIA,Malik Washington,11610,WR,receiving yards,LADDER,ladder,40.09,0.0939,0.10,0.11,0.90,57000,94500,
KXNFLLADDERRECYDS-26SEP27KCMIA-MIADACHANE28,26SEP27KCMIA,De'Von Achane,9226,RB,receiving yards,LADDER,ladder,26.88,0.0598,0.06,0.07,0.94,33135,111134,
KXNFLLADDERRECYDS-26SEP27KCMIA-KCTKELCE87,26SEP27KCMIA,Travis Kelce,1466,TE,receiving yards,LADDER,ladder,50.35,0.1176,0.13,0.14,0.87,40552,86744,
KXNFLLADDERRECYDS-26SEP27KCMIA-KCRRICE4,26SEP27KCMIA,Rashee Rice,10229,WR,receiving yards,LADDER,ladder,49.64,0.1182,0.13,0.14,0.87,49128,84479,
KXNFLLADDERRECYDS-26SEP27KCMIA-KCKWALKER9,26SEP27KCMIA,Kenneth Walker III,8151,RB,receiving yards,LADDER,ladder,28.59,0.0633,0.06,0.07,0.94,24011,57807,
KXNFLLADDERRECYDS-26SEP27LACBUF-LACQJOHNSTON1,26SEP27LACBUF,Quentin Johnston,9754,WR,receiving yards,LADDER,ladder,43.73,0.1027,0.09,0.10,0.91,35500,92767,
KXNFLLADDERRECYDS-26SEP27LACBUF-LACOHAMPTON8,26SEP27LACBUF,Omarion Hampton,12507,RB,receiving yards,LADDER,ladder,12.50,0.0349,0.03,0.04,0.97,39500,95999,
KXNFLLADDERRECYDS-26SEP27LACBUF-LACLMCCONKEY15,26SEP27LACBUF,Ladd McConkey,11635,WR,receiving yards,LADDER,ladder,66.81,0.1535,0.15,0.16,0.85,47441,61000,
KXNFLLADDERRECYDS-26SEP27LACBUF-BUFKSHAKIR10,26SEP27LACBUF,Khalil Shakir,8134,WR,receiving yards,LADDER,ladder,50.77,0.1187,0.12,0.13,0.88,56500,87250,
KXNFLLADDERRECYDS-26SEP27LACBUF-BUFJCOOK4,26SEP27LACBUF,James Cook III,8138,RB,receiving yards,LADDER,ladder,17.15,0.0421,0.03,0.04,0.97,34500,100999,
KXNFLLADDERRECYDS-26SEP27LACBUF-BUFDKINCAID86,26SEP27LACBUF,Dalton Kincaid,10236,TE,receiving yards,LADDER,ladder,63.82,0.1437,0.15,0.16,0.85,57000,84000,
KXNFLLADDERRSHYDS-26SEP28PHICHI-PHISBARKLEY26,26SEP28PHICHI,Saquon Barkley,4866,RB,rushing yards,LADDER,ladder,81.01,0.1910,0.01,0.99,0.99,600,500,
KXNFLLADDERRSHYDS-26SEP28PHICHI-PHIJHURTS1,26SEP28PHICHI,Jalen Hurts,6904,QB,rushing yards,LADDER,ladder,34.31,0.0778,0.01,0.99,0.99,600,500,
KXNFLLADDERRSHYDS-26SEP28PHICHI-CHIDSWIFT4,26SEP28PHICHI,D'Andre Swift,6790,RB,rushing yards,LADDER,ladder,55.77,0.1509,0.01,0.99,0.99,600,500,
KXNFLLADDERRSHYDS-26SEP27SEAWAS-SEAJPRICE8,26SEP27SEAWAS,Jadarian Price,13286,RB,rushing yards,LADDER,ladder,57.39,0.1474,0.11,0.16,0.89,4000,4000,
KXNFLLADDERRSHYDS-26SEP27LARDEN-LARKWILLIAMS23,26SEP27LARDEN,Kyren Williams,8150,RB,rushing yards,LADDER,ladder,62.90,0.1574,0.15,0.16,0.85,24201,22756,
KXNFLLADDERRSHYDS-26SEP27LARDEN-DENJDOBBINS27,26SEP27LARDEN,J.K. Dobbins,6806,RB,rushing yards,LADDER,ladder,64.88,0.1614,0.14,0.15,0.86,35400,41928,
KXNFLLADDERRSHYDS-26SEP27LARDEN-DENBNIX10,26SEP27LARDEN,Bo Nix,11563,QB,rushing yards,LADDER,ladder,20.49,0.0492,0.05,0.06,0.95,33400,49499,
KXNFLLADDERRSHYDS-26SEP27BALDAL-DALJWILLIAMS33,26SEP27BALDAL,Javonte Williams,7588,RB,rushing yards,LADDER,ladder,59.12,0.1500,0.15,0.16,0.85,57000,84000,
KXNFLLADDERRSHYDS-26SEP27BALDAL-DALDPRESCOTT4,26SEP27BALDAL,Dak Prescott,3294,QB,rushing yards,LADDER,ladder,10.86,0.0321,0.03,0.04,0.97,33416,100999,
KXNFLLADDERRSHYDS-26SEP27BALDAL-BALLJACKSON8,26SEP27BALDAL,Lamar Jackson,4881,QB,rushing yards,LADDER,ladder,52.46,0.1055,0.11,0.12,0.89,56500,89364,
KXNFLLADDERRSHYDS-26SEP27BALDAL-BALDHENRY22,26SEP27BALDAL,Derrick Henry,3198,RB,rushing yards,LADDER,ladder,98.28,0.2092,0.23,0.24,0.77,59000,83702,
KXNFLLADDERRSHYDS-26SEP27LVNO-NOTETIENNE3,26SEP27LVNO,Travis Etienne Jr.,7543,RB,rushing yards,LADDER,ladder,49.33,0.1276,0.11,0.12,0.89,36500,43364,
KXNFLLADDERRSHYDS-26SEP27LVNO-LVAJEANTY2,26SEP27LVNO,Ashton Jeanty,12527,RB,rushing yards,LADDER,ladder,55.99,0.1494,0.17,0.18,0.83,31000,53382,
KXNFLLADDERRSHYDS-26SEP27MINTB-TBBIRVING7,26SEP27MINTB,Bucky Irving,11584,RB,rushing yards,LADDER,ladder,56.54,0.1498,0.15,0.16,0.85,37000,41000,
KXNFLLADDERRSHYDS-26SEP27MINTB-MINKMURRAY1,26SEP27MINTB,Kyler Murray,5849,QB,rushing yards,LADDER,ladder,29.03,0.0653,0.06,0.07,0.94,35500,51054,
KXNFLLADDERRSHYDS-26SEP27MINTB-MINAJONES33,26SEP27MINTB,Aaron Jones Sr.,4199,RB,rushing yards,LADDER,ladder,60.40,0.1554,0.14,0.15,0.86,37000,41671,
KXNFLLADDERRSHYDS-26SEP27ARISF-SFCMCCAFFREY23,26SEP27ARISF,Christian McCaffrey,4034,RB,rushing yards,LADDER,ladder,79.79,0.1892,0.15,0.16,0.85,37000,41000,
KXNFLLADDERRSHYDS-26SEP27ARISF-ARIJLOVE4,26SEP27ARISF,Jeremiyah Love,13287,RB,rushing yards,LADDER,ladder,48.21,0.1265,0.11,0.12,0.89,36500,51800,
KXNFLLADDERRSHYDS-26SEP27SEAWAS-WASJCROSKEYMERRITT22,26SEP27SEAWAS,Jacory Croskey-Merritt,12533,RB,rushing yards,LADDER,ladder,47.81,0.1253,0.11,0.12,0.89,37500,46864,
KXNFLLADDERRSHYDS-26SEP27TENNYG-TENTPOLLARD20,26SEP27TENNYG,Tony Pollard,5967,RB,rushing yards,LADDER,ladder,75.19,0.1784,0.14,0.15,0.86,14970,54426,
KXNFLLADDERRSHYDS-26SEP27TENNYG-TENCWARD1,26SEP27TENNYG,Cam Ward,12522,QB,rushing yards,LADDER,ladder,15.44,0.0391,0.03,0.04,0.97,13416,77610,
KXNFLLADDERRSHYDS-26SEP27TENNYG-NYGCSKATTEBO44,26SEP27TENNYG,Cam Skattebo,12481,RB,rushing yards,LADDER,ladder,72.40,0.1694,0.15,0.16,0.85,37000,41822,
KXNFLLADDERRSHYDS-26SEP27HOUIND-INDJTAYLOR28,26SEP27HOUIND,Jonathan Taylor,6813,RB,rushing yards,LADDER,ladder,86.85,0.2026,0.20,0.21,0.80,33000,49250,
KXNFLLADDERRSHYDS-26SEP27HOUIND-HOUDMONTGOMERY32,26SEP27HOUIND,David Montgomery,5892,RB,rushing yards,LADDER,ladder,52.91,0.1456,0.13,0.14,0.87,37500,44454,
KXNFLLADDERRSHYDS-26SEP27HOUIND-HOUCSTROUD7,26SEP27HOUIND,C.J. Stroud,9758,QB,rushing yards,LADDER,ladder,11.53,0.0316,0.03,0.04,0.97,20500,69499,
KXNFLLADDERRSHYDS-26SEP27CARCLE-CLEQJUDKINS10,26SEP27CARCLE,Quinshon Judkins,12512,RB,rushing yards,LADDER,ladder,59.10,0.1500,0.15,0.16,0.85,52000,89050,
KXNFLLADDERRSHYDS-26SEP27CARCLE-CLEDWATSON4,26SEP27CARCLE,Deshaun Watson,4017,QB,rushing yards,LADDER,ladder,14.36,0.0357,0.07,0.08,0.93,55500,88999,
KXNFLLADDERRSHYDS-26SEP27CARCLE-CARCHUBBARD30,26SEP27CARCLE,Chuba Hubbard,7594,RB,rushing yards,LADDER,ladder,70.51,0.1661,0.18,0.19,0.82,58000,83833,
KXNFLLADDERRSHYDS-26SEP27CARCLE-CARBYOUNG9,26SEP27CARCLE,Bryce Young,9228,QB,rushing yards,LADDER,ladder,22.49,0.0521,0.05,0.06,0.95,55000,47999,
KXNFLLADDERRSHYDS-26SEP27CINPIT-CINCBROWN30,26SEP27CINPIT,Chase Brown,9224,RB,rushing yards,LADDER,ladder,62.95,0.1569,0.16,0.17,0.84,37500,43538,
KXNFLLADDERRSHYDS-26SEP27NYJDET-NYJBHALL20,26SEP27NYJDET,Breece Hall,8155,RB,rushing yards,LADDER,ladder,63.93,0.1597,0.15,0.16,0.85,32000,56000,
KXNFLLADDERRSHYDS-26SEP27NYJDET-DETJGIBBS0,26SEP27NYJDET,Jahmyr Gibbs,9221,RB,rushing yards,LADDER,ladder,98.52,0.2092,0.23,0.24,0.77,27820,12652,
KXNFLLADDERRSHYDS-26SEP27NEJAC-NETHENDERSON32,26SEP27NEJAC,TreVeyon Henderson,12529,RB,rushing yards,LADDER,ladder,54.54,0.1455,0.12,0.13,0.88,57500,88750,
KXNFLLADDERRSHYDS-26SEP27NEJAC-NERSTEVENSON38,26SEP27NEJAC,Rhamondre Stevenson,7611,RB,rushing yards,LADDER,ladder,37.12,0.0962,0.10,0.11,0.90,57000,88500,
KXNFLLADDERRSHYDS-26SEP27NEJAC-NEDMAYE10,26SEP27NEJAC,Drake Maye,11564,QB,rushing yards,LADDER,ladder,29.98,0.0676,0.07,0.08,0.93,55500,90199,
KXNFLLADDERRSHYDS-26SEP27NEJAC-JACTLAWRENCE16,26SEP27NEJAC,Trevor Lawrence,7523,QB,rushing yards,LADDER,ladder,18.82,0.0472,0.04,0.05,0.96,33379,99999,
KXNFLLADDERRSHYDS-26SEP27NEJAC-JACBTUTEN33,26SEP27NEJAC,Bhayshul Tuten,12490,RB,rushing yards,LADDER,ladder,50.07,0.1307,0.13,0.14,0.87,56500,85154,
KXNFLLADDERRSHYDS-26SEP27KCMIA-MIAMWILLIS2,26SEP27KCMIA,Malik Willis,8161,QB,rushing yards,LADDER,ladder,24.54,0.0545,0.09,0.10,0.91,37000,46167,
KXNFLLADDERRSHYDS-26SEP27KCMIA-MIADACHANE28,26SEP27KCMIA,De'Von Achane,9226,RB,rushing yards,LADDER,ladder,67.67,0.1608,0.16,0.17,0.84,38500,36938,
KXNFLLADDERRSHYDS-26SEP27KCMIA-KCPMAHOMES15,26SEP27KCMIA,Patrick Mahomes,4046,QB,rushing yards,LADDER,ladder,22.83,0.0527,0.05,0.06,0.95,36000,54499,
KXNFLLADDERRSHYDS-26SEP27KCMIA-KCKWALKER9,26SEP27KCMIA,Kenneth Walker III,8151,RB,rushing yards,LADDER,ladder,89.52,0.2075,0.21,0.22,0.79,4963,7208,
KXNFLLADDERRSHYDS-26SEP27LACBUF-LACOHAMPTON8,26SEP27LACBUF,Omarion Hampton,12507,RB,rushing yards,LADDER,ladder,65.53,0.1601,0.16,0.17,0.84,37500,47538,
KXNFLLADDERRSHYDS-26SEP27LACBUF-LACJHERBERT10,26SEP27LACBUF,Justin Herbert,6797,QB,rushing yards,LADDER,ladder,21.00,0.0493,0.05,0.06,0.95,28500,66999,
KXNFLLADDERRSHYDS-26SEP27LACBUF-BUFJCOOK4,26SEP27LACBUF,James Cook III,8138,RB,rushing yards,LADDER,ladder,75.70,0.1804,0.20,0.21,0.80,33000,46750,
KXNFLLADDERRSHYDS-26SEP27LACBUF-BUFJALLEN17,26SEP27LACBUF,Josh Allen,4984,QB,rushing yards,LADDER,ladder,35.57,0.0799,0.09,0.10,0.91,36000,43667,
KXNFLPASSATT-26SEP28PHICHI-PHIJHURTS1-33,26SEP28PHICHI,Jalen Hurts,6904,QB,pass attempts,THRESHOLD,33+,29.04,0.3319,0.21,0.33,0.79,25,25,
KXNFLPASSATT-26SEP28PHICHI-PHIJHURTS1-28,26SEP28PHICHI,Jalen Hurts,6904,QB,pass attempts,THRESHOLD,28+,29.04,0.5632,0.51,0.56,0.49,358,1,
KXNFLPASSATT-26SEP28PHICHI-PHIJHURTS1-23,26SEP28PHICHI,Jalen Hurts,6904,QB,pass attempts,THRESHOLD,23+,29.04,0.7745,0.66,0.84,0.34,187,1,
KXNFLPASSATT-26SEP27LARDEN-LARMSTAFFORD9-39,26SEP27LARDEN,Matthew Stafford,421,QB,pass attempts,THRESHOLD,39+,32.82,0.2155,0.18,0.27,0.82,25,25,
KXNFLPASSATT-26SEP27LARDEN-LARMSTAFFORD9-34,26SEP27LARDEN,Matthew Stafford,421,QB,pass attempts,THRESHOLD,34+,32.82,0.3902,0.48,0.51,0.52,937,951,
KXNFLPASSATT-26SEP27LARDEN-LARMSTAFFORD9-29,26SEP27LARDEN,Matthew Stafford,421,QB,pass attempts,THRESHOLD,29+,32.82,0.6498,0.59,0.79,0.41,190,7,
KXNFLPASSATT-26SEP27LARDEN-DENBNIX10-39,26SEP27LARDEN,Bo Nix,11563,QB,pass attempts,THRESHOLD,39+,33.38,0.2155,0.10,0.28,0.90,12,25,
KXNFLPASSATT-26SEP27LARDEN-DENBNIX10-34,26SEP27LARDEN,Bo Nix,11563,QB,pass attempts,THRESHOLD,34+,33.38,0.4168,0.49,0.51,0.51,199,558,
KXNFLPASSATT-26SEP27LARDEN-DENBNIX10-29,26SEP27LARDEN,Bo Nix,11563,QB,pass attempts,THRESHOLD,29+,33.38,0.6697,0.59,0.80,0.41,4871,25,
KXNFLPASSATT-26SEP27SEAWAS-SEASDARNOLD14-34,26SEP27SEAWAS,Sam Darnold,4943,QB,pass attempts,THRESHOLD,34+,30.62,0.3586,0.16,0.20,0.84,312,2,
KXNFLPASSATT-26SEP27SEAWAS-SEASDARNOLD14-29,26SEP27SEAWAS,Sam Darnold,4943,QB,pass attempts,THRESHOLD,29+,30.62,0.5899,0.47,0.49,0.53,403,3,
KXNFLPASSATT-26SEP27SEAWAS-SEASDARNOLD14-24,26SEP27SEAWAS,Sam Darnold,4943,QB,pass attempts,THRESHOLD,24+,30.62,0.8045,0.76,0.79,0.24,40,27,
KXNFLPASSATT-26SEP27BALDAL-DALDPRESCOTT4-42,26SEP27BALDAL,Dak Prescott,3294,QB,pass attempts,THRESHOLD,42+,36.21,0.2338,0.22,0.27,0.78,5624,25,
KXNFLPASSATT-26SEP27BALDAL-DALDPRESCOTT4-37,26SEP27BALDAL,Dak Prescott,3294,QB,pass attempts,THRESHOLD,37+,36.21,0.4401,0.50,0.51,0.50,2,1218,
KXNFLPASSATT-26SEP27BALDAL-DALDPRESCOTT4-32,26SEP27BALDAL,Dak Prescott,3294,QB,pass attempts,THRESHOLD,32+,36.21,0.6498,0.74,0.76,0.26,6,36,
KXNFLPASSATT-26SEP27BALDAL-BALLJACKSON8-34,26SEP27BALDAL,Lamar Jackson,4881,QB,pass attempts,THRESHOLD,34+,30.36,0.3403,0.17,0.23,0.83,5012,181,
KXNFLPASSATT-26SEP27BALDAL-BALLJACKSON8-29,26SEP27BALDAL,Lamar Jackson,4881,QB,pass attempts,THRESHOLD,29+,30.36,0.5649,0.47,0.51,0.53,1744,300,
KXNFLPASSATT-26SEP27BALDAL-BALLJACKSON8-24,26SEP27BALDAL,Lamar Jackson,4881,QB,pass attempts,THRESHOLD,24+,30.36,0.7928,0.75,0.80,0.25,882,73,
KXNFLPASSATT-26SEP27LVNO-NOTSHOUGH6-39,26SEP27LVNO,Tyler Shough,12545,QB,pass attempts,THRESHOLD,39+,33.38,0.2155,0.18,0.22,0.82,4701,25,
KXNFLPASSATT-26SEP27LVNO-NOTSHOUGH6-34,26SEP27LVNO,Tyler Shough,12545,QB,pass attempts,THRESHOLD,34+,33.38,0.4168,0.46,0.47,0.54,1659,1100,
KXNFLPASSATT-26SEP27LVNO-NOTSHOUGH6-29,26SEP27LVNO,Tyler Shough,12545,QB,pass attempts,THRESHOLD,29+,33.38,0.6697,0.60,0.71,0.40,2,11,
KXNFLPASSATT-26SEP27LVNO-LVKCOUSINS8-37,26SEP27LVNO,Kirk Cousins,1166,QB,pass attempts,THRESHOLD,37+,31.27,0.2654,0.23,0.27,0.77,4931,6,
KXNFLPASSATT-26SEP27LVNO-LVKCOUSINS8-32,26SEP27LVNO,Kirk Cousins,1166,QB,pass attempts,THRESHOLD,32+,31.27,0.4850,0.51,0.53,0.49,2093,494,
KXNFLPASSATT-26SEP27LVNO-LVKCOUSINS8-27,26SEP27LVNO,Kirk Cousins,1166,QB,pass attempts,THRESHOLD,27+,31.27,0.7346,0.75,0.80,0.25,1,13,
KXNFLPASSATT-26SEP27SEAWAS-WASMMARIOTA8-35,26SEP27SEAWAS,Marcus Mariota,2307,QB,pass attempts,THRESHOLD,35+,28.29,0.2504,0.23,0.24,0.77,4912,1,
KXNFLPASSATT-26SEP27SEAWAS-WASMMARIOTA8-30,26SEP27SEAWAS,Marcus Mariota,2307,QB,pass attempts,THRESHOLD,30+,28.29,0.4634,0.47,0.50,0.53,500,1035,
KXNFLPASSATT-26SEP27SEAWAS-WASMMARIOTA8-25,26SEP27SEAWAS,Marcus Mariota,2307,QB,pass attempts,THRESHOLD,25+,28.29,0.6747,0.72,0.77,0.28,3,12,
KXNFLPASSATT-26SEP27MINTB-TBBMAYFIELD6-37,26SEP27MINTB,Baker Mayfield,4892,QB,pass attempts,THRESHOLD,37+,30.41,0.2288,0.16,0.20,0.84,5234,287,
KXNFLPASSATT-26SEP27MINTB-TBBMAYFIELD6-32,26SEP27MINTB,Baker Mayfield,4892,QB,pass attempts,THRESHOLD,32+,30.41,0.4285,0.43,0.44,0.57,4700,200,
KXNFLPASSATT-26SEP27MINTB-TBBMAYFIELD6-27,26SEP27MINTB,Baker Mayfield,4892,QB,pass attempts,THRESHOLD,27+,30.41,0.6847,0.69,0.72,0.31,142,13,
KXNFLPASSATT-26SEP27MINTB-MINKMURRAY1-36,26SEP27MINTB,Kyler Murray,5849,QB,pass attempts,THRESHOLD,36+,30.41,0.2770,0.21,0.23,0.79,4737,2,
KXNFLPASSATT-26SEP27MINTB-MINKMURRAY1-31,26SEP27MINTB,Kyler Murray,5849,QB,pass attempts,THRESHOLD,31+,30.41,0.4750,0.47,0.49,0.53,900,1,
KXNFLPASSATT-26SEP27MINTB-MINKMURRAY1-26,26SEP27MINTB,Kyler Murray,5849,QB,pass attempts,THRESHOLD,26+,30.41,0.7230,0.74,0.78,0.26,63,404,
KXNFLPASSATT-26SEP27ARISF-SFBPURDY13-37,26SEP27ARISF,Brock Purdy,8183,QB,pass attempts,THRESHOLD,37+,29.92,0.2171,0.18,0.19,0.82,200,8,
KXNFLPASSATT-26SEP27ARISF-SFBPURDY13-32,26SEP27ARISF,Brock Purdy,8183,QB,pass attempts,THRESHOLD,32+,29.92,0.4068,0.46,0.47,0.54,4697,401,
KXNFLPASSATT-26SEP27ARISF-SFBPURDY13-27,26SEP27ARISF,Brock Purdy,8183,QB,pass attempts,THRESHOLD,27+,29.92,0.6547,0.64,0.74,0.36,262,2,
KXNFLPASSATT-26SEP27ARISF-ARIJBRISSETT7-38,26SEP27ARISF,Jacoby Brissett,3257,QB,pass attempts,THRESHOLD,38+,33.90,0.2920,0.22,0.26,0.78,1,25,
KXNFLPASSATT-26SEP27ARISF-ARIJBRISSETT7-33,26SEP27ARISF,Jacoby Brissett,3257,QB,pass attempts,THRESHOLD,33+,33.90,0.5283,0.51,0.54,0.49,1,101,
KXNFLPASSATT-26SEP27ARISF-ARIJBRISSETT7-28,26SEP27ARISF,Jacoby Brissett,3257,QB,pass attempts,THRESHOLD,28+,33.90,0.7379,0.78,0.79,0.22,142,1,
KXNFLPASSATT-26SEP27CINPIT-PITARODGERS8-41,26SEP27CINPIT,Aaron Rodgers,96,QB,pass attempts,THRESHOLD,41+,33.07,0.1323,0.09,0.25,0.91,200,31,
KXNFLPASSATT-26SEP27CINPIT-PITARODGERS8-36,26SEP27CINPIT,Aaron Rodgers,96,QB,pass attempts,THRESHOLD,36+,33.07,0.3003,0.48,0.49,0.52,1,2,
KXNFLPASSATT-26SEP27CINPIT-PITARODGERS8-31,26SEP27CINPIT,Aaron Rodgers,96,QB,pass attempts,THRESHOLD,31+,33.07,0.5483,0.66,0.76,0.34,7,5,
KXNFLPASSATT-26SEP27CINPIT-CINJBURROW9-41,26SEP27CINPIT,Joe Burrow,6770,QB,pass attempts,THRESHOLD,41+,33.90,0.1839,0.17,0.22,0.83,7,66,
KXNFLPASSATT-26SEP27CINPIT-CINJBURROW9-36,26SEP27CINPIT,Joe Burrow,6770,QB,pass attempts,THRESHOLD,36+,33.90,0.3802,0.47,0.48,0.53,1,511,
KXNFLPASSATT-26SEP27CINPIT-CINJBURROW9-31,26SEP27CINPIT,Joe Burrow,6770,QB,pass attempts,THRESHOLD,31+,33.90,0.5965,0.70,0.74,0.30,147,1,
KXNFLPASSATT-26SEP27CARCLE-CLEDWATSON4-35,26SEP27CARCLE,Deshaun Watson,4017,QB,pass attempts,THRESHOLD,35+,28.39,0.2504,0.21,0.22,0.79,1000,1,
KXNFLPASSATT-26SEP27CARCLE-CLEDWATSON4-30,26SEP27CARCLE,Deshaun Watson,4017,QB,pass attempts,THRESHOLD,30+,28.39,0.4651,0.47,0.49,0.53,200,900,
KXNFLPASSATT-26SEP27CARCLE-CLEDWATSON4-25,26SEP27CARCLE,Deshaun Watson,4017,QB,pass attempts,THRESHOLD,25+,28.39,0.6764,0.75,0.76,0.25,191,7,
KXNFLPASSATT-26SEP27CARCLE-CARBYOUNG9-39,26SEP27CARCLE,Bryce Young,9228,QB,pass attempts,THRESHOLD,39+,31.39,0.1988,0.18,0.22,0.82,9662,1,
KXNFLPASSATT-26SEP27CARCLE-CARBYOUNG9-34,26SEP27CARCLE,Bryce Young,9228,QB,pass attempts,THRESHOLD,34+,31.39,0.4002,0.43,0.45,0.57,200,200,
KXNFLPASSATT-26SEP27CARCLE-CARBYOUNG9-29,26SEP27CARCLE,Bryce Young,9228,QB,pass attempts,THRESHOLD,29+,31.39,0.6464,0.64,0.71,0.36,1,2,
KXNFLPASSATT-26SEP27HOUIND-INDDJONES17-38,26SEP27HOUIND,Daniel Jones,5870,QB,pass attempts,THRESHOLD,38+,29.66,0.1822,0.16,0.17,0.84,4812,4,
KXNFLPASSATT-26SEP27HOUIND-INDDJONES17-33,26SEP27HOUIND,Daniel Jones,5870,QB,pass attempts,THRESHOLD,33+,29.66,0.3569,0.38,0.41,0.62,4653,2,
KXNFLPASSATT-26SEP27HOUIND-INDDJONES17-28,26SEP27HOUIND,Daniel Jones,5870,QB,pass attempts,THRESHOLD,28+,29.66,0.5782,0.67,0.70,0.33,312,2,
KXNFLPASSATT-26SEP27HOUIND-HOUCSTROUD7-38,26SEP27HOUIND,C.J. Stroud,9758,QB,pass attempts,THRESHOLD,38+,30.81,0.2271,0.23,0.26,0.77,5324,1,
KXNFLPASSATT-26SEP27HOUIND-HOUCSTROUD7-33,26SEP27HOUIND,C.J. Stroud,9758,QB,pass attempts,THRESHOLD,33+,30.81,0.4251,0.51,0.52,0.49,312,1217,
KXNFLPASSATT-26SEP27HOUIND-HOUCSTROUD7-28,26SEP27HOUIND,C.J. Stroud,9758,QB,pass attempts,THRESHOLD,28+,30.81,0.6498,0.76,0.78,0.24,136,25,
KXNFLPASSATT-26SEP27NYJDET-NYJGSMITH7-38,26SEP27NYJDET,Geno Smith,1373,QB,pass attempts,THRESHOLD,38+,32.05,0.2504,0.22,0.24,0.78,312,6,
KXNFLPASSATT-26SEP27NYJDET-NYJGSMITH7-33,26SEP27NYJDET,Geno Smith,1373,QB,pass attempts,THRESHOLD,33+,32.05,0.4684,0.49,0.51,0.51,4593,1,
KXNFLPASSATT-26SEP27NYJDET-NYJGSMITH7-28,26SEP27NYJDET,Geno Smith,1373,QB,pass attempts,THRESHOLD,28+,32.05,0.7196,0.75,0.76,0.25,166,2,
KXNFLPASSATT-26SEP27NYJDET-DETJGOFF16-39,26SEP27NYJDET,Jared Goff,3163,QB,pass attempts,THRESHOLD,39+,33.15,0.1955,0.19,0.22,0.81,9000,2,
KXNFLPASSATT-26SEP27NYJDET-DETJGOFF16-34,26SEP27NYJDET,Jared Goff,3163,QB,pass attempts,THRESHOLD,34+,33.15,0.3952,0.46,0.48,0.54,2800,1015,
KXNFLPASSATT-26SEP27NYJDET-DETJGOFF16-29,26SEP27NYJDET,Jared Goff,3163,QB,pass attempts,THRESHOLD,29+,33.15,0.6647,0.72,0.73,0.28,150,2,
KXNFLPASSATT-26SEP27LACBUF-LACJHERBERT10-37,26SEP27LACBUF,Justin Herbert,6797,QB,pass attempts,THRESHOLD,37+,33.03,0.2654,0.21,0.23,0.79,1298,2,
KXNFLPASSATT-26SEP27LACBUF-LACJHERBERT10-32,26SEP27LACBUF,Justin Herbert,6797,QB,pass attempts,THRESHOLD,32+,33.03,0.5150,0.44,0.45,0.56,1150,2706,
KXNFLPASSATT-26SEP27LACBUF-LACJHERBERT10-27,26SEP27LACBUF,Justin Herbert,6797,QB,pass attempts,THRESHOLD,27+,33.03,0.7396,0.72,0.76,0.28,40,1,
KXNFLPASSATT-26SEP27LACBUF-BUFJALLEN17-36,26SEP27LACBUF,Josh Allen,4984,QB,pass attempts,THRESHOLD,36+,32.65,0.3253,0.16,0.20,0.84,2,25,
KXNFLPASSATT-26SEP27LACBUF-BUFJALLEN17-31,26SEP27LACBUF,Josh Allen,4984,QB,pass attempts,THRESHOLD,31+,32.65,0.5666,0.45,0.46,0.55,1749,151,
KXNFLPASSATT-26SEP27LACBUF-BUFJALLEN17-26,26SEP27LACBUF,Josh Allen,4984,QB,pass attempts,THRESHOLD,26+,32.65,0.8028,0.73,0.76,0.27,115,1,
KXNFLPASSATT-26SEP27NEJAC-NEDMAYE10-36,26SEP27NEJAC,Drake Maye,11564,QB,pass attempts,THRESHOLD,36+,32.09,0.3186,0.20,0.24,0.80,312,25,
KXNFLPASSATT-26SEP27NEJAC-NEDMAYE10-31,26SEP27NEJAC,Drake Maye,11564,QB,pass attempts,THRESHOLD,31+,32.09,0.5666,0.51,0.52,0.49,4701,1400,
KXNFLPASSATT-26SEP27NEJAC-NEDMAYE10-26,26SEP27NEJAC,Drake Maye,11564,QB,pass attempts,THRESHOLD,26+,32.09,0.7945,0.75,0.78,0.25,612,13,
KXNFLPASSATT-26SEP27NEJAC-JACTLAWRENCE16-38,26SEP27NEJAC,Trevor Lawrence,7523,QB,pass attempts,THRESHOLD,38+,33.36,0.2388,0.21,0.24,0.79,312,1,
KXNFLPASSATT-26SEP27NEJAC-JACTLAWRENCE16-33,26SEP27NEJAC,Trevor Lawrence,7523,QB,pass attempts,THRESHOLD,33+,33.36,0.4884,0.47,0.49,0.53,1691,752,
KXNFLPASSATT-26SEP27NEJAC-JACTLAWRENCE16-28,26SEP27NEJAC,Trevor Lawrence,7523,QB,pass attempts,THRESHOLD,28+,33.36,0.7146,0.74,0.77,0.26,381,24,
KXNFLPASSATT-26SEP27TENNYG-TENCWARD1-37,26SEP27TENNYG,Cam Ward,12522,QB,pass attempts,THRESHOLD,37+,27.63,0.1739,0.18,0.22,0.82,2,1,
KXNFLPASSATT-26SEP27TENNYG-TENCWARD1-32,26SEP27TENNYG,Cam Ward,12522,QB,pass attempts,THRESHOLD,32+,27.63,0.3619,0.41,0.42,0.59,376,337,
KXNFLPASSATT-26SEP27TENNYG-TENCWARD1-27,26SEP27TENNYG,Cam Ward,12522,QB,pass attempts,THRESHOLD,27+,27.63,0.5799,0.67,0.70,0.33,15,2,
KXNFLPASSATT-26SEP27TENNYG-NYGJWINSTON19-36,26SEP27TENNYG,Jameis Winston,2306,QB,pass attempts,THRESHOLD,36+,24.90,0.2038,0.19,0.23,0.81,6218,3,
KXNFLPASSATT-26SEP27TENNYG-NYGJWINSTON19-31,26SEP27TENNYG,Jameis Winston,2306,QB,pass attempts,THRESHOLD,31+,24.90,0.3735,0.44,0.46,0.56,1862,2,
KXNFLPASSATT-26SEP27TENNYG-NYGJWINSTON19-26,26SEP27TENNYG,Jameis Winston,2306,QB,pass attempts,THRESHOLD,26+,24.90,0.6015,0.69,0.70,0.31,100,580,
KXNFLPASSATT-26SEP27KCMIA-MIAMWILLIS2-33,26SEP27KCMIA,Malik Willis,8161,QB,pass attempts,THRESHOLD,33+,28.26,0.3236,0.21,0.25,0.79,1,1,
KXNFLPASSATT-26SEP27KCMIA-MIAMWILLIS2-28,26SEP27KCMIA,Malik Willis,8161,QB,pass attempts,THRESHOLD,28+,28.26,0.5383,0.49,0.50,0.51,5,53,
KXNFLPASSATT-26SEP27KCMIA-MIAMWILLIS2-23,26SEP27KCMIA,Malik Willis,8161,QB,pass attempts,THRESHOLD,23+,28.26,0.7546,0.73,0.77,0.27,1,19,
KXNFLPASSATT-26SEP27KCMIA-KCPMAHOMES15-36,26SEP27KCMIA,Patrick Mahomes,4046,QB,pass attempts,THRESHOLD,36+,31.06,0.3037,0.23,0.24,0.77,420,1,
KXNFLPASSATT-26SEP27KCMIA-KCPMAHOMES15-31,26SEP27KCMIA,Patrick Mahomes,4046,QB,pass attempts,THRESHOLD,31+,31.06,0.5266,0.51,0.52,0.49,80,201,
KXNFLPASSATT-26SEP27KCMIA-KCPMAHOMES15-26,26SEP27KCMIA,Patrick Mahomes,4046,QB,pass attempts,THRESHOLD,26+,31.06,0.7596,0.78,0.81,0.22,161,325,
KXNFLPASSCOMP-26SEP28PHICHI-PHIJHURTS1-23,26SEP28PHICHI,Jalen Hurts,6904,QB,completions,THRESHOLD,23+,18.60,0.3087,0.07,0.18,0.93,4700,25,
KXNFLPASSCOMP-26SEP28PHICHI-PHIJHURTS1-18,26SEP28PHICHI,Jalen Hurts,6904,QB,completions,THRESHOLD,18+,18.60,0.6148,0.50,0.54,0.50,4937,280,
KXNFLPASSCOMP-26SEP28PHICHI-PHIJHURTS1-13,26SEP28PHICHI,Jalen Hurts,6904,QB,completions,THRESHOLD,13+,18.60,0.8677,0.81,0.92,0.19,1,25,
KXNFLPASSCOMP-26SEP27LARDEN-LARMSTAFFORD9-26,26SEP27LARDEN,Matthew Stafford,421,QB,completions,THRESHOLD,26+,20.36,0.1972,0.12,0.19,0.88,1234,16,
KXNFLPASSCOMP-26SEP27LARDEN-LARMSTAFFORD9-21,26SEP27LARDEN,Matthew Stafford,421,QB,completions,THRESHOLD,21+,20.36,0.5033,0.48,0.56,0.52,88,6,
KXNFLPASSCOMP-26SEP27LARDEN-LARMSTAFFORD9-16,26SEP27LARDEN,Matthew Stafford,421,QB,completions,THRESHOLD,16+,20.36,0.8145,0.85,0.89,0.15,237,25,
KXNFLPASSCOMP-26SEP27LARDEN-DENBNIX10-27,26SEP27LARDEN,Bo Nix,11563,QB,completions,THRESHOLD,27+,21.49,0.1656,0.03,0.14,0.97,3,1,
KXNFLPASSCOMP-26SEP27LARDEN-DENBNIX10-22,26SEP27LARDEN,Bo Nix,11563,QB,completions,THRESHOLD,22+,21.49,0.4434,0.46,0.49,0.54,200,22,
KXNFLPASSCOMP-26SEP27LARDEN-DENBNIX10-17,26SEP27LARDEN,Bo Nix,11563,QB,completions,THRESHOLD,17+,21.49,0.7879,0.67,0.85,0.33,4,23,
KXNFLPASSCOMP-26SEP27SEAWAS-SEASDARNOLD14-24,26SEP27SEAWAS,Sam Darnold,4943,QB,completions,THRESHOLD,24+,19.38,0.2471,0.15,0.17,0.85,5521,3,
KXNFLPASSCOMP-26SEP27SEAWAS-SEASDARNOLD14-19,26SEP27SEAWAS,Sam Darnold,4943,QB,completions,THRESHOLD,19+,19.38,0.5699,0.51,0.52,0.49,1000,12,
KXNFLPASSCOMP-26SEP27SEAWAS-SEASDARNOLD14-14,26SEP27SEAWAS,Sam Darnold,4943,QB,completions,THRESHOLD,14+,19.38,0.8461,0.89,0.91,0.11,221,6,
KXNFLPASSCOMP-26SEP27BALDAL-DALDPRESCOTT4-31,26SEP27BALDAL,Dak Prescott,3294,QB,completions,THRESHOLD,31+,23.15,0.0890,0.06,0.18,0.94,3,2,
KXNFLPASSCOMP-26SEP27BALDAL-DALDPRESCOTT4-26,26SEP27BALDAL,Dak Prescott,3294,QB,completions,THRESHOLD,26+,23.15,0.2953,0.47,0.49,0.53,5502,13,
KXNFLPASSCOMP-26SEP27BALDAL-DALDPRESCOTT4-21,26SEP27BALDAL,Dak Prescott,3294,QB,completions,THRESHOLD,21+,23.15,0.6431,0.82,0.85,0.18,4,6,
KXNFLPASSCOMP-26SEP27BALDAL-BALLJACKSON8-25,26SEP27BALDAL,Lamar Jackson,4881,QB,completions,THRESHOLD,25+,19.82,0.2354,0.06,0.15,0.94,4,2,
KXNFLPASSCOMP-26SEP27BALDAL-BALLJACKSON8-20,26SEP27BALDAL,Lamar Jackson,4881,QB,completions,THRESHOLD,20+,19.82,0.5300,0.46,0.47,0.54,11,300,
KXNFLPASSCOMP-26SEP27BALDAL-BALLJACKSON8-15,26SEP27BALDAL,Lamar Jackson,4881,QB,completions,THRESHOLD,15+,19.82,0.8295,0.69,0.89,0.31,6,25,
KXNFLPASSCOMP-26SEP27LVNO-NOTSHOUGH6-28,26SEP27LVNO,Tyler Shough,12545,QB,completions,THRESHOLD,28+,21.91,0.1339,0.12,0.15,0.88,9624,3,
KXNFLPASSCOMP-26SEP27LVNO-NOTSHOUGH6-23,26SEP27LVNO,Tyler Shough,12545,QB,completions,THRESHOLD,23+,21.91,0.3935,0.50,0.51,0.50,7134,138,
KXNFLPASSCOMP-26SEP27LVNO-NOTSHOUGH6-18,26SEP27LVNO,Tyler Shough,12545,QB,completions,THRESHOLD,18+,21.91,0.7280,0.82,0.83,0.18,10,300,
KXNFLPASSCOMP-26SEP27LVNO-LVKCOUSINS8-26,26SEP27LVNO,Kirk Cousins,1166,QB,completions,THRESHOLD,26+,20.13,0.1972,0.14,0.18,0.86,25,12,
KXNFLPASSCOMP-26SEP27LVNO-LVKCOUSINS8-21,26SEP27LVNO,Kirk Cousins,1166,QB,completions,THRESHOLD,21+,20.13,0.4950,0.49,0.51,0.51,992,20,
KXNFLPASSCOMP-26SEP27LVNO-LVKCOUSINS8-16,26SEP27LVNO,Kirk Cousins,1166,QB,completions,THRESHOLD,16+,20.13,0.8012,0.79,0.86,0.21,312,31,
KXNFLPASSCOMP-26SEP27SEAWAS-WASMMARIOTA8-23,26SEP27SEAWAS,Marcus Mariota,2307,QB,completions,THRESHOLD,23+,17.67,0.2737,0.05,0.15,0.95,4938,2,
KXNFLPASSCOMP-26SEP27SEAWAS-WASMMARIOTA8-18,26SEP27SEAWAS,Marcus Mariota,2307,QB,completions,THRESHOLD,18+,17.67,0.5715,0.47,0.48,0.53,1,424,
KXNFLPASSCOMP-26SEP27SEAWAS-WASMMARIOTA8-13,26SEP27SEAWAS,Marcus Mariota,2307,QB,completions,THRESHOLD,13+,17.67,0.8561,0.79,0.89,0.21,5,3,
KXNFLPASSCOMP-26SEP27MINTB-TBBMAYFIELD6-26,26SEP27MINTB,Baker Mayfield,4892,QB,completions,THRESHOLD,26+,19.53,0.1639,0.06,0.11,0.94,4812,25,
KXNFLPASSCOMP-26SEP27MINTB-TBBMAYFIELD6-21,26SEP27MINTB,Baker Mayfield,4892,QB,completions,THRESHOLD,21+,19.53,0.4484,0.43,0.44,0.57,4780,9,
KXNFLPASSCOMP-26SEP27MINTB-TBBMAYFIELD6-16,26SEP27MINTB,Baker Mayfield,4892,QB,completions,THRESHOLD,16+,19.53,0.7579,0.81,0.82,0.19,208,28,
KXNFLPASSCOMP-26SEP27MINTB-MINKMURRAY1-25,26SEP27MINTB,Kyler Murray,5849,QB,completions,THRESHOLD,25+,19.72,0.2288,0.00,0.15,1.00,5080,0,
KXNFLPASSCOMP-26SEP27MINTB-MINKMURRAY1-20,26SEP27MINTB,Kyler Murray,5849,QB,completions,THRESHOLD,20+,19.72,0.5200,0.45,0.47,0.55,408,1,
KXNFLPASSCOMP-26SEP27MINTB-MINKMURRAY1-15,26SEP27MINTB,Kyler Murray,5849,QB,completions,THRESHOLD,15+,19.72,0.8195,0.85,0.86,0.15,3,6,
KXNFLPASSCOMP-26SEP27ARISF-SFBPURDY13-26,26SEP27ARISF,Brock Purdy,8183,QB,completions,THRESHOLD,26+,19.87,0.1889,0.17,0.20,0.83,1562,2,
KXNFLPASSCOMP-26SEP27ARISF-SFBPURDY13-21,26SEP27ARISF,Brock Purdy,8183,QB,completions,THRESHOLD,21+,19.87,0.4784,0.54,0.55,0.46,3,100,
KXNFLPASSCOMP-26SEP27ARISF-SFBPURDY13-16,26SEP27ARISF,Brock Purdy,8183,QB,completions,THRESHOLD,16+,19.87,0.7845,0.86,0.91,0.14,312,1,
KXNFLPASSCOMP-26SEP27ARISF-ARIJBRISSETT7-27,26SEP27ARISF,Jacoby Brissett,3257,QB,completions,THRESHOLD,27+,21.23,0.1572,0.18,0.21,0.82,5252,2,
KXNFLPASSCOMP-26SEP27ARISF-ARIJBRISSETT7-22,26SEP27ARISF,Jacoby Brissett,3257,QB,completions,THRESHOLD,22+,21.23,0.4334,0.51,0.53,0.49,4,108,
KXNFLPASSCOMP-26SEP27ARISF-ARIJBRISSETT7-17,26SEP27ARISF,Jacoby Brissett,3257,QB,completions,THRESHOLD,17+,21.23,0.7762,0.80,0.85,0.20,2,1,
KXNFLPASSCOMP-26SEP27CINPIT-PITARODGERS8-28,26SEP27CINPIT,Aaron Rodgers,96,QB,completions,THRESHOLD,28+,21.31,0.1206,0.12,0.16,0.88,5323,6,
KXNFLPASSCOMP-26SEP27CINPIT-PITARODGERS8-23,26SEP27CINPIT,Aaron Rodgers,96,QB,completions,THRESHOLD,23+,21.31,0.3719,0.46,0.48,0.54,3319,2448,
KXNFLPASSCOMP-26SEP27CINPIT-PITARODGERS8-18,26SEP27CINPIT,Aaron Rodgers,96,QB,completions,THRESHOLD,18+,21.31,0.7097,0.78,0.82,0.22,11,8,
KXNFLPASSCOMP-26SEP27CINPIT-CINJBURROW9-29,26SEP27CINPIT,Joe Burrow,6770,QB,completions,THRESHOLD,29+,22.73,0.1290,0.14,0.17,0.86,11,4,
KXNFLPASSCOMP-26SEP27CINPIT-CINJBURROW9-24,26SEP27CINPIT,Joe Burrow,6770,QB,completions,THRESHOLD,24+,22.73,0.4135,0.51,0.52,0.49,13253,2000,
KXNFLPASSCOMP-26SEP27CINPIT-CINJBURROW9-19,26SEP27CINPIT,Joe Burrow,6770,QB,completions,THRESHOLD,19+,22.73,0.7429,0.83,0.84,0.17,187,6,
KXNFLPASSCOMP-26SEP27CARCLE-CLEDWATSON4-24,26SEP27CARCLE,Deshaun Watson,4017,QB,completions,THRESHOLD,24+,20.43,0.3037,0.13,0.15,0.87,4812,3,
KXNFLPASSCOMP-26SEP27CARCLE-CLEDWATSON4-19,26SEP27CARCLE,Deshaun Watson,4017,QB,completions,THRESHOLD,19+,20.43,0.6414,0.47,0.50,0.53,6625,200,
KXNFLPASSCOMP-26SEP27CARCLE-CLEDWATSON4-14,26SEP27CARCLE,Deshaun Watson,4017,QB,completions,THRESHOLD,14+,20.43,0.8993,0.83,0.86,0.17,329,2,
KXNFLPASSCOMP-26SEP27CARCLE-CARBYOUNG9-25,26SEP27CARCLE,Bryce Young,9228,QB,completions,THRESHOLD,25+,18.61,0.2038,0.13,0.16,0.87,4700,6,
KXNFLPASSCOMP-26SEP27CARCLE-CARBYOUNG9-20,26SEP27CARCLE,Bryce Young,9228,QB,completions,THRESHOLD,20+,18.61,0.4667,0.47,0.50,0.53,2200,200,
KXNFLPASSCOMP-26SEP27CARCLE-CARBYOUNG9-15,26SEP27CARCLE,Bryce Young,9228,QB,completions,THRESHOLD,15+,18.61,0.7962,0.85,0.86,0.15,2,6,
KXNFLPASSCOMP-26SEP27HOUIND-INDDJONES17-27,26SEP27HOUIND,Daniel Jones,5870,QB,completions,THRESHOLD,27+,19.27,0.1156,0.05,0.14,0.95,9496,25,
KXNFLPASSCOMP-26SEP27HOUIND-INDDJONES17-22,26SEP27HOUIND,Daniel Jones,5870,QB,completions,THRESHOLD,22+,19.27,0.3636,0.40,0.41,0.60,6,1,
KXNFLPASSCOMP-26SEP27HOUIND-INDDJONES17-17,26SEP27HOUIND,Daniel Jones,5870,QB,completions,THRESHOLD,17+,19.27,0.6880,0.80,0.81,0.20,157,1,
KXNFLPASSCOMP-26SEP27HOUIND-HOUCSTROUD7-26,26SEP27HOUIND,C.J. Stroud,9758,QB,completions,THRESHOLD,26+,19.74,0.1789,0.14,0.18,0.86,6960,3,
KXNFLPASSCOMP-26SEP27HOUIND-HOUCSTROUD7-21,26SEP27HOUIND,C.J. Stroud,9758,QB,completions,THRESHOLD,21+,19.74,0.4651,0.52,0.53,0.48,1637,223,
KXNFLPASSCOMP-26SEP27HOUIND-HOUCSTROUD7-16,26SEP27HOUIND,C.J. Stroud,9758,QB,completions,THRESHOLD,16+,19.74,0.7729,0.82,0.88,0.18,155,5,
KXNFLPASSCOMP-26SEP27NYJDET-NYJGSMITH7-26,26SEP27NYJDET,Geno Smith,1373,QB,completions,THRESHOLD,26+,21.60,0.2188,0.19,0.21,0.81,312,7,
KXNFLPASSCOMP-26SEP27NYJDET-NYJGSMITH7-21,26SEP27NYJDET,Geno Smith,1373,QB,completions,THRESHOLD,21+,21.60,0.5283,0.56,0.57,0.44,1,326,
KXNFLPASSCOMP-26SEP27NYJDET-NYJGSMITH7-16,26SEP27NYJDET,Geno Smith,1373,QB,completions,THRESHOLD,16+,21.60,0.8311,0.84,0.89,0.16,150,3,
KXNFLPASSCOMP-26SEP27NYJDET-DETJGOFF16-29,26SEP27NYJDET,Jared Goff,3163,QB,completions,THRESHOLD,29+,21.20,0.1040,0.14,0.17,0.86,11,3,
KXNFLPASSCOMP-26SEP27NYJDET-DETJGOFF16-24,26SEP27NYJDET,Jared Goff,3163,QB,completions,THRESHOLD,24+,21.20,0.3120,0.46,0.47,0.54,14,13,
KXNFLPASSCOMP-26SEP27NYJDET-DETJGOFF16-19,26SEP27NYJDET,Jared Goff,3163,QB,completions,THRESHOLD,19+,21.20,0.6464,0.80,0.85,0.20,200,4,
KXNFLPASSCOMP-26SEP27LACBUF-LACJHERBERT10-25,26SEP27LACBUF,Justin Herbert,6797,QB,completions,THRESHOLD,25+,21.02,0.2537,0.18,0.20,0.82,54,5,
KXNFLPASSCOMP-26SEP27LACBUF-LACJHERBERT10-20,26SEP27LACBUF,Justin Herbert,6797,QB,completions,THRESHOLD,20+,21.02,0.5832,0.51,0.53,0.49,147,998,
KXNFLPASSCOMP-26SEP27LACBUF-LACJHERBERT10-15,26SEP27LACBUF,Justin Herbert,6797,QB,completions,THRESHOLD,15+,21.02,0.8561,0.85,0.93,0.15,7134,2,
KXNFLPASSCOMP-26SEP27LACBUF-BUFJALLEN17-26,26SEP27LACBUF,Josh Allen,4984,QB,completions,THRESHOLD,26+,21.36,0.2038,0.13,0.15,0.87,1178,6,
KXNFLPASSCOMP-26SEP27LACBUF-BUFJALLEN17-21,26SEP27LACBUF,Josh Allen,4984,QB,completions,THRESHOLD,21+,21.36,0.5050,0.46,0.47,0.54,224,715,
KXNFLPASSCOMP-26SEP27LACBUF-BUFJALLEN17-16,26SEP27LACBUF,Josh Allen,4984,QB,completions,THRESHOLD,16+,21.36,0.8295,0.83,0.89,0.17,317,7,
KXNFLPASSCOMP-26SEP27NEJAC-NEDMAYE10-25,26SEP27NEJAC,Drake Maye,11564,QB,completions,THRESHOLD,25+,22.04,0.2737,0.17,0.20,0.83,5132,4,
KXNFLPASSCOMP-26SEP27NEJAC-NEDMAYE10-20,26SEP27NEJAC,Drake Maye,11564,QB,completions,THRESHOLD,20+,22.04,0.6198,0.50,0.53,0.50,812,8059,
KXNFLPASSCOMP-26SEP27NEJAC-NEDMAYE10-15,26SEP27NEJAC,Drake Maye,11564,QB,completions,THRESHOLD,15+,22.04,0.8677,0.80,0.91,0.20,25,25,
KXNFLPASSCOMP-26SEP27NEJAC-JACTLAWRENCE16-26,26SEP27NEJAC,Trevor Lawrence,7523,QB,completions,THRESHOLD,26+,20.32,0.1972,0.10,0.14,0.90,4816,25,
KXNFLPASSCOMP-26SEP27NEJAC-JACTLAWRENCE16-21,26SEP27NEJAC,Trevor Lawrence,7523,QB,completions,THRESHOLD,21+,20.32,0.5017,0.45,0.46,0.55,3158,146,
KXNFLPASSCOMP-26SEP27NEJAC-JACTLAWRENCE16-16,26SEP27NEJAC,Trevor Lawrence,7523,QB,completions,THRESHOLD,16+,20.32,0.8128,0.82,0.83,0.18,11,2,
KXNFLPASSCOMP-26SEP27KCMIA-MIAMWILLIS2-22,26SEP27KCMIA,Malik Willis,8161,QB,completions,THRESHOLD,22+,18.37,0.3403,0.11,0.15,0.89,5789,272,
KXNFLPASSCOMP-26SEP27KCMIA-MIAMWILLIS2-17,26SEP27KCMIA,Malik Willis,8161,QB,completions,THRESHOLD,17+,18.37,0.6764,0.50,0.51,0.50,1855,20,
KXNFLPASSCOMP-26SEP27KCMIA-MIAMWILLIS2-12,26SEP27KCMIA,Malik Willis,8161,QB,completions,THRESHOLD,12+,18.37,0.9043,0.83,0.88,0.17,3,25,
KXNFLPASSCOMP-26SEP27KCMIA-KCPMAHOMES15-27,26SEP27KCMIA,Patrick Mahomes,4046,QB,completions,THRESHOLD,27+,20.89,0.1639,0.07,0.14,0.93,4,25,
KXNFLPASSCOMP-26SEP27KCMIA-KCPMAHOMES15-22,26SEP27KCMIA,Patrick Mahomes,4046,QB,completions,THRESHOLD,22+,20.89,0.4534,0.47,0.49,0.53,1,602,
KXNFLPASSCOMP-26SEP27KCMIA-KCPMAHOMES15-17,26SEP27KCMIA,Patrick Mahomes,4046,QB,completions,THRESHOLD,17+,20.89,0.7912,0.81,0.86,0.19,2,4,
KXNFLPASSCOMP-26SEP27TENNYG-TENCWARD1-23,26SEP27TENNYG,Cam Ward,12522,QB,completions,THRESHOLD,23+,16.75,0.2521,0.11,0.14,0.89,5339,8,
KXNFLPASSCOMP-26SEP27TENNYG-TENCWARD1-18,26SEP27TENNYG,Cam Ward,12522,QB,completions,THRESHOLD,18+,16.75,0.5383,0.47,0.48,0.53,4700,1525,
KXNFLPASSCOMP-26SEP27TENNYG-TENCWARD1-13,26SEP27TENNYG,Cam Ward,12522,QB,completions,THRESHOLD,13+,16.75,0.8278,0.80,0.85,0.20,100,3,
KXNFLPASSCOMP-26SEP27TENNYG-NYGJWINSTON19-24,26SEP27TENNYG,Jameis Winston,2306,QB,completions,THRESHOLD,24+,13.92,0.1822,0.00,0.10,1.00,4700,0,
KXNFLPASSCOMP-26SEP27TENNYG-NYGJWINSTON19-19,26SEP27TENNYG,Jameis Winston,2306,QB,completions,THRESHOLD,19+,13.92,0.4368,0.43,0.44,0.57,7988,316,
KXNFLPASSCOMP-26SEP27TENNYG-NYGJWINSTON19-14,26SEP27TENNYG,Jameis Winston,2306,QB,completions,THRESHOLD,14+,13.92,0.7479,0.78,0.79,0.22,25,13,
KXNFLPASSINT-26SEP28PHICHI-PHIJHURTS1-3,26SEP28PHICHI,Jalen Hurts,6904,QB,interceptions,THRESHOLD,3+,0.95,0.0824,0.00,0.21,1.00,4651,0,
KXNFLPASSINT-26SEP28PHICHI-PHIJHURTS1-2,26SEP28PHICHI,Jalen Hurts,6904,QB,interceptions,THRESHOLD,2+,0.95,0.2321,0.07,0.13,0.93,4975,25,
KXNFLPASSINT-26SEP28PHICHI-PHIJHURTS1-1,26SEP28PHICHI,Jalen Hurts,6904,QB,interceptions,THRESHOLD,1+,0.95,0.5566,0.41,0.42,0.59,5025,200,
KXNFLPASSINT-26SEP27ARISF-SFBPURDY13-3,26SEP27ARISF,Brock Purdy,8183,QB,interceptions,THRESHOLD,3+,0.66,0.0291,0.00,0.22,1.00,50,0,
KXNFLPASSINT-26SEP27ARISF-SFBPURDY13-2,26SEP27ARISF,Brock Purdy,8183,QB,interceptions,THRESHOLD,2+,0.66,0.1406,0.12,0.14,0.88,25,13,
KXNFLPASSINT-26SEP27ARISF-SFBPURDY13-1,26SEP27ARISF,Brock Purdy,8183,QB,interceptions,THRESHOLD,1+,0.66,0.4700,0.43,0.45,0.57,5200,100,
KXNFLPASSINT-26SEP27ARISF-ARIJBRISSETT7-3,26SEP27ARISF,Jacoby Brissett,3257,QB,interceptions,THRESHOLD,3+,0.28,0.0324,0.00,0.06,1.00,1,0,
KXNFLPASSINT-26SEP27ARISF-ARIJBRISSETT7-2,26SEP27ARISF,Jacoby Brissett,3257,QB,interceptions,THRESHOLD,2+,0.28,0.1173,0.11,0.16,0.89,5129,33,
KXNFLPASSINT-26SEP27ARISF-ARIJBRISSETT7-1,26SEP27ARISF,Jacoby Brissett,3257,QB,interceptions,THRESHOLD,1+,0.28,0.4068,0.45,0.46,0.55,1456,1330,
KXNFLPASSINT-26SEP27LARDEN-LARMSTAFFORD9-3,26SEP27LARDEN,Matthew Stafford,421,QB,interceptions,THRESHOLD,3+,0.57,0.0324,0.00,0.22,1.00,4653,0,
KXNFLPASSINT-26SEP27LARDEN-LARMSTAFFORD9-2,26SEP27LARDEN,Matthew Stafford,421,QB,interceptions,THRESHOLD,2+,0.57,0.1290,0.16,0.18,0.84,4975,25,
KXNFLPASSINT-26SEP27LARDEN-LARMSTAFFORD9-1,26SEP27LARDEN,Matthew Stafford,421,QB,interceptions,THRESHOLD,1+,0.57,0.4201,0.48,0.49,0.52,5944,3125,
KXNFLPASSINT-26SEP27LARDEN-DENBNIX10-3,26SEP27LARDEN,Bo Nix,11563,QB,interceptions,THRESHOLD,3+,0.87,0.0591,0.00,0.24,1.00,10,0,
KXNFLPASSINT-26SEP27LARDEN-DENBNIX10-2,26SEP27LARDEN,Bo Nix,11563,QB,interceptions,THRESHOLD,2+,0.87,0.1855,0.14,0.20,0.86,6222,87,
KXNFLPASSINT-26SEP27LARDEN-DENBNIX10-1,26SEP27LARDEN,Bo Nix,11563,QB,interceptions,THRESHOLD,1+,0.87,0.5233,0.51,0.52,0.49,4610,2753,
KXNFLPASSINT-26SEP27SEAWAS-SEASDARNOLD14-3,26SEP27SEAWAS,Sam Darnold,4943,QB,interceptions,THRESHOLD,3+,0.55,0.0324,0.00,0.22,1.00,4653,0,
KXNFLPASSINT-26SEP27SEAWAS-SEASDARNOLD14-2,26SEP27SEAWAS,Sam Darnold,4943,QB,interceptions,THRESHOLD,2+,0.55,0.1240,0.13,0.15,0.87,3,3,
KXNFLPASSINT-26SEP27SEAWAS-SEASDARNOLD14-1,26SEP27SEAWAS,Sam Darnold,4943,QB,interceptions,THRESHOLD,1+,0.55,0.4118,0.44,0.45,0.56,1,753,
KXNFLPASSINT-26SEP27BALDAL-DALDPRESCOTT4-3,26SEP27BALDAL,Dak Prescott,3294,QB,interceptions,THRESHOLD,3+,0.61,0.0308,0.00,0.24,1.00,12,0,
KXNFLPASSINT-26SEP27BALDAL-DALDPRESCOTT4-2,26SEP27BALDAL,Dak Prescott,3294,QB,interceptions,THRESHOLD,2+,0.61,0.1290,0.16,0.18,0.84,2,100,
KXNFLPASSINT-26SEP27BALDAL-DALDPRESCOTT4-1,26SEP27BALDAL,Dak Prescott,3294,QB,interceptions,THRESHOLD,1+,0.61,0.4201,0.51,0.52,0.49,9714,2079,
KXNFLPASSINT-26SEP27BALDAL-BALLJACKSON8-3,26SEP27BALDAL,Lamar Jackson,4881,QB,interceptions,THRESHOLD,3+,0.46,0.0324,0.00,0.05,1.00,1,0,
KXNFLPASSINT-26SEP27BALDAL-BALLJACKSON8-2,26SEP27BALDAL,Lamar Jackson,4881,QB,interceptions,THRESHOLD,2+,0.46,0.1273,0.00,0.12,1.00,3,0,
KXNFLPASSINT-26SEP27BALDAL-BALLJACKSON8-1,26SEP27BALDAL,Lamar Jackson,4881,QB,interceptions,THRESHOLD,1+,0.46,0.4334,0.40,0.41,0.60,6688,3750,
KXNFLPASSINT-26SEP27LVNO-NOTSHOUGH6-3,26SEP27LVNO,Tyler Shough,12545,QB,interceptions,THRESHOLD,3+,0.52,0.0308,0.00,0.20,1.00,13,0,
KXNFLPASSINT-26SEP27LVNO-NOTSHOUGH6-2,26SEP27LVNO,Tyler Shough,12545,QB,interceptions,THRESHOLD,2+,0.52,0.1240,0.13,0.17,0.87,6529,2,
KXNFLPASSINT-26SEP27LVNO-NOTSHOUGH6-1,26SEP27LVNO,Tyler Shough,12545,QB,interceptions,THRESHOLD,1+,0.52,0.4201,0.47,0.48,0.53,6462,3118,
KXNFLPASSINT-26SEP27LVNO-LVKCOUSINS8-3,26SEP27LVNO,Kirk Cousins,1166,QB,interceptions,THRESHOLD,3+,0.55,0.0324,0.05,0.08,0.95,5425,28,
KXNFLPASSINT-26SEP27LVNO-LVKCOUSINS8-2,26SEP27LVNO,Kirk Cousins,1166,QB,interceptions,THRESHOLD,2+,0.55,0.1240,0.17,0.21,0.83,6391,300,
KXNFLPASSINT-26SEP27LVNO-LVKCOUSINS8-1,26SEP27LVNO,Kirk Cousins,1166,QB,interceptions,THRESHOLD,1+,0.55,0.4118,0.51,0.52,0.49,3195,614,
KXNFLPASSINT-26SEP27SEAWAS-WASMMARIOTA8-3,26SEP27SEAWAS,Marcus Mariota,2307,QB,interceptions,THRESHOLD,3+,0.98,0.0724,0.05,0.08,0.95,5125,62,
KXNFLPASSINT-26SEP27SEAWAS-WASMMARIOTA8-2,26SEP27SEAWAS,Marcus Mariota,2307,QB,interceptions,THRESHOLD,2+,0.98,0.2255,0.20,0.22,0.80,1275,1,
KXNFLPASSINT-26SEP27SEAWAS-WASMMARIOTA8-1,26SEP27SEAWAS,Marcus Mariota,2307,QB,interceptions,THRESHOLD,1+,0.98,0.5499,0.56,0.57,0.44,5517,400,
KXNFLPASSINT-26SEP27MINTB-TBBMAYFIELD6-3,26SEP27MINTB,Baker Mayfield,4892,QB,interceptions,THRESHOLD,3+,0.70,0.0458,0.00,0.23,1.00,12,0,
KXNFLPASSINT-26SEP27MINTB-TBBMAYFIELD6-2,26SEP27MINTB,Baker Mayfield,4892,QB,interceptions,THRESHOLD,2+,0.70,0.1672,0.16,0.19,0.84,6160,300,
KXNFLPASSINT-26SEP27MINTB-TBBMAYFIELD6-1,26SEP27MINTB,Baker Mayfield,4892,QB,interceptions,THRESHOLD,1+,0.70,0.5100,0.50,0.52,0.50,9119,25,
KXNFLPASSINT-26SEP27MINTB-MINKMURRAY1-3,26SEP27MINTB,Kyler Murray,5849,QB,interceptions,THRESHOLD,3+,0.40,0.0324,0.00,0.09,1.00,5392,0,
KXNFLPASSINT-26SEP27MINTB-MINKMURRAY1-2,26SEP27MINTB,Kyler Murray,5849,QB,interceptions,THRESHOLD,2+,0.40,0.1273,0.15,0.20,0.85,5125,25,
KXNFLPASSINT-26SEP27MINTB-MINKMURRAY1-1,26SEP27MINTB,Kyler Murray,5849,QB,interceptions,THRESHOLD,1+,0.40,0.4301,0.50,0.51,0.50,2122,741,
KXNFLPASSINT-26SEP27CINPIT-PITARODGERS8-3,26SEP27CINPIT,Aaron Rodgers,96,QB,interceptions,THRESHOLD,3+,0.89,0.0691,0.00,0.13,1.00,1,0,
KXNFLPASSINT-26SEP27CINPIT-PITARODGERS8-2,26SEP27CINPIT,Aaron Rodgers,96,QB,interceptions,THRESHOLD,2+,0.89,0.2005,0.15,0.17,0.85,5229,100,
KXNFLPASSINT-26SEP27CINPIT-PITARODGERS8-1,26SEP27CINPIT,Aaron Rodgers,96,QB,interceptions,THRESHOLD,1+,0.89,0.5333,0.46,0.47,0.54,4303,313,
KXNFLPASSINT-26SEP27CINPIT-CINJBURROW9-3,26SEP27CINPIT,Joe Burrow,6770,QB,interceptions,THRESHOLD,3+,0.98,0.0724,0.00,0.08,1.00,5125,0,
KXNFLPASSINT-26SEP27CINPIT-CINJBURROW9-2,26SEP27CINPIT,Joe Burrow,6770,QB,interceptions,THRESHOLD,2+,0.98,0.2255,0.18,0.21,0.82,5,308,
KXNFLPASSINT-26SEP27CINPIT-CINJBURROW9-1,26SEP27CINPIT,Joe Burrow,6770,QB,interceptions,THRESHOLD,1+,0.98,0.5499,0.50,0.51,0.50,2111,683,
KXNFLPASSINT-26SEP27CARCLE-CLEDWATSON4-3,26SEP27CARCLE,Deshaun Watson,4017,QB,interceptions,THRESHOLD,3+,1.12,0.0774,0.00,0.10,1.00,4733,0,
KXNFLPASSINT-26SEP27CARCLE-CLEDWATSON4-2,26SEP27CARCLE,Deshaun Watson,4017,QB,interceptions,THRESHOLD,2+,1.12,0.2238,0.13,0.16,0.87,2,51,
KXNFLPASSINT-26SEP27CARCLE-CLEDWATSON4-1,26SEP27CARCLE,Deshaun Watson,4017,QB,interceptions,THRESHOLD,1+,1.12,0.5433,0.49,0.50,0.51,500,225,
KXNFLPASSINT-26SEP27CARCLE-CARBYOUNG9-3,26SEP27CARCLE,Bryce Young,9228,QB,interceptions,THRESHOLD,3+,0.65,0.0374,0.00,0.12,1.00,1,0,
KXNFLPASSINT-26SEP27CARCLE-CARBYOUNG9-2,26SEP27CARCLE,Bryce Young,9228,QB,interceptions,THRESHOLD,2+,0.65,0.1522,0.14,0.16,0.86,5125,13,
KXNFLPASSINT-26SEP27CARCLE-CARBYOUNG9-1,26SEP27CARCLE,Bryce Young,9228,QB,interceptions,THRESHOLD,1+,0.65,0.4867,0.44,0.46,0.56,7676,1249,
KXNFLPASSINT-26SEP27HOUIND-INDDJONES17-3,26SEP27HOUIND,Daniel Jones,5870,QB,interceptions,THRESHOLD,3+,0.77,0.0341,0.00,0.08,1.00,5425,0,
KXNFLPASSINT-26SEP27HOUIND-INDDJONES17-2,26SEP27HOUIND,Daniel Jones,5870,QB,interceptions,THRESHOLD,2+,0.77,0.1722,0.16,0.20,0.84,5175,24,
KXNFLPASSINT-26SEP27HOUIND-INDDJONES17-1,26SEP27HOUIND,Daniel Jones,5870,QB,interceptions,THRESHOLD,1+,0.77,0.5233,0.50,0.51,0.50,5051,401,
KXNFLPASSINT-26SEP27HOUIND-HOUCSTROUD7-3,26SEP27HOUIND,C.J. Stroud,9758,QB,interceptions,THRESHOLD,3+,0.45,0.0324,0.00,0.13,1.00,1,0,
KXNFLPASSINT-26SEP27HOUIND-HOUCSTROUD7-2,26SEP27HOUIND,C.J. Stroud,9758,QB,interceptions,THRESHOLD,2+,0.45,0.1273,0.14,0.17,0.86,1,7,
KXNFLPASSINT-26SEP27HOUIND-HOUCSTROUD7-1,26SEP27HOUIND,C.J. Stroud,9758,QB,interceptions,THRESHOLD,1+,0.45,0.4334,0.47,0.48,0.53,914,2691,
KXNFLPASSINT-26SEP27NYJDET-NYJGSMITH7-3,26SEP27NYJDET,Geno Smith,1373,QB,interceptions,THRESHOLD,3+,0.63,0.0374,0.00,0.24,1.00,13,0,
KXNFLPASSINT-26SEP27NYJDET-NYJGSMITH7-2,26SEP27NYJDET,Geno Smith,1373,QB,interceptions,THRESHOLD,2+,0.63,0.1473,0.17,0.19,0.83,5125,2,
KXNFLPASSINT-26SEP27NYJDET-NYJGSMITH7-1,26SEP27NYJDET,Geno Smith,1373,QB,interceptions,THRESHOLD,1+,0.63,0.4551,0.51,0.52,0.49,4888,880,
KXNFLPASSINT-26SEP27NYJDET-DETJGOFF16-3,26SEP27NYJDET,Jared Goff,3163,QB,interceptions,THRESHOLD,3+,0.10,0.0324,0.02,0.06,0.98,1,200,
KXNFLPASSINT-26SEP27NYJDET-DETJGOFF16-2,26SEP27NYJDET,Jared Goff,3163,QB,interceptions,THRESHOLD,2+,0.10,0.1173,0.12,0.13,0.88,7373,100,
KXNFLPASSINT-26SEP27NYJDET-DETJGOFF16-1,26SEP27NYJDET,Jared Goff,3163,QB,interceptions,THRESHOLD,1+,0.10,0.4068,0.39,0.40,0.61,8349,19,
KXNFLPASSINT-26SEP27LACBUF-LACJHERBERT10-3,26SEP27LACBUF,Justin Herbert,6797,QB,interceptions,THRESHOLD,3+,0.58,0.0324,0.00,0.06,1.00,1,0,
KXNFLPASSINT-26SEP27LACBUF-LACJHERBERT10-2,26SEP27LACBUF,Justin Herbert,6797,QB,interceptions,THRESHOLD,2+,0.58,0.1240,0.16,0.18,0.84,5,38,
KXNFLPASSINT-26SEP27LACBUF-LACJHERBERT10-1,26SEP27LACBUF,Justin Herbert,6797,QB,interceptions,THRESHOLD,1+,0.58,0.4185,0.51,0.52,0.49,7200,200,
KXNFLPASSINT-26SEP27LACBUF-BUFJALLEN17-3,26SEP27LACBUF,Josh Allen,4984,QB,interceptions,THRESHOLD,3+,1.15,0.0774,0.00,0.21,1.00,50,0,
KXNFLPASSINT-26SEP27LACBUF-BUFJALLEN17-2,26SEP27LACBUF,Josh Allen,4984,QB,interceptions,THRESHOLD,2+,1.15,0.2255,0.08,0.15,0.92,5325,23,
KXNFLPASSINT-26SEP27LACBUF-BUFJALLEN17-1,26SEP27LACBUF,Josh Allen,4984,QB,interceptions,THRESHOLD,1+,1.15,0.5449,0.41,0.42,0.59,1566,4766,
KXNFLPASSINT-26SEP27NEJAC-NEDMAYE10-3,26SEP27NEJAC,Drake Maye,11564,QB,interceptions,THRESHOLD,3+,0.95,0.0824,0.00,0.24,1.00,12,0,
KXNFLPASSINT-26SEP27NEJAC-NEDMAYE10-2,26SEP27NEJAC,Drake Maye,11564,QB,interceptions,THRESHOLD,2+,0.95,0.2321,0.17,0.20,0.83,5125,2,
KXNFLPASSINT-26SEP27NEJAC-NEDMAYE10-1,26SEP27NEJAC,Drake Maye,11564,QB,interceptions,THRESHOLD,1+,0.95,0.5566,0.49,0.50,0.51,6151,1003,
KXNFLPASSINT-26SEP27NEJAC-JACTLAWRENCE16-3,26SEP27NEJAC,Trevor Lawrence,7523,QB,interceptions,THRESHOLD,3+,0.49,0.0324,0.00,0.23,1.00,12,0,
KXNFLPASSINT-26SEP27NEJAC-JACTLAWRENCE16-2,26SEP27NEJAC,Trevor Lawrence,7523,QB,interceptions,THRESHOLD,2+,0.49,0.1256,0.16,0.19,0.84,5737,1,
KXNFLPASSINT-26SEP27NEJAC-JACTLAWRENCE16-1,26SEP27NEJAC,Trevor Lawrence,7523,QB,interceptions,THRESHOLD,1+,0.49,0.4301,0.51,0.52,0.49,2896,2523,
KXNFLPASSINT-26SEP27KCMIA-MIAMWILLIS2-3,26SEP27KCMIA,Malik Willis,8161,QB,interceptions,THRESHOLD,3+,0.41,0.0324,0.00,0.07,1.00,89,0,
KXNFLPASSINT-26SEP27KCMIA-MIAMWILLIS2-2,26SEP27KCMIA,Malik Willis,8161,QB,interceptions,THRESHOLD,2+,0.41,0.1273,0.15,0.19,0.85,5760,37,
KXNFLPASSINT-26SEP27KCMIA-MIAMWILLIS2-1,26SEP27KCMIA,Malik Willis,8161,QB,interceptions,THRESHOLD,1+,0.41,0.4318,0.51,0.53,0.49,4754,797,
KXNFLPASSINT-26SEP27KCMIA-KCPMAHOMES15-3,26SEP27KCMIA,Patrick Mahomes,4046,QB,interceptions,THRESHOLD,3+,0.50,0.0324,0.00,0.05,1.00,1,0,
KXNFLPASSINT-26SEP27KCMIA-KCPMAHOMES15-2,26SEP27KCMIA,Patrick Mahomes,4046,QB,interceptions,THRESHOLD,2+,0.50,0.1273,0.11,0.14,0.89,5395,3,
KXNFLPASSINT-26SEP27KCMIA-KCPMAHOMES15-1,26SEP27KCMIA,Patrick Mahomes,4046,QB,interceptions,THRESHOLD,1+,0.50,0.4268,0.40,0.41,0.60,25,524,
KXNFLPASSINT-26SEP27TENNYG-TENCWARD1-3,26SEP27TENNYG,Cam Ward,12522,QB,interceptions,THRESHOLD,3+,0.36,0.0324,0.00,0.22,1.00,12,0,
KXNFLPASSINT-26SEP27TENNYG-TENCWARD1-2,26SEP27TENNYG,Cam Ward,12522,QB,interceptions,THRESHOLD,2+,0.36,0.1240,0.15,0.18,0.85,3,3,
KXNFLPASSINT-26SEP27TENNYG-TENCWARD1-1,26SEP27TENNYG,Cam Ward,12522,QB,interceptions,THRESHOLD,1+,0.36,0.4235,0.49,0.50,0.51,1,425,
KXNFLPASSINT-26SEP27TENNYG-NYGJWINSTON19-3,26SEP27TENNYG,Jameis Winston,2306,QB,interceptions,THRESHOLD,3+,0.44,0.0324,0.06,0.12,0.94,6975,49,
KXNFLPASSINT-26SEP27TENNYG-NYGJWINSTON19-2,26SEP27TENNYG,Jameis Winston,2306,QB,interceptions,THRESHOLD,2+,0.44,0.1273,0.26,0.28,0.74,5939,2,
KXNFLPASSINT-26SEP27TENNYG-NYGJWINSTON19-1,26SEP27TENNYG,Jameis Winston,2306,QB,interceptions,THRESHOLD,1+,0.44,0.4318,0.58,0.59,0.42,2430,401,
KXNFLPASSTDS-26SEP27SEAWAS-SEASDARNOLD14-4,26SEP27SEAWAS,Sam Darnold,4943,QB,passing TDs,THRESHOLD,4+,1.66,0.0691,0.05,0.06,0.95,691,67,
KXNFLPASSTDS-26SEP27SEAWAS-SEASDARNOLD14-3,26SEP27SEAWAS,Sam Darnold,4943,QB,passing TDs,THRESHOLD,3+,1.66,0.1755,0.17,0.18,0.83,486,1890,
KXNFLPASSTDS-26SEP27SEAWAS-SEASDARNOLD14-2,26SEP27SEAWAS,Sam Darnold,4943,QB,passing TDs,THRESHOLD,2+,1.66,0.4800,0.45,0.46,0.55,15,724,
KXNFLPASSTDS-26SEP27SEAWAS-SEASDARNOLD14-1,26SEP27SEAWAS,Sam Darnold,4943,QB,passing TDs,THRESHOLD,1+,1.66,0.7729,0.79,0.81,0.21,2021,80,
KXNFLPASSTDS-26SEP27TENNYG-NYGJWINSTON19-4,26SEP27TENNYG,Jameis Winston,2306,QB,passing TDs,THRESHOLD,4+,0.97,0.0175,0.02,0.03,0.98,4786,792,
KXNFLPASSTDS-26SEP27TENNYG-NYGJWINSTON19-3,26SEP27TENNYG,Jameis Winston,2306,QB,passing TDs,THRESHOLD,3+,0.97,0.0824,0.08,0.09,0.92,19084,10,
KXNFLPASSTDS-26SEP27TENNYG-NYGJWINSTON19-2,26SEP27TENNYG,Jameis Winston,2306,QB,passing TDs,THRESHOLD,2+,0.97,0.2804,0.28,0.29,0.72,11018,36,
KXNFLPASSTDS-26SEP27TENNYG-NYGJWINSTON19-1,26SEP27TENNYG,Jameis Winston,2306,QB,passing TDs,THRESHOLD,1+,0.97,0.6364,0.68,0.69,0.32,16277,9,
KXNFLPASSTDS-26SEP27TENNYG-TENCWARD1-4,26SEP27TENNYG,Cam Ward,12522,QB,passing TDs,THRESHOLD,4+,0.72,0.0191,0.01,0.04,0.99,19137,1500,
KXNFLPASSTDS-26SEP27TENNYG-TENCWARD1-3,26SEP27TENNYG,Cam Ward,12522,QB,passing TDs,THRESHOLD,3+,0.72,0.0840,0.05,0.06,0.95,2127,436,
KXNFLPASSTDS-26SEP27TENNYG-TENCWARD1-2,26SEP27TENNYG,Cam Ward,12522,QB,passing TDs,THRESHOLD,2+,0.72,0.2820,0.23,0.24,0.77,18734,6,
KXNFLPASSTDS-26SEP27TENNYG-TENCWARD1-1,26SEP27TENNYG,Cam Ward,12522,QB,passing TDs,THRESHOLD,1+,0.72,0.6364,0.61,0.62,0.39,4623,23,
KXNFLPASSTDS-26SEP27HOUIND-INDDJONES17-4,26SEP27HOUIND,Daniel Jones,5870,QB,passing TDs,THRESHOLD,4+,1.01,0.0158,0.01,0.05,0.99,8681,2228,
KXNFLPASSTDS-26SEP27HOUIND-INDDJONES17-3,26SEP27HOUIND,Daniel Jones,5870,QB,passing TDs,THRESHOLD,3+,1.01,0.0840,0.12,0.13,0.88,18218,2,
KXNFLPASSTDS-26SEP27HOUIND-INDDJONES17-2,26SEP27HOUIND,Daniel Jones,5870,QB,passing TDs,THRESHOLD,2+,1.01,0.2870,0.35,0.36,0.65,5852,300,
KXNFLPASSTDS-26SEP27HOUIND-INDDJONES17-1,26SEP27HOUIND,Daniel Jones,5870,QB,passing TDs,THRESHOLD,1+,1.01,0.6381,0.72,0.74,0.28,3581,17,
KXNFLPASSTDS-26SEP27HOUIND-HOUCSTROUD7-4,26SEP27HOUIND,C.J. Stroud,9758,QB,passing TDs,THRESHOLD,4+,1.15,0.0191,0.03,0.04,0.97,1950,30,
KXNFLPASSTDS-26SEP27HOUIND-HOUCSTROUD7-3,26SEP27HOUIND,C.J. Stroud,9758,QB,passing TDs,THRESHOLD,3+,1.15,0.0857,0.14,0.15,0.86,13788,10,
KXNFLPASSTDS-26SEP27HOUIND-HOUCSTROUD7-2,26SEP27HOUIND,C.J. Stroud,9758,QB,passing TDs,THRESHOLD,2+,1.15,0.3153,0.40,0.41,0.60,1,1374,
KXNFLPASSTDS-26SEP27HOUIND-HOUCSTROUD7-1,26SEP27HOUIND,C.J. Stroud,9758,QB,passing TDs,THRESHOLD,1+,1.15,0.6681,0.77,0.78,0.23,2481,11,
KXNFLPASSTDS-26SEP27SEAWAS-WASMMARIOTA8-3,26SEP27SEAWAS,Marcus Mariota,2307,QB,passing TDs,THRESHOLD,3+,0.75,0.0840,0.05,0.06,0.95,7644,22,
KXNFLPASSTDS-26SEP27SEAWAS-WASMMARIOTA8-2,26SEP27SEAWAS,Marcus Mariota,2307,QB,passing TDs,THRESHOLD,2+,0.75,0.2837,0.22,0.23,0.78,7498,138,
KXNFLPASSTDS-26SEP27SEAWAS-WASMMARIOTA8-1,26SEP27SEAWAS,Marcus Mariota,2307,QB,passing TDs,THRESHOLD,1+,0.75,0.6381,0.60,0.61,0.40,4800,115,
KXNFLPASSTDS-26SEP28PHICHI-PHIJHURTS1-4,26SEP28PHICHI,Jalen Hurts,6904,QB,passing TDs,THRESHOLD,4+,1.37,0.0308,0.03,0.06,0.97,5475,844,
KXNFLPASSTDS-26SEP28PHICHI-PHIJHURTS1-3,26SEP28PHICHI,Jalen Hurts,6904,QB,passing TDs,THRESHOLD,3+,1.37,0.1406,0.16,0.17,0.84,7560,7,
KXNFLPASSTDS-26SEP28PHICHI-PHIJHURTS1-2,26SEP28PHICHI,Jalen Hurts,6904,QB,passing TDs,THRESHOLD,2+,1.37,0.3802,0.40,0.42,0.60,525,839,
KXNFLPASSTDS-26SEP28PHICHI-PHIJHURTS1-1,26SEP28PHICHI,Jalen Hurts,6904,QB,passing TDs,THRESHOLD,1+,1.37,0.7246,0.77,0.78,0.23,350,2,
KXNFLPASSTDS-26SEP27CARCLE-CLEDWATSON4-4,26SEP27CARCLE,Deshaun Watson,4017,QB,passing TDs,THRESHOLD,4+,1.09,0.0175,0.03,0.04,0.97,3,38,
KXNFLPASSTDS-26SEP27CARCLE-CLEDWATSON4-3,26SEP27CARCLE,Deshaun Watson,4017,QB,passing TDs,THRESHOLD,3+,1.09,0.0840,0.10,0.11,0.90,25,23,
KXNFLPASSTDS-26SEP27CARCLE-CLEDWATSON4-2,26SEP27CARCLE,Deshaun Watson,4017,QB,passing TDs,THRESHOLD,2+,1.09,0.2937,0.34,0.35,0.66,7000,169,
KXNFLPASSTDS-26SEP27CARCLE-CLEDWATSON4-1,26SEP27CARCLE,Deshaun Watson,4017,QB,passing TDs,THRESHOLD,1+,1.09,0.6414,0.69,0.70,0.31,1383,51,
KXNFLPASSTDS-26SEP27CARCLE-CARBYOUNG9-4,26SEP27CARCLE,Bryce Young,9228,QB,passing TDs,THRESHOLD,4+,1.41,0.0324,0.03,0.04,0.97,1876,1559,
KXNFLPASSTDS-26SEP27CARCLE-CARBYOUNG9-3,26SEP27CARCLE,Bryce Young,9228,QB,passing TDs,THRESHOLD,3+,1.41,0.1356,0.15,0.16,0.85,4830,21,
KXNFLPASSTDS-26SEP27CARCLE-CARBYOUNG9-2,26SEP27CARCLE,Bryce Young,9228,QB,passing TDs,THRESHOLD,2+,1.41,0.3935,0.43,0.44,0.57,1,748,
KXNFLPASSTDS-26SEP27CARCLE-CARBYOUNG9-1,26SEP27CARCLE,Bryce Young,9228,QB,passing TDs,THRESHOLD,1+,1.41,0.7413,0.76,0.79,0.24,1000,1,
KXNFLPASSTDS-26SEP27ARISF-SFBPURDY13-5,26SEP27ARISF,Brock Purdy,8183,QB,passing TDs,THRESHOLD,5+,2.21,0.0125,0.00,0.05,1.00,5987,0,
KXNFLPASSTDS-26SEP27ARISF-SFBPURDY13-4,26SEP27ARISF,Brock Purdy,8183,QB,passing TDs,THRESHOLD,4+,2.21,0.0973,0.09,0.10,0.91,6682,5,
KXNFLPASSTDS-26SEP27ARISF-SFBPURDY13-3,26SEP27ARISF,Brock Purdy,8183,QB,passing TDs,THRESHOLD,3+,2.21,0.3037,0.27,0.28,0.73,6270,33,
KXNFLPASSTDS-26SEP27ARISF-SFBPURDY13-2,26SEP27ARISF,Brock Purdy,8183,QB,passing TDs,THRESHOLD,2+,2.21,0.6231,0.56,0.57,0.44,2536,1901,
KXNFLPASSTDS-26SEP27ARISF-SFBPURDY13-1,26SEP27ARISF,Brock Purdy,8183,QB,passing TDs,THRESHOLD,1+,2.21,0.8910,0.87,0.88,0.13,2880,30,
KXNFLPASSTDS-26SEP27ARISF-ARIJBRISSETT7-2,26SEP27ARISF,Jacoby Brissett,3257,QB,passing TDs,THRESHOLD,2+,1.31,0.3586,0.34,0.36,0.66,6779,500,
KXNFLPASSTDS-26SEP27KCMIA-MIAMWILLIS2-1,26SEP27KCMIA,Malik Willis,8161,QB,passing TDs,THRESHOLD,1+,0.91,0.6431,0.63,0.64,0.37,10971,129,
KXNFLPASSTDS-26SEP27KCMIA-KCPMAHOMES15-5,26SEP27KCMIA,Patrick Mahomes,4046,QB,passing TDs,THRESHOLD,5+,1.96,0.0108,0.04,0.05,0.96,10912,15,
KXNFLPASSTDS-26SEP27KCMIA-KCPMAHOMES15-4,26SEP27KCMIA,Patrick Mahomes,4046,QB,passing TDs,THRESHOLD,4+,1.96,0.0691,0.11,0.12,0.89,21439,59,
KXNFLPASSTDS-26SEP27KCMIA-KCPMAHOMES15-3,26SEP27KCMIA,Patrick Mahomes,4046,QB,passing TDs,THRESHOLD,3+,1.96,0.2438,0.32,0.33,0.68,20863,228,
KXNFLPASSTDS-26SEP27KCMIA-KCPMAHOMES15-2,26SEP27KCMIA,Patrick Mahomes,4046,QB,passing TDs,THRESHOLD,2+,1.96,0.5483,0.63,0.64,0.37,12745,2776,
KXNFLPASSTDS-26SEP27KCMIA-KCPMAHOMES15-1,26SEP27KCMIA,Patrick Mahomes,4046,QB,passing TDs,THRESHOLD,1+,1.96,0.8561,0.87,0.90,0.13,1000,10,
KXNFLPASSTDS-26SEP27MINTB-TBBMAYFIELD6-4,26SEP27MINTB,Baker Mayfield,4892,QB,passing TDs,THRESHOLD,4+,1.45,0.0424,0.04,0.05,0.96,5800,15,
KXNFLPASSTDS-26SEP27MINTB-TBBMAYFIELD6-3,26SEP27MINTB,Baker Mayfield,4892,QB,passing TDs,THRESHOLD,3+,1.45,0.1439,0.13,0.14,0.87,7562,3,
KXNFLPASSTDS-26SEP27MINTB-TBBMAYFIELD6-2,26SEP27MINTB,Baker Mayfield,4892,QB,passing TDs,THRESHOLD,2+,1.45,0.4018,0.39,0.40,0.61,4778,510,
KXNFLPASSTDS-26SEP27MINTB-TBBMAYFIELD6-1,26SEP27MINTB,Baker Mayfield,4892,QB,passing TDs,THRESHOLD,1+,1.45,0.7446,0.74,0.76,0.26,20,15,
KXNFLPASSTDS-26SEP27MINTB-MINKMURRAY1-4,26SEP27MINTB,Kyler Murray,5849,QB,passing TDs,THRESHOLD,4+,1.34,0.0275,0.02,0.05,0.98,4821,1494,
KXNFLPASSTDS-26SEP27MINTB-MINKMURRAY1-3,26SEP27MINTB,Kyler Murray,5849,QB,passing TDs,THRESHOLD,3+,1.34,0.1356,0.13,0.14,0.87,4820,3,
KXNFLPASSTDS-26SEP27MINTB-MINKMURRAY1-2,26SEP27MINTB,Kyler Murray,5849,QB,passing TDs,THRESHOLD,2+,1.34,0.3652,0.39,0.41,0.61,9953,15625,
KXNFLPASSTDS-26SEP27MINTB-MINKMURRAY1-1,26SEP27MINTB,Kyler Murray,5849,QB,passing TDs,THRESHOLD,1+,1.34,0.7280,0.75,0.76,0.25,1,3,
KXNFLPASSTDS-26SEP27LVNO-NOTSHOUGH6-4,26SEP27LVNO,Tyler Shough,12545,QB,passing TDs,THRESHOLD,4+,1.55,0.0574,0.06,0.07,0.94,5579,34,
KXNFLPASSTDS-26SEP27LVNO-NOTSHOUGH6-3,26SEP27LVNO,Tyler Shough,12545,QB,passing TDs,THRESHOLD,3+,1.55,0.1539,0.17,0.18,0.83,7484,45,
KXNFLPASSTDS-26SEP27LVNO-NOTSHOUGH6-2,26SEP27LVNO,Tyler Shough,12545,QB,passing TDs,THRESHOLD,2+,1.55,0.4484,0.45,0.46,0.55,1629,1041,
KXNFLPASSTDS-26SEP27LVNO-NOTSHOUGH6-1,26SEP27LVNO,Tyler Shough,12545,QB,passing TDs,THRESHOLD,1+,1.55,0.7829,0.78,0.80,0.22,24,1,
KXNFLPASSTDS-26SEP27LVNO-LVKCOUSINS8-4,26SEP27LVNO,Kirk Cousins,1166,QB,passing TDs,THRESHOLD,4+,1.55,0.0574,0.02,0.05,0.98,6765,1163,
KXNFLPASSTDS-26SEP27LVNO-LVKCOUSINS8-3,26SEP27LVNO,Kirk Cousins,1166,QB,passing TDs,THRESHOLD,3+,1.55,0.1539,0.13,0.14,0.87,7675,23,
KXNFLPASSTDS-26SEP27LVNO-LVKCOUSINS8-2,26SEP27LVNO,Kirk Cousins,1166,QB,passing TDs,THRESHOLD,2+,1.55,0.4484,0.38,0.39,0.62,4611,250,
KXNFLPASSTDS-26SEP27LVNO-LVKCOUSINS8-1,26SEP27LVNO,Kirk Cousins,1166,QB,passing TDs,THRESHOLD,1+,1.55,0.7829,0.74,0.75,0.26,4954,119,
KXNFLPASSTDS-26SEP27NYJDET-NYJGSMITH7-4,26SEP27NYJDET,Geno Smith,1373,QB,passing TDs,THRESHOLD,4+,1.36,0.0291,0.02,0.05,0.98,7216,20,
KXNFLPASSTDS-26SEP27NYJDET-NYJGSMITH7-3,26SEP27NYJDET,Geno Smith,1373,QB,passing TDs,THRESHOLD,3+,1.36,0.1406,0.13,0.14,0.87,12433,150,
KXNFLPASSTDS-26SEP27NYJDET-NYJGSMITH7-2,26SEP27NYJDET,Geno Smith,1373,QB,passing TDs,THRESHOLD,2+,1.36,0.3719,0.39,0.40,0.61,5588,2438,
KXNFLPASSTDS-26SEP27NYJDET-NYJGSMITH7-1,26SEP27NYJDET,Geno Smith,1373,QB,passing TDs,THRESHOLD,1+,1.36,0.7246,0.74,0.76,0.26,20,10,
KXNFLPASSTDS-26SEP27NYJDET-DETJGOFF16-5,26SEP27NYJDET,Jared Goff,3163,QB,passing TDs,THRESHOLD,5+,2.10,0.0108,0.04,0.05,0.96,6078,1,
KXNFLPASSTDS-26SEP27NYJDET-DETJGOFF16-4,26SEP27NYJDET,Jared Goff,3163,QB,passing TDs,THRESHOLD,4+,2.10,0.0740,0.10,0.11,0.90,2062,30,
KXNFLPASSTDS-26SEP27NYJDET-DETJGOFF16-3,26SEP27NYJDET,Jared Goff,3163,QB,passing TDs,THRESHOLD,3+,2.10,0.2637,0.31,0.32,0.69,1468,621,
KXNFLPASSTDS-26SEP27NYJDET-DETJGOFF16-2,26SEP27NYJDET,Jared Goff,3163,QB,passing TDs,THRESHOLD,2+,2.10,0.5899,0.62,0.63,0.38,4399,1131,
KXNFLPASSTDS-26SEP27NYJDET-DETJGOFF16-1,26SEP27NYJDET,Jared Goff,3163,QB,passing TDs,THRESHOLD,1+,2.10,0.8677,0.88,0.90,0.12,462,100,
KXNFLPASSTDS-26SEP27CINPIT-PITARODGERS8-4,26SEP27CINPIT,Aaron Rodgers,96,QB,passing TDs,THRESHOLD,4+,1.41,0.0324,0.03,0.05,0.97,7432,8,
KXNFLPASSTDS-26SEP27CINPIT-PITARODGERS8-3,26SEP27CINPIT,Aaron Rodgers,96,QB,passing TDs,THRESHOLD,3+,1.41,0.1356,0.11,0.12,0.89,12900,27,
KXNFLPASSTDS-26SEP27CINPIT-PITARODGERS8-2,26SEP27CINPIT,Aaron Rodgers,96,QB,passing TDs,THRESHOLD,2+,1.41,0.3935,0.34,0.35,0.66,3240,871,
KXNFLPASSTDS-26SEP27CINPIT-PITARODGERS8-1,26SEP27CINPIT,Aaron Rodgers,96,QB,passing TDs,THRESHOLD,1+,1.41,0.7413,0.73,0.74,0.27,2430,130,
KXNFLPASSTDS-26SEP27CINPIT-CINJBURROW9-4,26SEP27CINPIT,Joe Burrow,6770,QB,passing TDs,THRESHOLD,4+,1.84,0.0774,0.05,0.06,0.95,2065,14,
KXNFLPASSTDS-26SEP27CINPIT-CINJBURROW9-3,26SEP27CINPIT,Joe Burrow,6770,QB,passing TDs,THRESHOLD,3+,1.84,0.2271,0.18,0.19,0.82,2479,23,
KXNFLPASSTDS-26SEP27CINPIT-CINJBURROW9-2,26SEP27CINPIT,Joe Burrow,6770,QB,passing TDs,THRESHOLD,2+,1.84,0.5033,0.48,0.49,0.52,2170,1551,
KXNFLPASSTDS-26SEP27CINPIT-CINJBURROW9-1,26SEP27CINPIT,Joe Burrow,6770,QB,passing TDs,THRESHOLD,1+,1.84,0.8311,0.78,0.82,0.22,1000,4,
KXNFLPASSTDS-26SEP27LARDEN-LARMSTAFFORD9-5,26SEP27LARDEN,Matthew Stafford,421,QB,passing TDs,THRESHOLD,5+,1.62,0.0125,0.00,0.04,1.00,4701,0,
KXNFLPASSTDS-26SEP27LARDEN-LARMSTAFFORD9-4,26SEP27LARDEN,Matthew Stafford,421,QB,passing TDs,THRESHOLD,4+,1.62,0.0624,0.07,0.08,0.93,10308,23,
KXNFLPASSTDS-26SEP27LARDEN-LARMSTAFFORD9-3,26SEP27LARDEN,Matthew Stafford,421,QB,passing TDs,THRESHOLD,3+,1.62,0.1689,0.21,0.22,0.79,13060,0,
KXNFLPASSTDS-26SEP27LARDEN-LARMSTAFFORD9-2,26SEP27LARDEN,Matthew Stafford,421,QB,passing TDs,THRESHOLD,2+,1.62,0.4667,0.49,0.50,0.51,6283,263,
KXNFLPASSTDS-26SEP27LARDEN-LARMSTAFFORD9-1,26SEP27LARDEN,Matthew Stafford,421,QB,passing TDs,THRESHOLD,1+,1.62,0.7612,0.81,0.82,0.19,753,3,
KXNFLPASSTDS-26SEP27LARDEN-DENBNIX10-4,26SEP27LARDEN,Bo Nix,11563,QB,passing TDs,THRESHOLD,4+,1.40,0.0308,0.04,0.05,0.96,4799,1,
KXNFLPASSTDS-26SEP27LARDEN-DENBNIX10-3,26SEP27LARDEN,Bo Nix,11563,QB,passing TDs,THRESHOLD,3+,1.40,0.1406,0.14,0.16,0.86,10876,8,
KXNFLPASSTDS-26SEP27LARDEN-DENBNIX10-2,26SEP27LARDEN,Bo Nix,11563,QB,passing TDs,THRESHOLD,2+,1.40,0.4035,0.41,0.42,0.59,4437,0,
KXNFLPASSTDS-26SEP27LARDEN-DENBNIX10-1,26SEP27LARDEN,Bo Nix,11563,QB,passing TDs,THRESHOLD,1+,1.40,0.7429,0.73,0.77,0.27,5700,32,
KXNFLPASSTDS-26SEP27NEJAC-NEDMAYE10-4,26SEP27NEJAC,Drake Maye,11564,QB,passing TDs,THRESHOLD,4+,1.25,0.0191,0.03,0.04,0.97,13332,70,
KXNFLPASSTDS-26SEP27NEJAC-NEDMAYE10-3,26SEP27NEJAC,Drake Maye,11564,QB,passing TDs,THRESHOLD,3+,1.25,0.1040,0.12,0.13,0.88,1097,10,
KXNFLPASSTDS-26SEP27NEJAC-NEDMAYE10-2,26SEP27NEJAC,Drake Maye,11564,QB,passing TDs,THRESHOLD,2+,1.25,0.3602,0.38,0.39,0.62,951,2433,
KXNFLPASSTDS-26SEP27NEJAC-NEDMAYE10-1,26SEP27NEJAC,Drake Maye,11564,QB,passing TDs,THRESHOLD,1+,1.25,0.7230,0.73,0.77,0.27,3032,80,
KXNFLPASSTDS-26SEP27NEJAC-JACTLAWRENCE16-4,26SEP27NEJAC,Trevor Lawrence,7523,QB,passing TDs,THRESHOLD,4+,1.64,0.0641,0.05,0.06,0.95,1924,30,
KXNFLPASSTDS-26SEP27NEJAC-JACTLAWRENCE16-3,26SEP27NEJAC,Trevor Lawrence,7523,QB,passing TDs,THRESHOLD,3+,1.64,0.1739,0.20,0.21,0.80,22778,9,
KXNFLPASSTDS-26SEP27NEJAC-JACTLAWRENCE16-2,26SEP27NEJAC,Trevor Lawrence,7523,QB,passing TDs,THRESHOLD,2+,1.64,0.4734,0.49,0.50,0.51,1879,1202,
KXNFLPASSTDS-26SEP27NEJAC-JACTLAWRENCE16-1,26SEP27NEJAC,Trevor Lawrence,7523,QB,passing TDs,THRESHOLD,1+,1.64,0.7612,0.81,0.83,0.19,3205,1,
KXNFLPASSTDS-26SEP27BALDAL-DALDPRESCOTT4-5,26SEP27BALDAL,Dak Prescott,3294,QB,passing TDs,THRESHOLD,5+,1.81,0.0225,0.00,0.04,1.00,5787,0,
KXNFLPASSTDS-26SEP27BALDAL-DALDPRESCOTT4-4,26SEP27BALDAL,Dak Prescott,3294,QB,passing TDs,THRESHOLD,4+,1.81,0.0790,0.07,0.08,0.93,2173,205,
KXNFLPASSTDS-26SEP27BALDAL-DALDPRESCOTT4-3,26SEP27BALDAL,Dak Prescott,3294,QB,passing TDs,THRESHOLD,3+,1.81,0.2221,0.24,0.25,0.76,1600,33,
KXNFLPASSTDS-26SEP27BALDAL-DALDPRESCOTT4-2,26SEP27BALDAL,Dak Prescott,3294,QB,passing TDs,THRESHOLD,2+,1.81,0.4917,0.56,0.57,0.44,5865,812,
KXNFLPASSTDS-26SEP27BALDAL-DALDPRESCOTT4-1,26SEP27BALDAL,Dak Prescott,3294,QB,passing TDs,THRESHOLD,1+,1.81,0.8161,0.86,0.87,0.14,150,1,
KXNFLPASSTDS-26SEP27BALDAL-BALLJACKSON8-5,26SEP27BALDAL,Lamar Jackson,4881,QB,passing TDs,THRESHOLD,5+,1.69,0.0141,0.00,0.04,1.00,5803,0,
KXNFLPASSTDS-26SEP27BALDAL-BALLJACKSON8-4,26SEP27BALDAL,Lamar Jackson,4881,QB,passing TDs,THRESHOLD,4+,1.69,0.0624,0.08,0.09,0.92,3316,1,
KXNFLPASSTDS-26SEP27BALDAL-BALLJACKSON8-3,26SEP27BALDAL,Lamar Jackson,4881,QB,passing TDs,THRESHOLD,3+,1.69,0.1739,0.26,0.27,0.74,2418,0,
KXNFLPASSTDS-26SEP27BALDAL-BALLJACKSON8-2,26SEP27BALDAL,Lamar Jackson,4881,QB,passing TDs,THRESHOLD,2+,1.69,0.4867,0.56,0.57,0.44,500,57,
KXNFLPASSTDS-26SEP27BALDAL-BALLJACKSON8-1,26SEP27BALDAL,Lamar Jackson,4881,QB,passing TDs,THRESHOLD,1+,1.69,0.7862,0.85,0.86,0.15,20,1,
KXNFLPASSTDS-26SEP27LACBUF-LACJHERBERT10-4,26SEP27LACBUF,Justin Herbert,6797,QB,passing TDs,THRESHOLD,4+,1.25,0.0191,0.03,0.04,0.97,12369,30,
KXNFLPASSTDS-26SEP27LACBUF-LACJHERBERT10-3,26SEP27LACBUF,Justin Herbert,6797,QB,passing TDs,THRESHOLD,3+,1.25,0.1040,0.13,0.14,0.87,28,2669,
KXNFLPASSTDS-26SEP27LACBUF-LACJHERBERT10-2,26SEP27LACBUF,Justin Herbert,6797,QB,passing TDs,THRESHOLD,2+,1.25,0.3602,0.40,0.42,0.60,24416,1717,
KXNFLPASSTDS-26SEP27LACBUF-LACJHERBERT10-1,26SEP27LACBUF,Justin Herbert,6797,QB,passing TDs,THRESHOLD,1+,1.25,0.7230,0.75,0.77,0.25,13140,12,
KXNFLPASSTDS-26SEP27LACBUF-BUFJALLEN17-5,26SEP27LACBUF,Josh Allen,4984,QB,passing TDs,THRESHOLD,5+,1.53,0.0108,0.00,0.04,1.00,4800,0,
KXNFLPASSTDS-26SEP27LACBUF-BUFJALLEN17-4,26SEP27LACBUF,Josh Allen,4984,QB,passing TDs,THRESHOLD,4+,1.53,0.0541,0.08,0.09,0.92,8391,8,
KXNFLPASSTDS-26SEP27LACBUF-BUFJALLEN17-3,26SEP27LACBUF,Josh Allen,4984,QB,passing TDs,THRESHOLD,3+,1.53,0.1423,0.25,0.27,0.75,10660,25,
KXNFLPASSTDS-26SEP27LACBUF-BUFJALLEN17-2,26SEP27LACBUF,Josh Allen,4984,QB,passing TDs,THRESHOLD,2+,1.53,0.4368,0.57,0.58,0.43,9760,1281,
KXNFLPASSTDS-26SEP27LACBUF-BUFJALLEN17-1,26SEP27LACBUF,Josh Allen,4984,QB,passing TDs,THRESHOLD,1+,1.53,0.7696,0.86,0.87,0.14,3003,21,
KXNFLPASSYDS-26SEP27SEAWAS-SEASDARNOLD14-350,26SEP27SEAWAS,Sam Darnold,4943,QB,passing yards,THRESHOLD,350+,237.56,0.0557,0.05,0.06,0.95,25089,31,
KXNFLPASSYDS-26SEP27SEAWAS-SEASDARNOLD14-325,26SEP27SEAWAS,Sam Darnold,4943,QB,passing yards,THRESHOLD,325+,237.56,0.1023,0.06,0.07,0.94,4759,50,
KXNFLPASSYDS-26SEP27SEAWAS-SEASDARNOLD14-300,26SEP27SEAWAS,Sam Darnold,4943,QB,passing yards,THRESHOLD,300+,237.56,0.1722,0.11,0.12,0.89,479,11,
KXNFLPASSYDS-26SEP27SEAWAS-SEASDARNOLD14-275,26SEP27SEAWAS,Sam Darnold,4943,QB,passing yards,THRESHOLD,275+,237.56,0.2654,0.20,0.21,0.80,4743,30,
KXNFLPASSYDS-26SEP27SEAWAS-SEASDARNOLD14-250,26SEP27SEAWAS,Sam Darnold,4943,QB,passing yards,THRESHOLD,250+,237.56,0.3636,0.32,0.34,0.68,7230,30,
KXNFLPASSYDS-26SEP27SEAWAS-SEASDARNOLD14-225,26SEP27SEAWAS,Sam Darnold,4943,QB,passing yards,THRESHOLD,225+,237.56,0.5050,0.48,0.49,0.52,16710,28,
KXNFLPASSYDS-26SEP27SEAWAS-SEASDARNOLD14-200,26SEP27SEAWAS,Sam Darnold,4943,QB,passing yards,THRESHOLD,200+,237.56,0.6364,0.62,0.63,0.38,940,139,
KXNFLPASSYDS-26SEP27SEAWAS-SEASDARNOLD14-175,26SEP27SEAWAS,Sam Darnold,4943,QB,passing yards,THRESHOLD,175+,237.56,0.7629,0.74,0.75,0.26,399,816,
KXNFLPASSYDS-26SEP27SEAWAS-SEASDARNOLD14-150,26SEP27SEAWAS,Sam Darnold,4943,QB,passing yards,THRESHOLD,150+,237.56,0.8677,0.87,0.88,0.13,3619,100,
KXNFLPASSYDS-26SEP27TENNYG-TENCWARD1-325,26SEP27TENNYG,Cam Ward,12522,QB,passing yards,THRESHOLD,325+,174.19,0.0391,0.01,0.03,0.99,4700,750,
KXNFLPASSYDS-26SEP27TENNYG-TENCWARD1-300,26SEP27TENNYG,Cam Ward,12522,QB,passing yards,THRESHOLD,300+,174.19,0.0707,0.02,0.04,0.98,4900,23,
KXNFLPASSYDS-26SEP27TENNYG-TENCWARD1-275,26SEP27TENNYG,Cam Ward,12522,QB,passing yards,THRESHOLD,275+,174.19,0.1306,0.06,0.07,0.94,5461,19,
KXNFLPASSYDS-26SEP27TENNYG-TENCWARD1-250,26SEP27TENNYG,Cam Ward,12522,QB,passing yards,THRESHOLD,250+,174.19,0.2072,0.12,0.14,0.88,6800,75,
KXNFLPASSYDS-26SEP27TENNYG-TENCWARD1-225,26SEP27TENNYG,Cam Ward,12522,QB,passing yards,THRESHOLD,225+,174.19,0.3170,0.20,0.23,0.80,5500,474,
KXNFLPASSYDS-26SEP27TENNYG-TENCWARD1-200,26SEP27TENNYG,Cam Ward,12522,QB,passing yards,THRESHOLD,200+,174.19,0.4517,0.37,0.38,0.63,15900,37,
KXNFLPASSYDS-26SEP27TENNYG-TENCWARD1-175,26SEP27TENNYG,Cam Ward,12522,QB,passing yards,THRESHOLD,175+,174.19,0.5815,0.53,0.54,0.47,7510,20,
KXNFLPASSYDS-26SEP27TENNYG-TENCWARD1-150,26SEP27TENNYG,Cam Ward,12522,QB,passing yards,THRESHOLD,150+,174.19,0.7230,0.67,0.68,0.33,3322,20,
KXNFLPASSYDS-26SEP27TENNYG-TENCWARD1-125,26SEP27TENNYG,Cam Ward,12522,QB,passing yards,THRESHOLD,125+,174.19,0.8095,0.79,0.80,0.21,1,10,
KXNFLPASSYDS-26SEP27TENNYG-NYGJWINSTON19-200,26SEP27TENNYG,Jameis Winston,2306,QB,passing yards,THRESHOLD,200+,187.07,0.4884,0.49,0.50,0.51,520,13,
KXNFLPASSYDS-26SEP27HOUIND-INDDJONES17-350,26SEP27HOUIND,Daniel Jones,5870,QB,passing yards,THRESHOLD,350+,208.23,0.0374,0.01,0.03,0.99,4800,725,
KXNFLPASSYDS-26SEP27HOUIND-INDDJONES17-325,26SEP27HOUIND,Daniel Jones,5870,QB,passing yards,THRESHOLD,325+,208.23,0.0790,0.05,0.06,0.95,4720,41,
KXNFLPASSYDS-26SEP27HOUIND-INDDJONES17-300,26SEP27HOUIND,Daniel Jones,5870,QB,passing yards,THRESHOLD,300+,208.23,0.1190,0.08,0.09,0.92,486,8,
KXNFLPASSYDS-26SEP27HOUIND-INDDJONES17-275,26SEP27HOUIND,Daniel Jones,5870,QB,passing yards,THRESHOLD,275+,208.23,0.1905,0.17,0.18,0.83,9200,3,
KXNFLPASSYDS-26SEP27HOUIND-INDDJONES17-250,26SEP27HOUIND,Daniel Jones,5870,QB,passing yards,THRESHOLD,250+,208.23,0.2737,0.27,0.28,0.73,10082,8,
KXNFLPASSYDS-26SEP27HOUIND-INDDJONES17-225,26SEP27HOUIND,Daniel Jones,5870,QB,passing yards,THRESHOLD,225+,208.23,0.3935,0.40,0.41,0.60,2230,862,
KXNFLPASSYDS-26SEP27HOUIND-INDDJONES17-200,26SEP27HOUIND,Daniel Jones,5870,QB,passing yards,THRESHOLD,200+,208.23,0.5449,0.58,0.59,0.42,2087,3,
KXNFLPASSYDS-26SEP27HOUIND-INDDJONES17-175,26SEP27HOUIND,Daniel Jones,5870,QB,passing yards,THRESHOLD,175+,208.23,0.6564,0.73,0.74,0.27,238,2,
KXNFLPASSYDS-26SEP27HOUIND-INDDJONES17-150,26SEP27HOUIND,Daniel Jones,5870,QB,passing yards,THRESHOLD,150+,208.23,0.7812,0.84,0.85,0.16,204,100,
KXNFLPASSYDS-26SEP27HOUIND-HOUCSTROUD7-350,26SEP27HOUIND,C.J. Stroud,9758,QB,passing yards,THRESHOLD,350+,233.61,0.0607,0.05,0.06,0.95,219,59,
KXNFLPASSYDS-26SEP27HOUIND-HOUCSTROUD7-325,26SEP27HOUIND,C.J. Stroud,9758,QB,passing yards,THRESHOLD,325+,233.61,0.0973,0.11,0.12,0.89,4720,33,
KXNFLPASSYDS-26SEP27HOUIND-HOUCSTROUD7-300,26SEP27HOUIND,C.J. Stroud,9758,QB,passing yards,THRESHOLD,300+,233.61,0.1689,0.17,0.18,0.83,1298,33,
KXNFLPASSYDS-26SEP27HOUIND-HOUCSTROUD7-275,26SEP27HOUIND,C.J. Stroud,9758,QB,passing yards,THRESHOLD,275+,233.61,0.2537,0.30,0.31,0.70,5326,762,
KXNFLPASSYDS-26SEP27HOUIND-HOUCSTROUD7-250,26SEP27HOUIND,C.J. Stroud,9758,QB,passing yards,THRESHOLD,250+,233.61,0.3652,0.43,0.44,0.57,7025,1399,
KXNFLPASSYDS-26SEP27HOUIND-HOUCSTROUD7-225,26SEP27HOUIND,C.J. Stroud,9758,QB,passing yards,THRESHOLD,225+,233.61,0.5000,0.58,0.59,0.42,2909,773,
KXNFLPASSYDS-26SEP27HOUIND-HOUCSTROUD7-200,26SEP27HOUIND,C.J. Stroud,9758,QB,passing yards,THRESHOLD,200+,233.61,0.6481,0.73,0.74,0.27,4037,154,
KXNFLPASSYDS-26SEP27HOUIND-HOUCSTROUD7-175,26SEP27HOUIND,C.J. Stroud,9758,QB,passing yards,THRESHOLD,175+,233.61,0.7646,0.83,0.85,0.17,2046,10,
KXNFLPASSYDS-26SEP27HOUIND-HOUCSTROUD7-150,26SEP27HOUIND,C.J. Stroud,9758,QB,passing yards,THRESHOLD,150+,233.61,0.8777,0.90,0.92,0.10,42,23,
KXNFLPASSYDS-26SEP27SEAWAS-WASMMARIOTA8-300,26SEP27SEAWAS,Marcus Mariota,2307,QB,passing yards,THRESHOLD,300+,190.90,0.0923,0.02,0.03,0.98,1134,70,
KXNFLPASSYDS-26SEP27SEAWAS-WASMMARIOTA8-275,26SEP27SEAWAS,Marcus Mariota,2307,QB,passing yards,THRESHOLD,275+,190.90,0.1522,0.05,0.07,0.95,7000,100,
KXNFLPASSYDS-26SEP27SEAWAS-WASMMARIOTA8-250,26SEP27SEAWAS,Marcus Mariota,2307,QB,passing yards,THRESHOLD,250+,190.90,0.2471,0.09,0.10,0.91,8,920,
KXNFLPASSYDS-26SEP27SEAWAS-WASMMARIOTA8-225,26SEP27SEAWAS,Marcus Mariota,2307,QB,passing yards,THRESHOLD,225+,190.90,0.3602,0.18,0.20,0.82,25,27,
KXNFLPASSYDS-26SEP27SEAWAS-WASMMARIOTA8-200,26SEP27SEAWAS,Marcus Mariota,2307,QB,passing yards,THRESHOLD,200+,190.90,0.5017,0.30,0.32,0.70,8498,1314,
KXNFLPASSYDS-26SEP27SEAWAS-WASMMARIOTA8-175,26SEP27SEAWAS,Marcus Mariota,2307,QB,passing yards,THRESHOLD,175+,190.90,0.6231,0.44,0.45,0.56,93,2849,
KXNFLPASSYDS-26SEP27SEAWAS-WASMMARIOTA8-150,26SEP27SEAWAS,Marcus Mariota,2307,QB,passing yards,THRESHOLD,150+,190.90,0.7596,0.64,0.65,0.36,3068,91,
KXNFLPASSYDS-26SEP27SEAWAS-WASMMARIOTA8-125,26SEP27SEAWAS,Marcus Mariota,2307,QB,passing yards,THRESHOLD,125+,190.90,0.8394,0.76,0.78,0.24,356,2,
KXNFLPASSYDS-26SEP28PHICHI-PHIJHURTS1-350,26SEP28PHICHI,Jalen Hurts,6904,QB,passing yards,THRESHOLD,350+,217.28,0.0358,0.02,0.04,0.98,4705,5,
KXNFLPASSYDS-26SEP28PHICHI-PHIJHURTS1-325,26SEP28PHICHI,Jalen Hurts,6904,QB,passing yards,THRESHOLD,325+,217.28,0.0740,0.06,0.09,0.94,7,39,
KXNFLPASSYDS-26SEP28PHICHI-PHIJHURTS1-300,26SEP28PHICHI,Jalen Hurts,6904,QB,passing yards,THRESHOLD,300+,217.28,0.1156,0.08,0.12,0.92,5200,27,
KXNFLPASSYDS-26SEP28PHICHI-PHIJHURTS1-275,26SEP28PHICHI,Jalen Hurts,6904,QB,passing yards,THRESHOLD,275+,217.28,0.1972,0.17,0.23,0.83,7890,30,
KXNFLPASSYDS-26SEP28PHICHI-PHIJHURTS1-250,26SEP28PHICHI,Jalen Hurts,6904,QB,passing yards,THRESHOLD,250+,217.28,0.2787,0.30,0.33,0.70,5460,12,
KXNFLPASSYDS-26SEP28PHICHI-PHIJHURTS1-225,26SEP28PHICHI,Jalen Hurts,6904,QB,passing yards,THRESHOLD,225+,217.28,0.3952,0.45,0.48,0.55,5460,4,
KXNFLPASSYDS-26SEP28PHICHI-PHIJHURTS1-200,26SEP28PHICHI,Jalen Hurts,6904,QB,passing yards,THRESHOLD,200+,217.28,0.5516,0.57,0.62,0.43,70,32,
KXNFLPASSYDS-26SEP28PHICHI-PHIJHURTS1-175,26SEP28PHICHI,Jalen Hurts,6904,QB,passing yards,THRESHOLD,175+,217.28,0.6930,0.69,0.75,0.31,359,15,
KXNFLPASSYDS-26SEP28PHICHI-PHIJHURTS1-150,26SEP28PHICHI,Jalen Hurts,6904,QB,passing yards,THRESHOLD,150+,217.28,0.8111,0.80,0.85,0.20,2,26,
KXNFLPASSYDS-26SEP27CARCLE-CLEDWATSON4-325,26SEP27CARCLE,Deshaun Watson,4017,QB,passing yards,THRESHOLD,325+,208.31,0.0790,0.02,0.04,0.98,95,31,
KXNFLPASSYDS-26SEP27CARCLE-CLEDWATSON4-300,26SEP27CARCLE,Deshaun Watson,4017,QB,passing yards,THRESHOLD,300+,208.31,0.1173,0.05,0.06,0.95,7790,50,
KXNFLPASSYDS-26SEP27CARCLE-CLEDWATSON4-275,26SEP27CARCLE,Deshaun Watson,4017,QB,passing yards,THRESHOLD,275+,208.31,0.1889,0.08,0.09,0.92,5389,1020,
KXNFLPASSYDS-26SEP27CARCLE-CLEDWATSON4-250,26SEP27CARCLE,Deshaun Watson,4017,QB,passing yards,THRESHOLD,250+,208.31,0.2720,0.14,0.16,0.86,5,538,
KXNFLPASSYDS-26SEP27CARCLE-CLEDWATSON4-225,26SEP27CARCLE,Deshaun Watson,4017,QB,passing yards,THRESHOLD,225+,208.31,0.3918,0.27,0.28,0.73,50,522,
KXNFLPASSYDS-26SEP27CARCLE-CLEDWATSON4-200,26SEP27CARCLE,Deshaun Watson,4017,QB,passing yards,THRESHOLD,200+,208.31,0.5449,0.41,0.43,0.59,2966,1249,
KXNFLPASSYDS-26SEP27CARCLE-CLEDWATSON4-175,26SEP27CARCLE,Deshaun Watson,4017,QB,passing yards,THRESHOLD,175+,208.31,0.6564,0.57,0.59,0.43,203,435,
KXNFLPASSYDS-26SEP27CARCLE-CLEDWATSON4-150,26SEP27CARCLE,Deshaun Watson,4017,QB,passing yards,THRESHOLD,150+,208.31,0.7812,0.72,0.73,0.28,3,2353,
KXNFLPASSYDS-26SEP27CARCLE-CLEDWATSON4-125,26SEP27CARCLE,Deshaun Watson,4017,QB,passing yards,THRESHOLD,125+,208.31,0.8594,0.83,0.84,0.17,1165,14,
KXNFLPASSYDS-26SEP27CARCLE-CARBYOUNG9-350,26SEP27CARCLE,Bryce Young,9228,QB,passing yards,THRESHOLD,350+,197.82,0.0225,0.05,0.06,0.95,19642,50,
KXNFLPASSYDS-26SEP27CARCLE-CARBYOUNG9-325,26SEP27CARCLE,Bryce Young,9228,QB,passing yards,THRESHOLD,325+,197.82,0.0524,0.07,0.08,0.93,1020,38,
KXNFLPASSYDS-26SEP27CARCLE-CARBYOUNG9-300,26SEP27CARCLE,Bryce Young,9228,QB,passing yards,THRESHOLD,300+,197.82,0.0957,0.11,0.12,0.89,114,286,
KXNFLPASSYDS-26SEP27CARCLE-CARBYOUNG9-275,26SEP27CARCLE,Bryce Young,9228,QB,passing yards,THRESHOLD,275+,197.82,0.1572,0.20,0.21,0.80,1000,304,
KXNFLPASSYDS-26SEP27CARCLE-CARBYOUNG9-250,26SEP27CARCLE,Bryce Young,9228,QB,passing yards,THRESHOLD,250+,197.82,0.2521,0.33,0.34,0.67,500,13,
KXNFLPASSYDS-26SEP27CARCLE-CARBYOUNG9-225,26SEP27CARCLE,Bryce Young,9228,QB,passing yards,THRESHOLD,225+,197.82,0.3619,0.47,0.48,0.53,834,34,
KXNFLPASSYDS-26SEP27CARCLE-CARBYOUNG9-200,26SEP27CARCLE,Bryce Young,9228,QB,passing yards,THRESHOLD,200+,197.82,0.5067,0.63,0.64,0.37,3059,38,
KXNFLPASSYDS-26SEP27CARCLE-CARBYOUNG9-175,26SEP27CARCLE,Bryce Young,9228,QB,passing yards,THRESHOLD,175+,197.82,0.6331,0.74,0.76,0.26,5,3,
KXNFLPASSYDS-26SEP27CARCLE-CARBYOUNG9-150,26SEP27CARCLE,Bryce Young,9228,QB,passing yards,THRESHOLD,150+,197.82,0.7729,0.86,0.87,0.14,3208,28,
KXNFLPASSYDS-26SEP27ARISF-SFBPURDY13-350,26SEP27ARISF,Brock Purdy,8183,QB,passing yards,THRESHOLD,350+,248.95,0.0757,0.05,0.07,0.95,6004,50,
KXNFLPASSYDS-26SEP27ARISF-SFBPURDY13-325,26SEP27ARISF,Brock Purdy,8183,QB,passing yards,THRESHOLD,325+,248.95,0.1256,0.09,0.12,0.91,20,10,
KXNFLPASSYDS-26SEP27ARISF-SFBPURDY13-300,26SEP27ARISF,Brock Purdy,8183,QB,passing yards,THRESHOLD,300+,248.95,0.2121,0.17,0.20,0.83,23780,38,
KXNFLPASSYDS-26SEP27ARISF-SFBPURDY13-275,26SEP27ARISF,Brock Purdy,8183,QB,passing yards,THRESHOLD,275+,248.95,0.3103,0.27,0.29,0.73,21,690,
KXNFLPASSYDS-26SEP27ARISF-SFBPURDY13-250,26SEP27ARISF,Brock Purdy,8183,QB,passing yards,THRESHOLD,250+,248.95,0.4351,0.42,0.43,0.58,20,235,
KXNFLPASSYDS-26SEP27ARISF-SFBPURDY13-225,26SEP27ARISF,Brock Purdy,8183,QB,passing yards,THRESHOLD,225+,248.95,0.5799,0.58,0.59,0.42,849,2505,
KXNFLPASSYDS-26SEP27ARISF-SFBPURDY13-200,26SEP27ARISF,Brock Purdy,8183,QB,passing yards,THRESHOLD,200+,248.95,0.7097,0.70,0.71,0.30,20,15,
KXNFLPASSYDS-26SEP27ARISF-SFBPURDY13-175,26SEP27ARISF,Brock Purdy,8183,QB,passing yards,THRESHOLD,175+,248.95,0.8095,0.81,0.82,0.19,13007,600,
KXNFLPASSYDS-26SEP27ARISF-SFBPURDY13-150,26SEP27ARISF,Brock Purdy,8183,QB,passing yards,THRESHOLD,150+,248.95,0.8810,0.88,0.89,0.12,157,3,
KXNFLPASSYDS-26SEP27ARISF-ARIJBRISSETT7-350,26SEP27ARISF,Jacoby Brissett,3257,QB,passing yards,THRESHOLD,350+,223.45,0.0507,0.05,0.06,0.95,15000,50,
KXNFLPASSYDS-26SEP27ARISF-ARIJBRISSETT7-325,26SEP27ARISF,Jacoby Brissett,3257,QB,passing yards,THRESHOLD,325+,223.45,0.0923,0.07,0.09,0.93,220,10,
KXNFLPASSYDS-26SEP27ARISF-ARIJBRISSETT7-300,26SEP27ARISF,Jacoby Brissett,3257,QB,passing yards,THRESHOLD,300+,223.45,0.1456,0.13,0.14,0.87,1359,10,
KXNFLPASSYDS-26SEP27ARISF-ARIJBRISSETT7-275,26SEP27ARISF,Jacoby Brissett,3257,QB,passing yards,THRESHOLD,275+,223.45,0.2155,0.21,0.23,0.79,20,18,
KXNFLPASSYDS-26SEP27ARISF-ARIJBRISSETT7-250,26SEP27ARISF,Jacoby Brissett,3257,QB,passing yards,THRESHOLD,250+,223.45,0.3053,0.34,0.35,0.66,220,2,
KXNFLPASSYDS-26SEP27ARISF-ARIJBRISSETT7-225,26SEP27ARISF,Jacoby Brissett,3257,QB,passing yards,THRESHOLD,225+,223.45,0.4218,0.51,0.52,0.49,7534,1998,
KXNFLPASSYDS-26SEP27ARISF-ARIJBRISSETT7-200,26SEP27ARISF,Jacoby Brissett,3257,QB,passing yards,THRESHOLD,200+,223.45,0.5965,0.63,0.65,0.37,21,200,
KXNFLPASSYDS-26SEP27ARISF-ARIJBRISSETT7-175,26SEP27ARISF,Jacoby Brissett,3257,QB,passing yards,THRESHOLD,175+,223.45,0.7313,0.76,0.78,0.24,20,100,
KXNFLPASSYDS-26SEP27ARISF-ARIJBRISSETT7-150,26SEP27ARISF,Jacoby Brissett,3257,QB,passing yards,THRESHOLD,150+,223.45,0.8444,0.85,0.86,0.15,109,310,
KXNFLPASSYDS-26SEP27KCMIA-MIAMWILLIS2-275,26SEP27KCMIA,Malik Willis,8161,QB,passing yards,THRESHOLD,275+,212.73,0.1889,0.05,0.07,0.95,220,89,
KXNFLPASSYDS-26SEP27KCMIA-MIAMWILLIS2-250,26SEP27KCMIA,Malik Willis,8161,QB,passing yards,THRESHOLD,250+,212.73,0.2720,0.10,0.12,0.90,81,10,
KXNFLPASSYDS-26SEP27KCMIA-MIAMWILLIS2-225,26SEP27KCMIA,Malik Willis,8161,QB,passing yards,THRESHOLD,225+,212.73,0.3985,0.20,0.21,0.80,416,760,
KXNFLPASSYDS-26SEP27KCMIA-MIAMWILLIS2-200,26SEP27KCMIA,Malik Willis,8161,QB,passing yards,THRESHOLD,200+,212.73,0.5582,0.34,0.35,0.66,133,871,
KXNFLPASSYDS-26SEP27KCMIA-MIAMWILLIS2-175,26SEP27KCMIA,Malik Willis,8161,QB,passing yards,THRESHOLD,175+,212.73,0.6847,0.50,0.51,0.50,811,312,
KXNFLPASSYDS-26SEP27KCMIA-MIAMWILLIS2-150,26SEP27KCMIA,Malik Willis,8161,QB,passing yards,THRESHOLD,150+,212.73,0.7978,0.65,0.66,0.35,316,1851,
KXNFLPASSYDS-26SEP27KCMIA-MIAMWILLIS2-125,26SEP27KCMIA,Malik Willis,8161,QB,passing yards,THRESHOLD,125+,212.73,0.8760,0.79,0.80,0.21,3242,300,
KXNFLPASSYDS-26SEP27KCMIA-KCPMAHOMES15-350,26SEP27KCMIA,Patrick Mahomes,4046,QB,passing yards,THRESHOLD,350+,245.15,0.0641,0.05,0.06,0.95,11639,80,
KXNFLPASSYDS-26SEP27KCMIA-KCPMAHOMES15-325,26SEP27KCMIA,Patrick Mahomes,4046,QB,passing yards,THRESHOLD,325+,245.15,0.1106,0.09,0.10,0.91,4,28,
KXNFLPASSYDS-26SEP27KCMIA-KCPMAHOMES15-300,26SEP27KCMIA,Patrick Mahomes,4046,QB,passing yards,THRESHOLD,300+,245.15,0.1839,0.16,0.17,0.84,10906,1102,
KXNFLPASSYDS-26SEP27KCMIA-KCPMAHOMES15-275,26SEP27KCMIA,Patrick Mahomes,4046,QB,passing yards,THRESHOLD,275+,245.15,0.2854,0.27,0.28,0.73,5757,793,
KXNFLPASSYDS-26SEP27KCMIA-KCPMAHOMES15-250,26SEP27KCMIA,Patrick Mahomes,4046,QB,passing yards,THRESHOLD,250+,245.15,0.4052,0.41,0.42,0.59,11414,7,
KXNFLPASSYDS-26SEP27KCMIA-KCPMAHOMES15-225,26SEP27KCMIA,Patrick Mahomes,4046,QB,passing yards,THRESHOLD,225+,245.15,0.5649,0.56,0.57,0.44,6618,2116,
KXNFLPASSYDS-26SEP27KCMIA-KCPMAHOMES15-200,26SEP27KCMIA,Patrick Mahomes,4046,QB,passing yards,THRESHOLD,200+,245.15,0.6963,0.70,0.71,0.30,2195,630,
KXNFLPASSYDS-26SEP27KCMIA-KCPMAHOMES15-175,26SEP27KCMIA,Patrick Mahomes,4046,QB,passing yards,THRESHOLD,175+,245.15,0.7995,0.81,0.82,0.19,3036,12,
KXNFLPASSYDS-26SEP27KCMIA-KCPMAHOMES15-150,26SEP27KCMIA,Patrick Mahomes,4046,QB,passing yards,THRESHOLD,150+,245.15,0.8710,0.87,0.88,0.13,181,3,
KXNFLPASSYDS-26SEP27MINTB-TBBMAYFIELD6-350,26SEP27MINTB,Baker Mayfield,4892,QB,passing yards,THRESHOLD,350+,213.20,0.0308,0.02,0.03,0.98,200,119,
KXNFLPASSYDS-26SEP27MINTB-TBBMAYFIELD6-325,26SEP27MINTB,Baker Mayfield,4892,QB,passing yards,THRESHOLD,325+,213.20,0.0740,0.05,0.07,0.95,14520,100,
KXNFLPASSYDS-26SEP27MINTB-TBBMAYFIELD6-300,26SEP27MINTB,Baker Mayfield,4892,QB,passing yards,THRESHOLD,300+,213.20,0.1156,0.09,0.10,0.91,1257,1,
KXNFLPASSYDS-26SEP27MINTB-TBBMAYFIELD6-275,26SEP27MINTB,Baker Mayfield,4892,QB,passing yards,THRESHOLD,275+,213.20,0.1922,0.17,0.18,0.83,447,84,
KXNFLPASSYDS-26SEP27MINTB-TBBMAYFIELD6-250,26SEP27MINTB,Baker Mayfield,4892,QB,passing yards,THRESHOLD,250+,213.20,0.2770,0.29,0.30,0.71,20,2,
KXNFLPASSYDS-26SEP27MINTB-TBBMAYFIELD6-225,26SEP27MINTB,Baker Mayfield,4892,QB,passing yards,THRESHOLD,225+,213.20,0.4018,0.42,0.43,0.58,1859,403,
KXNFLPASSYDS-26SEP27MINTB-TBBMAYFIELD6-200,26SEP27MINTB,Baker Mayfield,4892,QB,passing yards,THRESHOLD,200+,213.20,0.5549,0.59,0.60,0.41,20,11,
KXNFLPASSYDS-26SEP27MINTB-TBBMAYFIELD6-175,26SEP27MINTB,Baker Mayfield,4892,QB,passing yards,THRESHOLD,175+,213.20,0.6814,0.73,0.75,0.27,3227,166,
KXNFLPASSYDS-26SEP27MINTB-TBBMAYFIELD6-150,26SEP27MINTB,Baker Mayfield,4892,QB,passing yards,THRESHOLD,150+,213.20,0.7945,0.85,0.86,0.15,3217,24,
KXNFLPASSYDS-26SEP27MINTB-MINKMURRAY1-350,26SEP27MINTB,Kyler Murray,5849,QB,passing yards,THRESHOLD,350+,211.50,0.0324,0.01,0.03,0.99,4800,750,
KXNFLPASSYDS-26SEP27MINTB-MINKMURRAY1-325,26SEP27MINTB,Kyler Murray,5849,QB,passing yards,THRESHOLD,325+,211.50,0.0774,0.05,0.07,0.95,4700,50,
KXNFLPASSYDS-26SEP27MINTB-MINKMURRAY1-300,26SEP27MINTB,Kyler Murray,5849,QB,passing yards,THRESHOLD,300+,211.50,0.1190,0.08,0.09,0.92,8063,5,
KXNFLPASSYDS-26SEP27MINTB-MINKMURRAY1-275,26SEP27MINTB,Kyler Murray,5849,QB,passing yards,THRESHOLD,275+,211.50,0.1938,0.16,0.18,0.84,16775,15,
KXNFLPASSYDS-26SEP27MINTB-MINKMURRAY1-250,26SEP27MINTB,Kyler Murray,5849,QB,passing yards,THRESHOLD,250+,211.50,0.2770,0.26,0.27,0.74,5712,5,
KXNFLPASSYDS-26SEP27MINTB-MINKMURRAY1-225,26SEP27MINTB,Kyler Murray,5849,QB,passing yards,THRESHOLD,225+,211.50,0.4002,0.41,0.42,0.59,15474,43,
KXNFLPASSYDS-26SEP27MINTB-MINKMURRAY1-200,26SEP27MINTB,Kyler Murray,5849,QB,passing yards,THRESHOLD,200+,211.50,0.5632,0.58,0.59,0.42,8621,1003,
KXNFLPASSYDS-26SEP27MINTB-MINKMURRAY1-175,26SEP27MINTB,Kyler Murray,5849,QB,passing yards,THRESHOLD,175+,211.50,0.6814,0.67,0.68,0.33,435,3,
KXNFLPASSYDS-26SEP27MINTB-MINKMURRAY1-150,26SEP27MINTB,Kyler Murray,5849,QB,passing yards,THRESHOLD,150+,211.50,0.7945,0.81,0.83,0.19,20,1,
KXNFLPASSYDS-26SEP27LVNO-NOTSHOUGH6-375,26SEP27LVNO,Tyler Shough,12545,QB,passing yards,THRESHOLD,375+,240.17,0.0241,0.05,0.06,0.95,6250,50,
KXNFLPASSYDS-26SEP27LVNO-NOTSHOUGH6-350,26SEP27LVNO,Tyler Shough,12545,QB,passing yards,THRESHOLD,350+,240.17,0.0507,0.08,0.09,0.92,1318,8,
KXNFLPASSYDS-26SEP27LVNO-NOTSHOUGH6-325,26SEP27LVNO,Tyler Shough,12545,QB,passing yards,THRESHOLD,325+,240.17,0.0907,0.14,0.16,0.86,347,47,
KXNFLPASSYDS-26SEP27LVNO-NOTSHOUGH6-300,26SEP27LVNO,Tyler Shough,12545,QB,passing yards,THRESHOLD,300+,240.17,0.1622,0.22,0.23,0.78,2,123,
KXNFLPASSYDS-26SEP27LVNO-NOTSHOUGH6-275,26SEP27LVNO,Tyler Shough,12545,QB,passing yards,THRESHOLD,275+,240.17,0.2621,0.36,0.37,0.64,436,420,
KXNFLPASSYDS-26SEP27LVNO-NOTSHOUGH6-250,26SEP27LVNO,Tyler Shough,12545,QB,passing yards,THRESHOLD,250+,240.17,0.3702,0.51,0.52,0.49,1956,298,
KXNFLPASSYDS-26SEP27LVNO-NOTSHOUGH6-225,26SEP27LVNO,Tyler Shough,12545,QB,passing yards,THRESHOLD,225+,240.17,0.5133,0.64,0.65,0.36,1431,11,
KXNFLPASSYDS-26SEP27LVNO-NOTSHOUGH6-200,26SEP27LVNO,Tyler Shough,12545,QB,passing yards,THRESHOLD,200+,240.17,0.6564,0.76,0.77,0.24,190,61,
KXNFLPASSYDS-26SEP27LVNO-NOTSHOUGH6-175,26SEP27LVNO,Tyler Shough,12545,QB,passing yards,THRESHOLD,175+,240.17,0.7679,0.86,0.87,0.14,175,6,
KXNFLPASSYDS-26SEP27LVNO-LVKCOUSINS8-200,26SEP27LVNO,Kirk Cousins,1166,QB,passing yards,THRESHOLD,200+,210.49,0.5483,0.58,0.59,0.42,12023,172,
KXNFLPASSYDS-26SEP27NYJDET-NYJGSMITH7-350,26SEP27NYJDET,Geno Smith,1373,QB,passing yards,THRESHOLD,350+,224.99,0.0524,0.04,0.05,0.96,4887,25,
KXNFLPASSYDS-26SEP27NYJDET-NYJGSMITH7-325,26SEP27NYJDET,Geno Smith,1373,QB,passing yards,THRESHOLD,325+,224.99,0.0923,0.08,0.09,0.92,14720,103,
KXNFLPASSYDS-26SEP27NYJDET-NYJGSMITH7-300,26SEP27NYJDET,Geno Smith,1373,QB,passing yards,THRESHOLD,300+,224.99,0.1473,0.14,0.15,0.86,14297,9,
KXNFLPASSYDS-26SEP27NYJDET-NYJGSMITH7-275,26SEP27NYJDET,Geno Smith,1373,QB,passing yards,THRESHOLD,275+,224.99,0.2155,0.24,0.25,0.76,20915,504,
KXNFLPASSYDS-26SEP27NYJDET-NYJGSMITH7-250,26SEP27NYJDET,Geno Smith,1373,QB,passing yards,THRESHOLD,250+,224.99,0.3120,0.36,0.37,0.64,17908,2059,
KXNFLPASSYDS-26SEP27NYJDET-NYJGSMITH7-225,26SEP27NYJDET,Geno Smith,1373,QB,passing yards,THRESHOLD,225+,224.99,0.4334,0.52,0.53,0.48,35992,216,
KXNFLPASSYDS-26SEP27NYJDET-NYJGSMITH7-200,26SEP27NYJDET,Geno Smith,1373,QB,passing yards,THRESHOLD,200+,224.99,0.6032,0.66,0.67,0.34,1000,752,
KXNFLPASSYDS-26SEP27NYJDET-NYJGSMITH7-175,26SEP27NYJDET,Geno Smith,1373,QB,passing yards,THRESHOLD,175+,224.99,0.7446,0.77,0.78,0.23,565,6,
KXNFLPASSYDS-26SEP27NYJDET-NYJGSMITH7-150,26SEP27NYJDET,Geno Smith,1373,QB,passing yards,THRESHOLD,150+,224.99,0.8527,0.86,0.87,0.14,158,311,
KXNFLPASSYDS-26SEP27NYJDET-DETJGOFF16-400,26SEP27NYJDET,Jared Goff,3163,QB,passing yards,THRESHOLD,400+,249.95,0.0125,0.02,0.03,0.98,1,25,
KXNFLPASSYDS-26SEP27NYJDET-DETJGOFF16-375,26SEP27NYJDET,Jared Goff,3163,QB,passing yards,THRESHOLD,375+,249.95,0.0358,0.05,0.07,0.95,16301,50,
KXNFLPASSYDS-26SEP27NYJDET-DETJGOFF16-350,26SEP27NYJDET,Jared Goff,3163,QB,passing yards,THRESHOLD,350+,249.95,0.0724,0.08,0.10,0.92,4820,36,
KXNFLPASSYDS-26SEP27NYJDET-DETJGOFF16-325,26SEP27NYJDET,Jared Goff,3163,QB,passing yards,THRESHOLD,325+,249.95,0.1256,0.16,0.18,0.84,20,9,
KXNFLPASSYDS-26SEP27NYJDET-DETJGOFF16-300,26SEP27NYJDET,Jared Goff,3163,QB,passing yards,THRESHOLD,300+,249.95,0.2088,0.28,0.29,0.72,23794,0,
KXNFLPASSYDS-26SEP27NYJDET-DETJGOFF16-275,26SEP27NYJDET,Jared Goff,3163,QB,passing yards,THRESHOLD,275+,249.95,0.3070,0.40,0.41,0.60,70,2125,
KXNFLPASSYDS-26SEP27NYJDET-DETJGOFF16-250,26SEP27NYJDET,Jared Goff,3163,QB,passing yards,THRESHOLD,250+,249.95,0.4334,0.55,0.56,0.45,2029,699,
KXNFLPASSYDS-26SEP27NYJDET-DETJGOFF16-225,26SEP27NYJDET,Jared Goff,3163,QB,passing yards,THRESHOLD,225+,249.95,0.5882,0.69,0.70,0.31,152,2322,
KXNFLPASSYDS-26SEP27NYJDET-DETJGOFF16-200,26SEP27NYJDET,Jared Goff,3163,QB,passing yards,THRESHOLD,200+,249.95,0.7146,0.78,0.81,0.22,0,56,
KXNFLPASSYDS-26SEP27NYJDET-DETJGOFF16-175,26SEP27NYJDET,Jared Goff,3163,QB,passing yards,THRESHOLD,175+,249.95,0.8195,0.89,0.90,0.11,492,1,
KXNFLPASSYDS-26SEP27LARDEN-LARMSTAFFORD9-350,26SEP27LARDEN,Matthew Stafford,421,QB,passing yards,THRESHOLD,350+,241.24,0.0541,0.05,0.06,0.95,25,88,
KXNFLPASSYDS-26SEP27LARDEN-LARMSTAFFORD9-325,26SEP27LARDEN,Matthew Stafford,421,QB,passing yards,THRESHOLD,325+,241.24,0.0957,0.10,0.13,0.90,5649,11,
KXNFLPASSYDS-26SEP27LARDEN-LARMSTAFFORD9-300,26SEP27LARDEN,Matthew Stafford,421,QB,passing yards,THRESHOLD,300+,241.24,0.1722,0.17,0.21,0.83,6816,1,
KXNFLPASSYDS-26SEP27LARDEN-LARMSTAFFORD9-275,26SEP27LARDEN,Matthew Stafford,421,QB,passing yards,THRESHOLD,275+,241.24,0.2720,0.29,0.33,0.71,14500,2,
KXNFLPASSYDS-26SEP27LARDEN-LARMSTAFFORD9-250,26SEP27LARDEN,Matthew Stafford,421,QB,passing yards,THRESHOLD,250+,241.24,0.3785,0.43,0.45,0.57,1818,30,
KXNFLPASSYDS-26SEP27LARDEN-LARMSTAFFORD9-225,26SEP27LARDEN,Matthew Stafford,421,QB,passing yards,THRESHOLD,225+,241.24,0.5200,0.57,0.59,0.43,5,246,
KXNFLPASSYDS-26SEP27LARDEN-LARMSTAFFORD9-200,26SEP27LARDEN,Matthew Stafford,421,QB,passing yards,THRESHOLD,200+,241.24,0.6614,0.68,0.69,0.32,189,928,
KXNFLPASSYDS-26SEP27LARDEN-LARMSTAFFORD9-175,26SEP27LARDEN,Matthew Stafford,421,QB,passing yards,THRESHOLD,175+,241.24,0.7745,0.79,0.82,0.21,153,1,
KXNFLPASSYDS-26SEP27LARDEN-LARMSTAFFORD9-150,26SEP27LARDEN,Matthew Stafford,421,QB,passing yards,THRESHOLD,150+,241.24,0.8644,0.86,0.90,0.14,501,1,
KXNFLPASSYDS-26SEP27LARDEN-DENBNIX10-350,26SEP27LARDEN,Bo Nix,11563,QB,passing yards,THRESHOLD,350+,226.21,0.0541,0.02,0.03,0.98,5301,21157,
KXNFLPASSYDS-26SEP27LARDEN-DENBNIX10-325,26SEP27LARDEN,Bo Nix,11563,QB,passing yards,THRESHOLD,325+,226.21,0.0890,0.05,0.08,0.95,15009,50,
KXNFLPASSYDS-26SEP27LARDEN-DENBNIX10-300,26SEP27LARDEN,Bo Nix,11563,QB,passing yards,THRESHOLD,300+,226.21,0.1489,0.08,0.09,0.92,4801,13,
KXNFLPASSYDS-26SEP27LARDEN-DENBNIX10-275,26SEP27LARDEN,Bo Nix,11563,QB,passing yards,THRESHOLD,275+,226.21,0.2205,0.16,0.19,0.84,14504,1,
KXNFLPASSYDS-26SEP27LARDEN-DENBNIX10-250,26SEP27LARDEN,Bo Nix,11563,QB,passing yards,THRESHOLD,250+,226.21,0.3336,0.25,0.27,0.75,5837,18,
KXNFLPASSYDS-26SEP27LARDEN-DENBNIX10-225,26SEP27LARDEN,Bo Nix,11563,QB,passing yards,THRESHOLD,225+,226.21,0.4567,0.41,0.43,0.59,14500,734,
KXNFLPASSYDS-26SEP27LARDEN-DENBNIX10-200,26SEP27LARDEN,Bo Nix,11563,QB,passing yards,THRESHOLD,200+,226.21,0.6231,0.58,0.59,0.42,17436,808,
KXNFLPASSYDS-26SEP27LARDEN-DENBNIX10-175,26SEP27LARDEN,Bo Nix,11563,QB,passing yards,THRESHOLD,175+,226.21,0.7629,0.71,0.73,0.29,2978,2,
KXNFLPASSYDS-26SEP27LARDEN-DENBNIX10-150,26SEP27LARDEN,Bo Nix,11563,QB,passing yards,THRESHOLD,150+,226.21,0.8744,0.78,0.83,0.22,4,31,
KXNFLPASSYDS-26SEP27CINPIT-PITARODGERS8-225,26SEP27CINPIT,Aaron Rodgers,96,QB,passing yards,THRESHOLD,225+,220.11,0.4135,0.47,0.48,0.53,10085,320,
KXNFLPASSYDS-26SEP27CINPIT-CINJBURROW9-350,26SEP27CINPIT,Joe Burrow,6770,QB,passing yards,THRESHOLD,350+,246.11,0.0641,0.08,0.09,0.92,20,21,
KXNFLPASSYDS-26SEP27CINPIT-CINJBURROW9-325,26SEP27CINPIT,Joe Burrow,6770,QB,passing yards,THRESHOLD,325+,246.11,0.1090,0.14,0.15,0.86,20,30,
KXNFLPASSYDS-26SEP27CINPIT-CINJBURROW9-300,26SEP27CINPIT,Joe Burrow,6770,QB,passing yards,THRESHOLD,300+,246.11,0.1855,0.25,0.26,0.75,14500,500,
KXNFLPASSYDS-26SEP27CINPIT-CINJBURROW9-275,26SEP27CINPIT,Joe Burrow,6770,QB,passing yards,THRESHOLD,275+,246.11,0.2870,0.36,0.37,0.64,2,864,
KXNFLPASSYDS-26SEP27CINPIT-CINJBURROW9-250,26SEP27CINPIT,Joe Burrow,6770,QB,passing yards,THRESHOLD,250+,246.11,0.4085,0.51,0.52,0.49,1826,3036,
KXNFLPASSYDS-26SEP27CINPIT-CINJBURROW9-225,26SEP27CINPIT,Joe Burrow,6770,QB,passing yards,THRESHOLD,225+,246.11,0.5666,0.65,0.66,0.35,2071,2299,
KXNFLPASSYDS-26SEP27CINPIT-CINJBURROW9-200,26SEP27CINPIT,Joe Burrow,6770,QB,passing yards,THRESHOLD,200+,246.11,0.6980,0.77,0.79,0.23,3229,254,
KXNFLPASSYDS-26SEP27CINPIT-CINJBURROW9-175,26SEP27CINPIT,Joe Burrow,6770,QB,passing yards,THRESHOLD,175+,246.11,0.7945,0.87,0.88,0.13,203,2,
KXNFLPASSYDS-26SEP27NEJAC-NEDMAYE10-350,26SEP27NEJAC,Drake Maye,11564,QB,passing yards,THRESHOLD,350+,255.07,0.0840,0.02,0.05,0.98,20800,30,
KXNFLPASSYDS-26SEP27NEJAC-NEDMAYE10-325,26SEP27NEJAC,Drake Maye,11564,QB,passing yards,THRESHOLD,325+,255.07,0.1373,0.06,0.07,0.94,1675,1,
KXNFLPASSYDS-26SEP27NEJAC-NEDMAYE10-300,26SEP27NEJAC,Drake Maye,11564,QB,passing yards,THRESHOLD,300+,255.07,0.2271,0.12,0.13,0.88,1961,10,
KXNFLPASSYDS-26SEP27NEJAC-NEDMAYE10-275,26SEP27NEJAC,Drake Maye,11564,QB,passing yards,THRESHOLD,275+,255.07,0.3519,0.21,0.22,0.79,1318,759,
KXNFLPASSYDS-26SEP27NEJAC-NEDMAYE10-250,26SEP27NEJAC,Drake Maye,11564,QB,passing yards,THRESHOLD,250+,255.07,0.5000,0.33,0.34,0.67,442,1222,
KXNFLPASSYDS-26SEP27NEJAC-NEDMAYE10-225,26SEP27NEJAC,Drake Maye,11564,QB,passing yards,THRESHOLD,225+,255.07,0.6381,0.47,0.48,0.53,13257,2038,
KXNFLPASSYDS-26SEP27NEJAC-NEDMAYE10-200,26SEP27NEJAC,Drake Maye,11564,QB,passing yards,THRESHOLD,200+,255.07,0.7429,0.63,0.64,0.37,2283,235,
KXNFLPASSYDS-26SEP27NEJAC-NEDMAYE10-175,26SEP27NEJAC,Drake Maye,11564,QB,passing yards,THRESHOLD,175+,255.07,0.8461,0.75,0.78,0.25,7368,16,
KXNFLPASSYDS-26SEP27NEJAC-NEDMAYE10-150,26SEP27NEJAC,Drake Maye,11564,QB,passing yards,THRESHOLD,150+,255.07,0.9126,0.86,0.87,0.14,1000,1,
KXNFLPASSYDS-26SEP27NEJAC-JACTLAWRENCE16-350,26SEP27NEJAC,Trevor Lawrence,7523,QB,passing yards,THRESHOLD,350+,240.88,0.0557,0.05,0.06,0.95,20800,50,
KXNFLPASSYDS-26SEP27NEJAC-JACTLAWRENCE16-325,26SEP27NEJAC,Trevor Lawrence,7523,QB,passing yards,THRESHOLD,325+,240.88,0.0990,0.08,0.10,0.92,20520,3,
KXNFLPASSYDS-26SEP27NEJAC-JACTLAWRENCE16-300,26SEP27NEJAC,Trevor Lawrence,7523,QB,passing yards,THRESHOLD,300+,240.88,0.1755,0.14,0.15,0.86,20,38,
KXNFLPASSYDS-26SEP27NEJAC-JACTLAWRENCE16-275,26SEP27NEJAC,Trevor Lawrence,7523,QB,passing yards,THRESHOLD,275+,240.88,0.2737,0.23,0.24,0.77,5853,2619,
KXNFLPASSYDS-26SEP27NEJAC-JACTLAWRENCE16-250,26SEP27NEJAC,Trevor Lawrence,7523,QB,passing yards,THRESHOLD,250+,240.88,0.3802,0.36,0.37,0.64,8992,2180,
KXNFLPASSYDS-26SEP27NEJAC-JACTLAWRENCE16-225,26SEP27NEJAC,Trevor Lawrence,7523,QB,passing yards,THRESHOLD,225+,240.88,0.5200,0.51,0.52,0.49,9635,1054,
KXNFLPASSYDS-26SEP27NEJAC-JACTLAWRENCE16-200,26SEP27NEJAC,Trevor Lawrence,7523,QB,passing yards,THRESHOLD,200+,240.88,0.6581,0.64,0.65,0.36,7486,2209,
KXNFLPASSYDS-26SEP27NEJAC-JACTLAWRENCE16-175,26SEP27NEJAC,Trevor Lawrence,7523,QB,passing yards,THRESHOLD,175+,240.88,0.7712,0.74,0.79,0.26,3223,78,
KXNFLPASSYDS-26SEP27NEJAC-JACTLAWRENCE16-150,26SEP27NEJAC,Trevor Lawrence,7523,QB,passing yards,THRESHOLD,150+,240.88,0.8644,0.88,0.89,0.12,3293,3,
KXNFLPASSYDS-26SEP27BALDAL-DALDPRESCOTT4-400,26SEP27BALDAL,Dak Prescott,3294,QB,passing yards,THRESHOLD,400+,268.56,0.0408,0.03,0.04,0.97,301,15,
KXNFLPASSYDS-26SEP27BALDAL-DALDPRESCOTT4-375,26SEP27BALDAL,Dak Prescott,3294,QB,passing yards,THRESHOLD,375+,268.56,0.0607,0.06,0.08,0.94,220,39,
KXNFLPASSYDS-26SEP27BALDAL-DALDPRESCOTT4-350,26SEP27BALDAL,Dak Prescott,3294,QB,passing yards,THRESHOLD,350+,268.56,0.0973,0.11,0.12,0.89,204,6,
KXNFLPASSYDS-26SEP27BALDAL-DALDPRESCOTT4-325,26SEP27BALDAL,Dak Prescott,3294,QB,passing yards,THRESHOLD,325+,268.56,0.1689,0.18,0.19,0.82,174,1,
KXNFLPASSYDS-26SEP27BALDAL-DALDPRESCOTT4-300,26SEP27BALDAL,Dak Prescott,3294,QB,passing yards,THRESHOLD,300+,268.56,0.2671,0.30,0.31,0.70,185,42,
KXNFLPASSYDS-26SEP27BALDAL-DALDPRESCOTT4-275,26SEP27BALDAL,Dak Prescott,3294,QB,passing yards,THRESHOLD,275+,268.56,0.3769,0.43,0.44,0.57,1377,100,
KXNFLPASSYDS-26SEP27BALDAL-DALDPRESCOTT4-250,26SEP27BALDAL,Dak Prescott,3294,QB,passing yards,THRESHOLD,250+,268.56,0.5116,0.58,0.59,0.42,1020,243,
KXNFLPASSYDS-26SEP27BALDAL-DALDPRESCOTT4-225,26SEP27BALDAL,Dak Prescott,3294,QB,passing yards,THRESHOLD,225+,268.56,0.6498,0.71,0.72,0.29,1467,300,
KXNFLPASSYDS-26SEP27BALDAL-DALDPRESCOTT4-200,26SEP27BALDAL,Dak Prescott,3294,QB,passing yards,THRESHOLD,200+,268.56,0.7579,0.81,0.82,0.19,2018,4,
KXNFLPASSYDS-26SEP27BALDAL-DALDPRESCOTT4-175,26SEP27BALDAL,Dak Prescott,3294,QB,passing yards,THRESHOLD,175+,268.56,0.8478,0.90,0.91,0.10,1625,100,
KXNFLPASSYDS-26SEP27BALDAL-BALLJACKSON8-375,26SEP27BALDAL,Lamar Jackson,4881,QB,passing yards,THRESHOLD,375+,274.83,0.0757,0.05,0.06,0.95,22850,50,
KXNFLPASSYDS-26SEP27BALDAL-BALLJACKSON8-350,26SEP27BALDAL,Lamar Jackson,4881,QB,passing yards,THRESHOLD,350+,274.83,0.1123,0.05,0.08,0.95,5,57,
KXNFLPASSYDS-26SEP27BALDAL-BALLJACKSON8-325,26SEP27BALDAL,Lamar Jackson,4881,QB,passing yards,THRESHOLD,325+,274.83,0.1872,0.11,0.14,0.89,15500,3,
KXNFLPASSYDS-26SEP27BALDAL-BALLJACKSON8-300,26SEP27BALDAL,Lamar Jackson,4881,QB,passing yards,THRESHOLD,300+,274.83,0.2820,0.19,0.21,0.81,1020,14,
KXNFLPASSYDS-26SEP27BALDAL-BALLJACKSON8-275,26SEP27BALDAL,Lamar Jackson,4881,QB,passing yards,THRESHOLD,275+,274.83,0.3852,0.30,0.32,0.70,11024,10,
KXNFLPASSYDS-26SEP27BALDAL-BALLJACKSON8-250,26SEP27BALDAL,Lamar Jackson,4881,QB,passing yards,THRESHOLD,250+,274.83,0.5067,0.44,0.45,0.56,11243,90,
KXNFLPASSYDS-26SEP27BALDAL-BALLJACKSON8-225,26SEP27BALDAL,Lamar Jackson,4881,QB,passing yards,THRESHOLD,225+,274.83,0.6464,0.58,0.59,0.42,2142,99,
KXNFLPASSYDS-26SEP27BALDAL-BALLJACKSON8-200,26SEP27BALDAL,Lamar Jackson,4881,QB,passing yards,THRESHOLD,200+,274.83,0.7729,0.70,0.71,0.30,344,3,
KXNFLPASSYDS-26SEP27BALDAL-BALLJACKSON8-175,26SEP27BALDAL,Lamar Jackson,4881,QB,passing yards,THRESHOLD,175+,274.83,0.8527,0.80,0.83,0.20,151,1,
KXNFLPASSYDS-26SEP27BALDAL-BALLJACKSON8-150,26SEP27BALDAL,Lamar Jackson,4881,QB,passing yards,THRESHOLD,150+,274.83,0.9160,0.85,0.90,0.15,338,16,
KXNFLPASSYDS-26SEP27LACBUF-LACJHERBERT10-350,26SEP27LACBUF,Justin Herbert,6797,QB,passing yards,THRESHOLD,350+,232.11,0.0641,0.04,0.05,0.96,2516,38,
KXNFLPASSYDS-26SEP27LACBUF-LACJHERBERT10-325,26SEP27LACBUF,Justin Herbert,6797,QB,passing yards,THRESHOLD,325+,232.11,0.1007,0.09,0.10,0.91,21720,5,
KXNFLPASSYDS-26SEP27LACBUF-LACJHERBERT10-300,26SEP27LACBUF,Justin Herbert,6797,QB,passing yards,THRESHOLD,300+,232.11,0.1639,0.13,0.14,0.87,2182,8,
KXNFLPASSYDS-26SEP27LACBUF-LACJHERBERT10-275,26SEP27LACBUF,Justin Herbert,6797,QB,passing yards,THRESHOLD,275+,232.11,0.2454,0.24,0.25,0.76,23580,49,
KXNFLPASSYDS-26SEP27LACBUF-LACJHERBERT10-250,26SEP27LACBUF,Justin Herbert,6797,QB,passing yards,THRESHOLD,250+,232.11,0.3569,0.36,0.37,0.64,599,182,
KXNFLPASSYDS-26SEP27LACBUF-LACJHERBERT10-225,26SEP27LACBUF,Justin Herbert,6797,QB,passing yards,THRESHOLD,225+,232.11,0.4867,0.51,0.52,0.49,35897,1258,
KXNFLPASSYDS-26SEP27LACBUF-LACJHERBERT10-200,26SEP27LACBUF,Justin Herbert,6797,QB,passing yards,THRESHOLD,200+,232.11,0.6348,0.66,0.67,0.34,15624,17,
KXNFLPASSYDS-26SEP27LACBUF-LACJHERBERT10-175,26SEP27LACBUF,Justin Herbert,6797,QB,passing yards,THRESHOLD,175+,232.11,0.7579,0.77,0.78,0.23,357,128,
KXNFLPASSYDS-26SEP27LACBUF-LACJHERBERT10-150,26SEP27LACBUF,Justin Herbert,6797,QB,passing yards,THRESHOLD,150+,232.11,0.8760,0.87,0.88,0.13,3273,4,
KXNFLPASSYDS-26SEP27LACBUF-BUFJALLEN17-350,26SEP27LACBUF,Josh Allen,4984,QB,passing yards,THRESHOLD,350+,263.25,0.1007,0.06,0.07,0.94,20,10,
KXNFLPASSYDS-26SEP27LACBUF-BUFJALLEN17-325,26SEP27LACBUF,Josh Allen,4984,QB,passing yards,THRESHOLD,325+,263.25,0.1672,0.11,0.12,0.89,20,26,
KXNFLPASSYDS-26SEP27LACBUF-BUFJALLEN17-300,26SEP27LACBUF,Josh Allen,4984,QB,passing yards,THRESHOLD,300+,263.25,0.2621,0.19,0.20,0.81,15377,9,
KXNFLPASSYDS-26SEP27LACBUF-BUFJALLEN17-275,26SEP27LACBUF,Josh Allen,4984,QB,passing yards,THRESHOLD,275+,263.25,0.3852,0.30,0.31,0.70,1,386,
KXNFLPASSYDS-26SEP27LACBUF-BUFJALLEN17-250,26SEP27LACBUF,Josh Allen,4984,QB,passing yards,THRESHOLD,250+,263.25,0.5250,0.44,0.45,0.56,25921,15,
KXNFLPASSYDS-26SEP27LACBUF-BUFJALLEN17-225,26SEP27LACBUF,Josh Allen,4984,QB,passing yards,THRESHOLD,225+,263.25,0.6481,0.59,0.60,0.41,2001,10,
KXNFLPASSYDS-26SEP27LACBUF-BUFJALLEN17-200,26SEP27LACBUF,Josh Allen,4984,QB,passing yards,THRESHOLD,200+,263.25,0.7562,0.73,0.74,0.27,1167,20,
KXNFLPASSYDS-26SEP27LACBUF-BUFJALLEN17-175,26SEP27LACBUF,Josh Allen,4984,QB,passing yards,THRESHOLD,175+,263.25,0.8461,0.81,0.82,0.19,20,1,
KXNFLPASSYDS-26SEP27LACBUF-BUFJALLEN17-150,26SEP27LACBUF,Josh Allen,4984,QB,passing yards,THRESHOLD,150+,263.25,0.9243,0.88,0.90,0.12,354,13,
KXNFLREC-26SEP27LVNO-NONFANT87-5,26SEP27LVNO,Noah Fant,5857,TE,receptions,THRESHOLD,5+,1.51,0.0341,0.00,0.05,1.00,2399,0,
KXNFLREC-26SEP27LVNO-NONFANT87-4,26SEP27LVNO,Noah Fant,5857,TE,receptions,THRESHOLD,4+,1.51,0.0874,0.06,0.10,0.94,1251,75,
KXNFLREC-26SEP27LVNO-NONFANT87-3,26SEP27LVNO,Noah Fant,5857,TE,receptions,THRESHOLD,3+,1.51,0.2005,0.20,0.24,0.80,159,75,
KXNFLREC-26SEP27LVNO-NONFANT87-2,26SEP27LVNO,Noah Fant,5857,TE,receptions,THRESHOLD,2+,1.51,0.3619,0.46,0.49,0.54,10198,700,
KXNFLREC-26SEP28PHICHI-PHIDSMITH6-12,26SEP28PHICHI,DeVonta Smith,7525,WR,receptions,THRESHOLD,12+,5.52,0.0208,0.00,0.04,1.00,200,0,
KXNFLREC-26SEP28PHICHI-PHIDSMITH6-11,26SEP28PHICHI,DeVonta Smith,7525,WR,receptions,THRESHOLD,11+,5.52,0.0441,0.00,0.06,1.00,200,0,
KXNFLREC-26SEP28PHICHI-PHIDSMITH6-10,26SEP28PHICHI,DeVonta Smith,7525,WR,receptions,THRESHOLD,10+,5.52,0.0624,0.00,0.10,1.00,221,0,
KXNFLREC-26SEP28PHICHI-PHIDSMITH6-9,26SEP28PHICHI,DeVonta Smith,7525,WR,receptions,THRESHOLD,9+,5.52,0.1040,0.09,0.16,0.91,26,26,
KXNFLREC-26SEP28PHICHI-PHIDSMITH6-8,26SEP28PHICHI,DeVonta Smith,7525,WR,receptions,THRESHOLD,8+,5.52,0.1772,0.16,0.24,0.84,25,1,
KXNFLREC-26SEP28PHICHI-PHIDSMITH6-7,26SEP28PHICHI,DeVonta Smith,7525,WR,receptions,THRESHOLD,7+,5.52,0.2903,0.31,0.36,0.69,25,11,
KXNFLREC-26SEP28PHICHI-PHIDSMITH6-6,26SEP28PHICHI,DeVonta Smith,7525,WR,receptions,THRESHOLD,6+,5.52,0.4501,0.49,0.50,0.51,25,200,
KXNFLREC-26SEP28PHICHI-PHIDSMITH6-5,26SEP28PHICHI,DeVonta Smith,7525,WR,receptions,THRESHOLD,5+,5.52,0.6015,0.62,0.67,0.38,72,350,
KXNFLREC-26SEP28PHICHI-PHIDSMITH6-4,26SEP28PHICHI,DeVonta Smith,7525,WR,receptions,THRESHOLD,4+,5.52,0.7496,0.76,0.81,0.24,134,59,
KXNFLREC-26SEP27TENNYG-NYGDSINGLETARY26-5,26SEP27TENNYG,Devin Singletary,6130,RB,receptions,THRESHOLD,5+,0.67,0.0092,0.00,0.05,1.00,967,0,
KXNFLREC-26SEP28PHICHI-PHIDSMITH6-3,26SEP28PHICHI,DeVonta Smith,7525,WR,receptions,THRESHOLD,3+,5.52,0.8661,0.85,0.92,0.15,507,1,
KXNFLREC-26SEP27TENNYG-NYGDSINGLETARY26-4,26SEP27TENNYG,Devin Singletary,6130,RB,receptions,THRESHOLD,4+,0.67,0.0358,0.07,0.10,0.93,1125,25,
KXNFLREC-26SEP27TENNYG-NYGDSINGLETARY26-3,26SEP27TENNYG,Devin Singletary,6130,RB,receptions,THRESHOLD,3+,0.67,0.0707,0.20,0.23,0.80,10000,2,
KXNFLREC-26SEP27TENNYG-NYGDSINGLETARY26-2,26SEP27TENNYG,Devin Singletary,6130,RB,receptions,THRESHOLD,2+,0.67,0.1872,0.43,0.46,0.57,185,700,
KXNFLREC-26SEP27SEAWAS-WASRWHITE1-7,26SEP27SEAWAS,Rachaad White,8136,RB,receptions,THRESHOLD,7+,2.38,0.0291,0.00,0.04,1.00,1292,0,
KXNFLREC-26SEP27SEAWAS-WASRWHITE1-6,26SEP27SEAWAS,Rachaad White,8136,RB,receptions,THRESHOLD,6+,2.38,0.0657,0.00,0.08,1.00,1667,0,
KXNFLREC-26SEP27SEAWAS-WASRWHITE1-5,26SEP27SEAWAS,Rachaad White,8136,RB,receptions,THRESHOLD,5+,2.38,0.1256,0.12,0.15,0.88,672,25,
KXNFLREC-26SEP27SEAWAS-WASRWHITE1-4,26SEP27SEAWAS,Rachaad White,8136,RB,receptions,THRESHOLD,4+,2.38,0.2205,0.26,0.28,0.74,268,38,
KXNFLREC-26SEP27SEAWAS-WASRWHITE1-3,26SEP27SEAWAS,Rachaad White,8136,RB,receptions,THRESHOLD,3+,2.38,0.4068,0.48,0.49,0.52,2061,214,
KXNFLREC-26SEP27SEAWAS-WASRWHITE1-2,26SEP27SEAWAS,Rachaad White,8136,RB,receptions,THRESHOLD,2+,2.38,0.6314,0.69,0.73,0.31,2692,75,
KXNFLREC-26SEP28PHICHI-CHICKMET85-5,26SEP28PHICHI,Cole Kmet,6826,TE,receptions,THRESHOLD,5+,1.39,0.0241,0.00,0.06,1.00,830,0,
KXNFLREC-26SEP28PHICHI-CHICKMET85-4,26SEP28PHICHI,Cole Kmet,6826,TE,receptions,THRESHOLD,4+,1.39,0.0657,0.01,0.12,0.99,25,13,
KXNFLREC-26SEP28PHICHI-CHICKMET85-3,26SEP28PHICHI,Cole Kmet,6826,TE,receptions,THRESHOLD,3+,1.39,0.1772,0.20,0.26,0.80,931,25,
KXNFLREC-26SEP28PHICHI-CHICKMET85-2,26SEP28PHICHI,Cole Kmet,6826,TE,receptions,THRESHOLD,2+,1.39,0.3719,0.48,0.49,0.52,62,100,
KXNFLREC-26SEP27LARDEN-DENRHARVEY12-7,26SEP27LARDEN,RJ Harvey,12489,RB,receptions,THRESHOLD,7+,2.89,0.0424,0.00,0.06,1.00,1323,0,
KXNFLREC-26SEP27LARDEN-DENRHARVEY12-6,26SEP27LARDEN,RJ Harvey,12489,RB,receptions,THRESHOLD,6+,2.89,0.0807,0.00,0.11,1.00,1647,0,
KXNFLREC-26SEP27LARDEN-DENRHARVEY12-5,26SEP27LARDEN,RJ Harvey,12489,RB,receptions,THRESHOLD,5+,2.89,0.1589,0.11,0.18,0.89,200,25,
KXNFLREC-26SEP27LARDEN-DENRHARVEY12-4,26SEP27LARDEN,RJ Harvey,12489,RB,receptions,THRESHOLD,4+,2.89,0.2704,0.25,0.32,0.75,200,25,
KXNFLREC-26SEP27LARDEN-DENRHARVEY12-3,26SEP27LARDEN,RJ Harvey,12489,RB,receptions,THRESHOLD,3+,2.89,0.4784,0.54,0.55,0.46,2049,2000,
KXNFLREC-26SEP27LARDEN-DENRHARVEY12-2,26SEP27LARDEN,RJ Harvey,12489,RB,receptions,THRESHOLD,2+,2.89,0.6947,0.63,0.77,0.37,158,25,
KXNFLREC-26SEP27LARDEN-DENATRAUTMAN82-4,26SEP27LARDEN,Adam Trautman,6869,TE,receptions,THRESHOLD,4+,0.77,0.0258,0.01,0.05,0.99,1,13,
KXNFLREC-26SEP27LARDEN-DENATRAUTMAN82-3,26SEP27LARDEN,Adam Trautman,6869,TE,receptions,THRESHOLD,3+,0.77,0.0707,0.01,0.12,0.99,25,13,
KXNFLREC-26SEP27LARDEN-DENATRAUTMAN82-2,26SEP27LARDEN,Adam Trautman,6869,TE,receptions,THRESHOLD,2+,0.77,0.1988,0.26,0.30,0.74,715,119,
KXNFLREC-26SEP27LARDEN-DENATRAUTMAN82-1,26SEP27LARDEN,Adam Trautman,6869,TE,receptions,THRESHOLD,1+,0.77,0.4800,0.63,0.65,0.37,1078,200,
KXNFLREC-26SEP27CINPIT-CINEALL83-4,26SEP27CINPIT,Erick All Jr.,11592,TE,receptions,THRESHOLD,4+,1.16,0.0374,0.00,0.04,1.00,6776,0,
KXNFLREC-26SEP27CINPIT-CINEALL83-3,26SEP27CINPIT,Erick All Jr.,11592,TE,receptions,THRESHOLD,3+,1.16,0.1106,0.04,0.07,0.96,5632,128,
KXNFLREC-26SEP27CINPIT-CINEALL83-2,26SEP27CINPIT,Erick All Jr.,11592,TE,receptions,THRESHOLD,2+,1.16,0.2953,0.21,0.23,0.79,7656,403,
KXNFLREC-26SEP27CINPIT-CINEALL83-1,26SEP27CINPIT,Erick All Jr.,11592,TE,receptions,THRESHOLD,1+,1.16,0.6115,0.55,0.56,0.45,2247,816,
KXNFLREC-26SEP27CINPIT-PITRWILSON14-7,26SEP27CINPIT,Roman Wilson,11630,WR,receptions,THRESHOLD,7+,2.14,0.0191,0.00,0.04,1.00,11093,0,
KXNFLREC-26SEP27CINPIT-PITRWILSON14-6,26SEP27CINPIT,Roman Wilson,11630,WR,receptions,THRESHOLD,6+,2.14,0.0491,0.00,0.07,1.00,17300,0,
KXNFLREC-26SEP27CINPIT-PITRWILSON14-5,26SEP27CINPIT,Roman Wilson,11630,WR,receptions,THRESHOLD,5+,2.14,0.0874,0.10,0.13,0.90,24500,25,
KXNFLREC-26SEP27CINPIT-PITRWILSON14-4,26SEP27CINPIT,Roman Wilson,11630,WR,receptions,THRESHOLD,4+,2.14,0.1822,0.22,0.26,0.78,17573,1,
KXNFLREC-26SEP27CINPIT-PITRWILSON14-3,26SEP27CINPIT,Roman Wilson,11630,WR,receptions,THRESHOLD,3+,2.14,0.3220,0.42,0.43,0.58,513,285,
KXNFLREC-26SEP27SEAWAS-SEAEARROYO18-4,26SEP27SEAWAS,Elijah Arroyo,12521,TE,receptions,THRESHOLD,4+,1.13,0.0341,0.00,0.03,1.00,10739,0,
KXNFLREC-26SEP27CINPIT-PITRWILSON14-2,26SEP27CINPIT,Roman Wilson,11630,WR,receptions,THRESHOLD,2+,2.14,0.5366,0.66,0.70,0.34,1000,38,
KXNFLREC-26SEP27SEAWAS-SEAEARROYO18-3,26SEP27SEAWAS,Elijah Arroyo,12521,TE,receptions,THRESHOLD,3+,1.13,0.1090,0.00,0.07,1.00,12990,0,
KXNFLREC-26SEP27SEAWAS-SEAEARROYO18-2,26SEP27SEAWAS,Elijah Arroyo,12521,TE,receptions,THRESHOLD,2+,1.13,0.2987,0.21,0.22,0.79,5712,8,
KXNFLREC-26SEP27SEAWAS-SEAEARROYO18-1,26SEP27SEAWAS,Elijah Arroyo,12521,TE,receptions,THRESHOLD,1+,1.13,0.6198,0.57,0.58,0.43,8712,5422,
KXNFLREC-26SEP27LVNO-NOBLANCE18-5,26SEP27LVNO,Bryce Lance,13420,WR,receptions,THRESHOLD,5+,1.65,0.0607,0.00,0.04,1.00,12638,0,
KXNFLREC-26SEP27LVNO-NOBLANCE18-4,26SEP27LVNO,Bryce Lance,13420,WR,receptions,THRESHOLD,4+,1.65,0.1190,0.04,0.08,0.96,13352,75,
KXNFLREC-26SEP27LVNO-NOBLANCE18-3,26SEP27LVNO,Bryce Lance,13420,WR,receptions,THRESHOLD,3+,1.65,0.2388,0.17,0.20,0.83,12036,3,
KXNFLREC-26SEP27LVNO-NOBLANCE18-2,26SEP27LVNO,Bryce Lance,13420,WR,receptions,THRESHOLD,2+,1.65,0.4251,0.41,0.44,0.59,2785,550,
KXNFLREC-26SEP28PHICHI-PHISBARKLEY26-7,26SEP28PHICHI,Saquon Barkley,4866,RB,receptions,THRESHOLD,7+,2.33,0.0208,0.00,0.04,1.00,4700,0,
KXNFLREC-26SEP28PHICHI-PHISBARKLEY26-6,26SEP28PHICHI,Saquon Barkley,4866,RB,receptions,THRESHOLD,6+,2.33,0.0507,0.00,0.07,1.00,4700,0,
KXNFLREC-26SEP28PHICHI-PHISBARKLEY26-5,26SEP28PHICHI,Saquon Barkley,4866,RB,receptions,THRESHOLD,5+,2.33,0.1106,0.00,0.13,1.00,5417,0,
KXNFLREC-26SEP28PHICHI-PHISBARKLEY26-4,26SEP28PHICHI,Saquon Barkley,4866,RB,receptions,THRESHOLD,4+,2.33,0.2055,0.19,0.25,0.81,6023,25,
KXNFLREC-26SEP28PHICHI-PHISBARKLEY26-3,26SEP28PHICHI,Saquon Barkley,4866,RB,receptions,THRESHOLD,3+,2.33,0.3869,0.40,0.43,0.60,730,500,
KXNFLREC-26SEP28PHICHI-PHISBARKLEY26-2,26SEP28PHICHI,Saquon Barkley,4866,RB,receptions,THRESHOLD,2+,2.33,0.6231,0.62,0.68,0.38,25,723,
KXNFLREC-26SEP28PHICHI-PHIMLEMON9-8,26SEP28PHICHI,Makai Lemon,13294,WR,receptions,THRESHOLD,8+,2.65,0.0141,0.00,0.04,1.00,4984,0,
KXNFLREC-26SEP28PHICHI-PHIMLEMON9-7,26SEP28PHICHI,Makai Lemon,13294,WR,receptions,THRESHOLD,7+,2.65,0.0291,0.00,0.06,1.00,5103,0,
KXNFLREC-26SEP28PHICHI-PHIMLEMON9-6,26SEP28PHICHI,Makai Lemon,13294,WR,receptions,THRESHOLD,6+,2.65,0.0724,0.00,0.10,1.00,4700,0,
KXNFLREC-26SEP28PHICHI-PHIMLEMON9-5,26SEP28PHICHI,Makai Lemon,13294,WR,receptions,THRESHOLD,5+,2.65,0.1389,0.15,0.18,0.85,200,60,
KXNFLREC-26SEP28PHICHI-PHIMLEMON9-4,26SEP28PHICHI,Makai Lemon,13294,WR,receptions,THRESHOLD,4+,2.65,0.2354,0.28,0.31,0.72,24,50,
KXNFLREC-26SEP28PHICHI-PHIMLEMON9-3,26SEP28PHICHI,Makai Lemon,13294,WR,receptions,THRESHOLD,3+,2.65,0.4101,0.49,0.51,0.51,1208,676,
KXNFLREC-26SEP28PHICHI-PHIMLEMON9-2,26SEP28PHICHI,Makai Lemon,13294,WR,receptions,THRESHOLD,2+,2.65,0.6381,0.67,0.73,0.33,150,25,
KXNFLREC-26SEP28PHICHI-PHIDWICKS13-9,26SEP28PHICHI,Dontayvion Wicks,9486,WR,receptions,THRESHOLD,9+,3.22,0.0125,0.00,0.04,1.00,4900,0,
KXNFLREC-26SEP28PHICHI-PHIDWICKS13-8,26SEP28PHICHI,Dontayvion Wicks,9486,WR,receptions,THRESHOLD,8+,3.22,0.0408,0.00,0.05,1.00,5453,0,
KXNFLREC-26SEP28PHICHI-PHIDWICKS13-7,26SEP28PHICHI,Dontayvion Wicks,9486,WR,receptions,THRESHOLD,7+,3.22,0.0707,0.00,0.08,1.00,5146,0,
KXNFLREC-26SEP28PHICHI-PHIDWICKS13-6,26SEP28PHICHI,Dontayvion Wicks,9486,WR,receptions,THRESHOLD,6+,3.22,0.1256,0.10,0.15,0.90,7350,60,
KXNFLREC-26SEP28PHICHI-PHIDWICKS13-5,26SEP28PHICHI,Dontayvion Wicks,9486,WR,receptions,THRESHOLD,5+,3.22,0.2338,0.20,0.25,0.80,25,25,
KXNFLREC-26SEP28PHICHI-PHIDWICKS13-4,26SEP28PHICHI,Dontayvion Wicks,9486,WR,receptions,THRESHOLD,4+,3.22,0.4085,0.37,0.42,0.63,2886,800,
KXNFLREC-26SEP28PHICHI-PHIDWICKS13-3,26SEP28PHICHI,Dontayvion Wicks,9486,WR,receptions,THRESHOLD,3+,3.22,0.6015,0.57,0.62,0.43,371,723,
KXNFLREC-26SEP28PHICHI-PHIDWICKS13-2,26SEP28PHICHI,Dontayvion Wicks,9486,WR,receptions,THRESHOLD,2+,3.22,0.7596,0.76,0.82,0.24,150,18,
KXNFLREC-26SEP28PHICHI-CHIRODUNZE15-7,26SEP28PHICHI,Rome Odunze,11620,WR,receptions,THRESHOLD,7+,2.73,0.0391,0.00,0.05,1.00,4700,0,
KXNFLREC-26SEP28PHICHI-CHIRODUNZE15-6,26SEP28PHICHI,Rome Odunze,11620,WR,receptions,THRESHOLD,6+,2.73,0.0824,0.00,0.08,1.00,4700,0,
KXNFLREC-26SEP28PHICHI-CHIRODUNZE15-5,26SEP28PHICHI,Rome Odunze,11620,WR,receptions,THRESHOLD,5+,2.73,0.1456,0.10,0.15,0.90,6840,28,
KXNFLREC-26SEP28PHICHI-CHIRODUNZE15-4,26SEP28PHICHI,Rome Odunze,11620,WR,receptions,THRESHOLD,4+,2.73,0.2637,0.22,0.28,0.78,1046,28,
KXNFLREC-26SEP28PHICHI-CHIRODUNZE15-3,26SEP28PHICHI,Rome Odunze,11620,WR,receptions,THRESHOLD,3+,2.73,0.4334,0.44,0.47,0.56,1077,1,
KXNFLREC-26SEP28PHICHI-CHIRODUNZE15-2,26SEP28PHICHI,Rome Odunze,11620,WR,receptions,THRESHOLD,2+,2.73,0.6481,0.66,0.71,0.34,507,25,
KXNFLREC-26SEP28PHICHI-CHILBURDEN10-9,26SEP28PHICHI,Luther Burden III,12519,WR,receptions,THRESHOLD,9+,3.51,0.0158,0.00,0.05,1.00,4901,0,
KXNFLREC-26SEP28PHICHI-CHILBURDEN10-8,26SEP28PHICHI,Luther Burden III,12519,WR,receptions,THRESHOLD,8+,3.51,0.0408,0.00,0.08,1.00,4700,0,
KXNFLREC-26SEP28PHICHI-CHILBURDEN10-7,26SEP28PHICHI,Luther Burden III,12519,WR,receptions,THRESHOLD,7+,3.51,0.0890,0.10,0.13,0.90,4655,144,
KXNFLREC-26SEP28PHICHI-CHILBURDEN10-6,26SEP28PHICHI,Luther Burden III,12519,WR,receptions,THRESHOLD,6+,3.51,0.1439,0.19,0.23,0.81,5226,240,
KXNFLREC-26SEP28PHICHI-CHILBURDEN10-5,26SEP28PHICHI,Luther Burden III,12519,WR,receptions,THRESHOLD,5+,3.51,0.2504,0.33,0.36,0.67,200,119,
KXNFLREC-26SEP28PHICHI-CHILBURDEN10-4,26SEP28PHICHI,Luther Burden III,12519,WR,receptions,THRESHOLD,4+,3.51,0.4068,0.51,0.54,0.49,1003,750,
KXNFLREC-26SEP28PHICHI-CHILBURDEN10-3,26SEP28PHICHI,Luther Burden III,12519,WR,receptions,THRESHOLD,3+,3.51,0.6165,0.68,0.69,0.32,11,83,
KXNFLREC-26SEP28PHICHI-CHILBURDEN10-2,26SEP28PHICHI,Luther Burden III,12519,WR,receptions,THRESHOLD,2+,3.51,0.8012,0.82,0.89,0.18,169,23,
KXNFLREC-26SEP28PHICHI-CHIKRAYMOND14-8,26SEP28PHICHI,Kalif Raymond,3634,WR,receptions,THRESHOLD,8+,2.51,0.0175,0.00,0.05,1.00,4700,0,
KXNFLREC-26SEP28PHICHI-CHIKRAYMOND14-7,26SEP28PHICHI,Kalif Raymond,3634,WR,receptions,THRESHOLD,7+,2.51,0.0341,0.00,0.08,1.00,4700,0,
KXNFLREC-26SEP28PHICHI-CHIKRAYMOND14-6,26SEP28PHICHI,Kalif Raymond,3634,WR,receptions,THRESHOLD,6+,2.51,0.0724,0.08,0.13,0.92,7260,60,
KXNFLREC-26SEP28PHICHI-CHIKRAYMOND14-5,26SEP28PHICHI,Kalif Raymond,3634,WR,receptions,THRESHOLD,5+,2.51,0.1373,0.18,0.23,0.82,5510,34,
KXNFLREC-26SEP28PHICHI-CHIKRAYMOND14-4,26SEP28PHICHI,Kalif Raymond,3634,WR,receptions,THRESHOLD,4+,2.51,0.2321,0.32,0.37,0.68,500,484,
KXNFLREC-26SEP28PHICHI-CHIKRAYMOND14-3,26SEP28PHICHI,Kalif Raymond,3634,WR,receptions,THRESHOLD,3+,2.51,0.4052,0.56,0.58,0.44,1183,110,
KXNFLREC-26SEP28PHICHI-CHIKRAYMOND14-2,26SEP28PHICHI,Kalif Raymond,3634,WR,receptions,THRESHOLD,2+,2.51,0.6198,0.73,0.78,0.27,150,43,
KXNFLREC-26SEP28PHICHI-CHIDSWIFT4-6,26SEP28PHICHI,D'Andre Swift,6790,RB,receptions,THRESHOLD,6+,1.91,0.0458,0.00,0.04,1.00,4900,0,
KXNFLREC-26SEP28PHICHI-CHIDSWIFT4-5,26SEP28PHICHI,D'Andre Swift,6790,RB,receptions,THRESHOLD,5+,1.91,0.0890,0.00,0.07,1.00,4700,0,
KXNFLREC-26SEP28PHICHI-CHIDSWIFT4-4,26SEP28PHICHI,D'Andre Swift,6790,RB,receptions,THRESHOLD,4+,1.91,0.1672,0.11,0.15,0.89,4700,60,
KXNFLREC-26SEP28PHICHI-CHIDSWIFT4-3,26SEP28PHICHI,D'Andre Swift,6790,RB,receptions,THRESHOLD,3+,1.91,0.3170,0.25,0.30,0.75,5260,112,
KXNFLREC-26SEP28PHICHI-CHIDSWIFT4-2,26SEP28PHICHI,D'Andre Swift,6790,RB,receptions,THRESHOLD,2+,1.91,0.5383,0.52,0.55,0.48,1144,800,
KXNFLREC-26SEP28PHICHI-CHICLOVELAND84-8,26SEP28PHICHI,Colston Loveland,12517,TE,receptions,THRESHOLD,8+,3.26,0.0258,0.00,0.07,1.00,5052,0,
KXNFLREC-26SEP28PHICHI-CHICLOVELAND84-7,26SEP28PHICHI,Colston Loveland,12517,TE,receptions,THRESHOLD,7+,3.26,0.0491,0.07,0.11,0.93,5233,133,
KXNFLREC-26SEP28PHICHI-CHICLOVELAND84-6,26SEP28PHICHI,Colston Loveland,12517,TE,receptions,THRESHOLD,6+,3.26,0.1023,0.15,0.19,0.85,7156,179,
KXNFLREC-26SEP28PHICHI-CHICLOVELAND84-5,26SEP28PHICHI,Colston Loveland,12517,TE,receptions,THRESHOLD,5+,3.26,0.2105,0.27,0.30,0.73,25,25,
KXNFLREC-26SEP28PHICHI-CHICLOVELAND84-4,26SEP28PHICHI,Colston Loveland,12517,TE,receptions,THRESHOLD,4+,3.26,0.3702,0.50,0.51,0.50,6514,3524,
KXNFLREC-26SEP28PHICHI-CHICLOVELAND84-3,26SEP28PHICHI,Colston Loveland,12517,TE,receptions,THRESHOLD,3+,3.26,0.5666,0.65,0.68,0.35,561,338,
KXNFLREC-26SEP28PHICHI-CHICLOVELAND84-2,26SEP28PHICHI,Colston Loveland,12517,TE,receptions,THRESHOLD,2+,3.26,0.7696,0.83,0.85,0.17,213,100,
KXNFLREC-26SEP27LVNO-LVJNAILOR9-7,26SEP27LVNO,Jalen Nailor,8180,WR,receptions,THRESHOLD,7+,2.12,0.0141,0.00,0.04,1.00,8478,0,
KXNFLREC-26SEP27LVNO-LVJNAILOR9-6,26SEP27LVNO,Jalen Nailor,8180,WR,receptions,THRESHOLD,6+,2.12,0.0441,0.00,0.06,1.00,5500,0,
KXNFLREC-26SEP27LVNO-LVJNAILOR9-5,26SEP27LVNO,Jalen Nailor,8180,WR,receptions,THRESHOLD,5+,2.12,0.0790,0.08,0.12,0.92,15800,25,
KXNFLREC-26SEP27LVNO-LVJNAILOR9-4,26SEP27LVNO,Jalen Nailor,8180,WR,receptions,THRESHOLD,4+,2.12,0.1772,0.20,0.24,0.80,15600,3,
KXNFLREC-26SEP27LVNO-LVJNAILOR9-3,26SEP27LVNO,Jalen Nailor,8180,WR,receptions,THRESHOLD,3+,2.12,0.3103,0.41,0.43,0.59,5175,500,
KXNFLREC-26SEP27LVNO-LVJNAILOR9-2,26SEP27LVNO,Jalen Nailor,8180,WR,receptions,THRESHOLD,2+,2.12,0.5166,0.64,0.67,0.36,291,3,
KXNFLREC-26SEP27LVNO-NOAKAMARA41-8,26SEP27LVNO,Alvin Kamara,4035,RB,receptions,THRESHOLD,8+,2.06,0.0042,0.00,0.03,1.00,2500,0,
KXNFLREC-26SEP27LVNO-NOAKAMARA41-7,26SEP27LVNO,Alvin Kamara,4035,RB,receptions,THRESHOLD,7+,2.06,0.0158,0.00,0.06,1.00,7000,0,
KXNFLREC-26SEP27LVNO-NOAKAMARA41-6,26SEP27LVNO,Alvin Kamara,4035,RB,receptions,THRESHOLD,6+,2.06,0.0391,0.09,0.11,0.91,11,25,
KXNFLREC-26SEP27LVNO-NOAKAMARA41-5,26SEP27LVNO,Alvin Kamara,4035,RB,receptions,THRESHOLD,5+,2.06,0.0874,0.18,0.21,0.82,5022,25,
KXNFLREC-26SEP27LVNO-NOAKAMARA41-4,26SEP27LVNO,Alvin Kamara,4035,RB,receptions,THRESHOLD,4+,2.06,0.1722,0.35,0.36,0.65,6,500,
KXNFLREC-26SEP27LVNO-NOAKAMARA41-3,26SEP27LVNO,Alvin Kamara,4035,RB,receptions,THRESHOLD,3+,2.06,0.3286,0.55,0.56,0.45,9161,400,
KXNFLREC-26SEP27LVNO-NOAKAMARA41-2,26SEP27LVNO,Alvin Kamara,4035,RB,receptions,THRESHOLD,2+,2.06,0.5466,0.77,0.78,0.23,11,25,
KXNFLREC-26SEP27LVNO-NOTETIENNE3-6,26SEP27LVNO,Travis Etienne Jr.,7543,RB,receptions,THRESHOLD,6+,2.17,0.0408,0.00,0.04,1.00,6553,0,
KXNFLREC-26SEP27LVNO-NOTETIENNE3-5,26SEP27LVNO,Travis Etienne Jr.,7543,RB,receptions,THRESHOLD,5+,2.17,0.0857,0.00,0.06,1.00,1,0,
KXNFLREC-26SEP27LVNO-NOTETIENNE3-4,26SEP27LVNO,Travis Etienne Jr.,7543,RB,receptions,THRESHOLD,4+,2.17,0.1672,0.11,0.15,0.89,21357,6,
KXNFLREC-26SEP27LVNO-NOTETIENNE3-3,26SEP27LVNO,Travis Etienne Jr.,7543,RB,receptions,THRESHOLD,3+,2.17,0.3203,0.27,0.28,0.73,3556,42,
KXNFLREC-26SEP27LVNO-NOTETIENNE3-2,26SEP27LVNO,Travis Etienne Jr.,7543,RB,receptions,THRESHOLD,2+,2.17,0.5532,0.54,0.55,0.46,12164,7725,
KXNFLREC-26SEP27BALDAL-BALCMOORE17-5,26SEP27BALDAL,Chris Moore,3269,WR,receptions,THRESHOLD,5+,0.69,0.0175,0.00,0.05,1.00,7334,0,
KXNFLREC-26SEP27BALDAL-BALCMOORE17-4,26SEP27BALDAL,Chris Moore,3269,WR,receptions,THRESHOLD,4+,0.69,0.0424,0.06,0.09,0.94,6419,25,
KXNFLREC-26SEP27BALDAL-BALCMOORE17-3,26SEP27BALDAL,Chris Moore,3269,WR,receptions,THRESHOLD,3+,0.69,0.0890,0.17,0.19,0.83,3,3,
KXNFLREC-26SEP27BALDAL-BALCMOORE17-2,26SEP27BALDAL,Chris Moore,3269,WR,receptions,THRESHOLD,2+,0.69,0.2022,0.38,0.40,0.62,866,450,
KXNFLREC-26SEP27KCMIA-MIACBELL18-6,26SEP27KCMIA,Chris Bell,13311,WR,receptions,THRESHOLD,6+,2.05,0.0341,0.00,0.04,1.00,8888,0,
KXNFLREC-26SEP27KCMIA-MIACBELL18-5,26SEP27KCMIA,Chris Bell,13311,WR,receptions,THRESHOLD,5+,2.05,0.0724,0.00,0.06,1.00,1,0,
KXNFLREC-26SEP27KCMIA-MIACBELL18-4,26SEP27KCMIA,Chris Bell,13311,WR,receptions,THRESHOLD,4+,2.05,0.1556,0.08,0.12,0.92,16398,456,
KXNFLREC-26SEP27KCMIA-MIACBELL18-3,26SEP27KCMIA,Chris Bell,13311,WR,receptions,THRESHOLD,3+,2.05,0.3103,0.22,0.24,0.78,25,107,
KXNFLREC-26SEP27KCMIA-MIACBELL18-2,26SEP27KCMIA,Chris Bell,13311,WR,receptions,THRESHOLD,2+,2.05,0.5083,0.51,0.52,0.49,17898,8035,
KXNFLREC-26SEP27SEAWAS-WASAWILLIAMS14-6,26SEP27SEAWAS,Antonio Williams,13301,WR,receptions,THRESHOLD,6+,1.77,0.0258,0.00,0.04,1.00,4700,0,
KXNFLREC-26SEP27SEAWAS-WASAWILLIAMS14-5,26SEP27SEAWAS,Antonio Williams,13301,WR,receptions,THRESHOLD,5+,1.77,0.0574,0.04,0.08,0.96,24500,25,
KXNFLREC-26SEP27SEAWAS-WASAWILLIAMS14-4,26SEP27SEAWAS,Antonio Williams,13301,WR,receptions,THRESHOLD,4+,1.77,0.1223,0.14,0.17,0.86,24500,2,
KXNFLREC-26SEP27SEAWAS-WASAWILLIAMS14-3,26SEP27SEAWAS,Antonio Williams,13301,WR,receptions,THRESHOLD,3+,1.77,0.2488,0.29,0.33,0.71,20000,29,
KXNFLREC-26SEP27SEAWAS-WASAWILLIAMS14-2,26SEP27SEAWAS,Antonio Williams,13301,WR,receptions,THRESHOLD,2+,1.77,0.4601,0.56,0.57,0.44,9008,800,
KXNFLREC-26SEP27NEJAC-JACJMEYERS3-8,26SEP27NEJAC,Jakobi Meyers,5947,WR,receptions,THRESHOLD,8+,3.38,0.0474,0.00,0.05,1.00,10750,0,
KXNFLREC-26SEP27NEJAC-JACJMEYERS3-7,26SEP27NEJAC,Jakobi Meyers,5947,WR,receptions,THRESHOLD,7+,3.38,0.0740,0.06,0.09,0.94,12750,25,
KXNFLREC-26SEP27NEJAC-JACJMEYERS3-6,26SEP27NEJAC,Jakobi Meyers,5947,WR,receptions,THRESHOLD,6+,3.38,0.1389,0.13,0.15,0.87,1371,62,
KXNFLREC-26SEP27NEJAC-JACJMEYERS3-5,26SEP27NEJAC,Jakobi Meyers,5947,WR,receptions,THRESHOLD,5+,3.38,0.2404,0.25,0.28,0.75,200,118,
KXNFLREC-26SEP27NEJAC-JACJMEYERS3-4,26SEP27NEJAC,Jakobi Meyers,5947,WR,receptions,THRESHOLD,4+,3.38,0.4135,0.45,0.46,0.55,11,10,
KXNFLREC-26SEP27NEJAC-JACJMEYERS3-3,26SEP27NEJAC,Jakobi Meyers,5947,WR,receptions,THRESHOLD,3+,3.38,0.5965,0.64,0.67,0.36,11,25,
KXNFLREC-26SEP27NEJAC-JACJMEYERS3-2,26SEP27NEJAC,Jakobi Meyers,5947,WR,receptions,THRESHOLD,2+,3.38,0.7845,0.83,0.85,0.17,667,75,
KXNFLREC-26SEP27TENNYG-TENTPOLLARD20-6,26SEP27TENNYG,Tony Pollard,5967,RB,receptions,THRESHOLD,6+,1.41,0.0208,0.00,0.04,1.00,5379,0,
KXNFLREC-26SEP27TENNYG-TENTPOLLARD20-5,26SEP27TENNYG,Tony Pollard,5967,RB,receptions,THRESHOLD,5+,1.41,0.0458,0.00,0.04,1.00,5000,0,
KXNFLREC-26SEP27TENNYG-TENTPOLLARD20-4,26SEP27TENNYG,Tony Pollard,5967,RB,receptions,THRESHOLD,4+,1.41,0.0973,0.08,0.09,0.92,7896,2716,
KXNFLREC-26SEP27TENNYG-TENTPOLLARD20-3,26SEP27TENNYG,Tony Pollard,5967,RB,receptions,THRESHOLD,3+,1.41,0.2288,0.16,0.19,0.84,10627,25,
KXNFLREC-26SEP27TENNYG-TENTPOLLARD20-2,26SEP27TENNYG,Tony Pollard,5967,RB,receptions,THRESHOLD,2+,1.41,0.4068,0.40,0.41,0.60,4392,1325,
KXNFLREC-26SEP27MINTB-MINAJONES33-7,26SEP27MINTB,Aaron Jones Sr.,4199,RB,receptions,THRESHOLD,7+,2.21,0.0158,0.00,0.03,1.00,9401,0,
KXNFLREC-26SEP27MINTB-MINAJONES33-6,26SEP27MINTB,Aaron Jones Sr.,4199,RB,receptions,THRESHOLD,6+,2.21,0.0441,0.00,0.04,1.00,9300,0,
KXNFLREC-26SEP27MINTB-MINAJONES33-5,26SEP27MINTB,Aaron Jones Sr.,4199,RB,receptions,THRESHOLD,5+,2.21,0.0923,0.07,0.09,0.93,4700,85,
KXNFLREC-26SEP27MINTB-MINAJONES33-4,26SEP27MINTB,Aaron Jones Sr.,4199,RB,receptions,THRESHOLD,4+,2.21,0.1805,0.17,0.18,0.83,368,1,
KXNFLREC-26SEP27MINTB-MINAJONES33-3,26SEP27MINTB,Aaron Jones Sr.,4199,RB,receptions,THRESHOLD,3+,2.21,0.3469,0.34,0.35,0.66,405,149,
KXNFLREC-26SEP27MINTB-MINAJONES33-2,26SEP27MINTB,Aaron Jones Sr.,4199,RB,receptions,THRESHOLD,2+,2.21,0.5865,0.60,0.61,0.40,5877,7740,
KXNFLREC-26SEP27KCMIA-MIAKCOLEMAN21-2,26SEP27KCMIA,Kevin Coleman Jr.,13338,WR,receptions,THRESHOLD,2+,1.80,0.4534,0.42,0.44,0.58,2,700,
KXNFLREC-26SEP27SEAWAS-SEATHORTON15-4,26SEP27SEAWAS,Tory Horton,12497,WR,receptions,THRESHOLD,4+,1.11,0.0724,0.00,0.07,1.00,25,0,
KXNFLREC-26SEP27SEAWAS-SEATHORTON15-3,26SEP27SEAWAS,Tory Horton,12497,WR,receptions,THRESHOLD,3+,1.11,0.1406,0.00,0.11,1.00,25,0,
KXNFLREC-26SEP27SEAWAS-SEATHORTON15-2,26SEP27SEAWAS,Tory Horton,12497,WR,receptions,THRESHOLD,2+,1.11,0.3120,0.17,0.21,0.83,662,31,
KXNFLREC-26SEP27CINPIT-PITDWASHINGTON80-6,26SEP27CINPIT,Darnell Washington,9479,TE,receptions,THRESHOLD,6+,1.57,0.0125,0.00,0.03,1.00,10300,0,
KXNFLREC-26SEP27NYJDET-DETITESLAA18-5,26SEP27NYJDET,Isaac TeSlaa,12535,WR,receptions,THRESHOLD,5+,1.35,0.0258,0.00,0.04,1.00,7300,0,
KXNFLREC-26SEP27CINPIT-PITDWASHINGTON80-5,26SEP27CINPIT,Darnell Washington,9479,TE,receptions,THRESHOLD,5+,1.57,0.0358,0.04,0.05,0.96,5500,1000,
KXNFLREC-26SEP27NYJDET-DETITESLAA18-4,26SEP27NYJDET,Isaac TeSlaa,12535,WR,receptions,THRESHOLD,4+,1.35,0.0757,0.04,0.07,0.96,2500,25,
KXNFLREC-26SEP27CINPIT-PITDWASHINGTON80-4,26SEP27CINPIT,Darnell Washington,9479,TE,receptions,THRESHOLD,4+,1.57,0.1057,0.10,0.13,0.90,14500,1278,
KXNFLREC-26SEP27NYJDET-DETITESLAA18-3,26SEP27NYJDET,Isaac TeSlaa,12535,WR,receptions,THRESHOLD,3+,1.35,0.1755,0.15,0.18,0.85,20000,3,
KXNFLREC-26SEP27CINPIT-PITDWASHINGTON80-3,26SEP27CINPIT,Darnell Washington,9479,TE,receptions,THRESHOLD,3+,1.57,0.2072,0.26,0.28,0.74,1776,1,
KXNFLREC-26SEP27NYJDET-DETITESLAA18-2,26SEP27NYJDET,Isaac TeSlaa,12535,WR,receptions,THRESHOLD,2+,1.35,0.3436,0.40,0.42,0.60,12724,70,
KXNFLREC-26SEP27CINPIT-PITDWASHINGTON80-2,26SEP27CINPIT,Darnell Washington,9479,TE,receptions,THRESHOLD,2+,1.57,0.3885,0.51,0.52,0.49,4428,225,
KXNFLREC-26SEP27ARISF-SFCMCCAFFREY23-10,26SEP27ARISF,Christian McCaffrey,4034,RB,receptions,THRESHOLD,10+,4.34,0.0275,0.00,0.05,1.00,7300,0,
KXNFLREC-26SEP27ARISF-SFCMCCAFFREY23-9,26SEP27ARISF,Christian McCaffrey,4034,RB,receptions,THRESHOLD,9+,4.34,0.0541,0.05,0.07,0.95,4626,62,
KXNFLREC-26SEP27ARISF-SFCMCCAFFREY23-8,26SEP27ARISF,Christian McCaffrey,4034,RB,receptions,THRESHOLD,8+,4.34,0.0923,0.10,0.11,0.90,1118,52,
KXNFLREC-26SEP27ARISF-SFCMCCAFFREY23-7,26SEP27ARISF,Christian McCaffrey,4034,RB,receptions,THRESHOLD,7+,4.34,0.1556,0.18,0.19,0.82,1408,994,
KXNFLREC-26SEP27ARISF-SFCMCCAFFREY23-6,26SEP27ARISF,Christian McCaffrey,4034,RB,receptions,THRESHOLD,6+,4.34,0.2587,0.32,0.35,0.68,4700,2,
KXNFLREC-26SEP27ARISF-SFCMCCAFFREY23-5,26SEP27ARISF,Christian McCaffrey,4034,RB,receptions,THRESHOLD,5+,4.34,0.3652,0.51,0.52,0.49,83,25,
KXNFLREC-26SEP27ARISF-SFCMCCAFFREY23-4,26SEP27ARISF,Christian McCaffrey,4034,RB,receptions,THRESHOLD,4+,4.34,0.5033,0.65,0.69,0.35,3021,430,
KXNFLREC-26SEP27ARISF-SFCMCCAFFREY23-3,26SEP27ARISF,Christian McCaffrey,4034,RB,receptions,THRESHOLD,3+,4.34,0.6864,0.80,0.84,0.20,308,2,
KXNFLREC-26SEP27ARISF-SFCMCCAFFREY23-2,26SEP27ARISF,Christian McCaffrey,4034,RB,receptions,THRESHOLD,2+,4.34,0.8644,0.87,0.94,0.13,254,1,
KXNFLREC-26SEP27ARISF-SFDSAMUEL19-10,26SEP27ARISF,Deebo Samuel Sr.,5872,WR,receptions,THRESHOLD,10+,3.76,0.0092,0.00,0.04,1.00,9046,0,
KXNFLREC-26SEP27ARISF-SFDSAMUEL19-9,26SEP27ARISF,Deebo Samuel Sr.,5872,WR,receptions,THRESHOLD,9+,3.76,0.0208,0.00,0.06,1.00,17588,0,
KXNFLREC-26SEP27ARISF-SFDSAMUEL19-8,26SEP27ARISF,Deebo Samuel Sr.,5872,WR,receptions,THRESHOLD,8+,3.76,0.0374,0.00,0.09,1.00,10902,0,
KXNFLREC-26SEP27ARISF-SFDSAMUEL19-7,26SEP27ARISF,Deebo Samuel Sr.,5872,WR,receptions,THRESHOLD,7+,3.76,0.0857,0.12,0.14,0.88,2,47,
KXNFLREC-26SEP27ARISF-SFDSAMUEL19-6,26SEP27ARISF,Deebo Samuel Sr.,5872,WR,receptions,THRESHOLD,6+,3.76,0.1805,0.21,0.24,0.79,1515,314,
KXNFLREC-26SEP27ARISF-SFDSAMUEL19-5,26SEP27ARISF,Deebo Samuel Sr.,5872,WR,receptions,THRESHOLD,5+,3.76,0.2970,0.36,0.40,0.64,3542,200,
KXNFLREC-26SEP27ARISF-SFDSAMUEL19-4,26SEP27ARISF,Deebo Samuel Sr.,5872,WR,receptions,THRESHOLD,4+,3.76,0.4584,0.56,0.57,0.44,2005,701,
KXNFLREC-26SEP27ARISF-SFDSAMUEL19-3,26SEP27ARISF,Deebo Samuel Sr.,5872,WR,receptions,THRESHOLD,3+,3.76,0.6730,0.74,0.76,0.26,678,1,
KXNFLREC-26SEP27ARISF-SFDSAMUEL19-2,26SEP27ARISF,Deebo Samuel Sr.,5872,WR,receptions,THRESHOLD,2+,3.76,0.8478,0.85,0.90,0.15,1000,31,
KXNFLREC-26SEP27ARISF-SFGKITTLE85-10,26SEP27ARISF,George Kittle,4217,TE,receptions,THRESHOLD,10+,4.28,0.0158,0.00,0.04,1.00,10061,0,
KXNFLREC-26SEP27ARISF-SFGKITTLE85-9,26SEP27ARISF,George Kittle,4217,TE,receptions,THRESHOLD,9+,4.28,0.0374,0.00,0.06,1.00,25555,0,
KXNFLREC-26SEP27ARISF-SFGKITTLE85-8,26SEP27ARISF,George Kittle,4217,TE,receptions,THRESHOLD,8+,4.28,0.0707,0.06,0.10,0.94,10471,25,
KXNFLREC-26SEP27ARISF-SFGKITTLE85-7,26SEP27ARISF,George Kittle,4217,TE,receptions,THRESHOLD,7+,4.28,0.1473,0.13,0.15,0.87,1176,40,
KXNFLREC-26SEP27ARISF-SFGKITTLE85-6,26SEP27ARISF,George Kittle,4217,TE,receptions,THRESHOLD,6+,4.28,0.2488,0.23,0.27,0.77,6647,25,
KXNFLREC-26SEP27ARISF-SFGKITTLE85-5,26SEP27ARISF,George Kittle,4217,TE,receptions,THRESHOLD,5+,4.28,0.3802,0.40,0.42,0.60,25,25,
KXNFLREC-26SEP27ARISF-SFGKITTLE85-4,26SEP27ARISF,George Kittle,4217,TE,receptions,THRESHOLD,4+,4.28,0.5666,0.58,0.59,0.42,2,500,
KXNFLREC-26SEP27ARISF-SFGKITTLE85-3,26SEP27ARISF,George Kittle,4217,TE,receptions,THRESHOLD,3+,4.28,0.7346,0.74,0.78,0.26,169,42,
KXNFLREC-26SEP27ARISF-SFGKITTLE85-2,26SEP27ARISF,George Kittle,4217,TE,receptions,THRESHOLD,2+,4.28,0.8877,0.87,0.92,0.13,442,1,
KXNFLREC-26SEP27LACBUF-BUFDKNOX88-5,26SEP27LACBUF,Dawson Knox,5906,TE,receptions,THRESHOLD,5+,1.49,0.0324,0.00,0.05,1.00,9025,0,
KXNFLREC-26SEP27LACBUF-BUFDKNOX88-4,26SEP27LACBUF,Dawson Knox,5906,TE,receptions,THRESHOLD,4+,1.49,0.0874,0.00,0.09,1.00,18325,0,
KXNFLREC-26SEP27LACBUF-BUFDKNOX88-3,26SEP27LACBUF,Dawson Knox,5906,TE,receptions,THRESHOLD,3+,1.49,0.2005,0.15,0.19,0.85,13702,38,
KXNFLREC-26SEP27LACBUF-BUFDKNOX88-2,26SEP27LACBUF,Dawson Knox,5906,TE,receptions,THRESHOLD,2+,1.49,0.3669,0.38,0.41,0.62,13363,524,
KXNFLREC-26SEP27LARDEN-LARTFERGUSON18-9,26SEP27LARDEN,Terrance Ferguson,12487,TE,receptions,THRESHOLD,9+,2.73,0.0092,0.00,0.05,1.00,4800,0,
KXNFLREC-26SEP27LARDEN-LARTFERGUSON18-8,26SEP27LARDEN,Terrance Ferguson,12487,TE,receptions,THRESHOLD,8+,2.73,0.0158,0.00,0.09,1.00,6590,0,
KXNFLREC-26SEP27LARDEN-LARTFERGUSON18-7,26SEP27LARDEN,Terrance Ferguson,12487,TE,receptions,THRESHOLD,7+,2.73,0.0391,0.10,0.16,0.90,8465,101,
KXNFLREC-26SEP27LARDEN-LARTFERGUSON18-6,26SEP27LARDEN,Terrance Ferguson,12487,TE,receptions,THRESHOLD,6+,2.73,0.0907,0.24,0.27,0.76,25215,13,
KXNFLREC-26SEP27LARDEN-LARTFERGUSON18-5,26SEP27LARDEN,Terrance Ferguson,12487,TE,receptions,THRESHOLD,5+,2.73,0.1556,0.40,0.41,0.60,11878,115,
KXNFLREC-26SEP27LARDEN-LARTFERGUSON18-4,26SEP27LARDEN,Terrance Ferguson,12487,TE,receptions,THRESHOLD,4+,2.73,0.2870,0.60,0.61,0.40,7474,25,
KXNFLREC-26SEP27LARDEN-LARTFERGUSON18-3,26SEP27LARDEN,Terrance Ferguson,12487,TE,receptions,THRESHOLD,3+,2.73,0.4700,0.71,0.77,0.29,152,60,
KXNFLREC-26SEP27LARDEN-LARTFERGUSON18-2,26SEP27LARDEN,Terrance Ferguson,12487,TE,receptions,THRESHOLD,2+,2.73,0.6830,0.84,0.91,0.16,760,50,
KXNFLREC-26SEP27LARDEN-LARKWILLIAMS23-6,26SEP27LARDEN,Kyren Williams,8150,RB,receptions,THRESHOLD,6+,2.13,0.0424,0.00,0.06,1.00,4800,0,
KXNFLREC-26SEP27LARDEN-LARKWILLIAMS23-5,26SEP27LARDEN,Kyren Williams,8150,RB,receptions,THRESHOLD,5+,2.13,0.0890,0.00,0.11,1.00,4800,0,
KXNFLREC-26SEP27LARDEN-LARKWILLIAMS23-4,26SEP27LARDEN,Kyren Williams,8150,RB,receptions,THRESHOLD,4+,2.13,0.1705,0.18,0.23,0.82,7829,29,
KXNFLREC-26SEP27LARDEN-LARKWILLIAMS23-3,26SEP27LARDEN,Kyren Williams,8150,RB,receptions,THRESHOLD,3+,2.13,0.3319,0.39,0.42,0.61,6104,256,
KXNFLREC-26SEP27LARDEN-LARKWILLIAMS23-2,26SEP27LARDEN,Kyren Williams,8150,RB,receptions,THRESHOLD,2+,2.13,0.5549,0.63,0.66,0.37,500,78,
KXNFLREC-26SEP27NYJDET-NYJKSADIQ16-8,26SEP27NYJDET,Kenyon Sadiq,13330,TE,receptions,THRESHOLD,8+,2.96,0.0191,0.02,0.05,0.98,17302,25,
KXNFLREC-26SEP27NYJDET-NYJKSADIQ16-7,26SEP27NYJDET,Kenyon Sadiq,13330,TE,receptions,THRESHOLD,7+,2.96,0.0424,0.04,0.07,0.96,9200,25,
KXNFLREC-26SEP27NYJDET-NYJKSADIQ16-6,26SEP27NYJDET,Kenyon Sadiq,13330,TE,receptions,THRESHOLD,6+,2.96,0.1040,0.10,0.12,0.90,25,1525,
KXNFLREC-26SEP27NYJDET-NYJKSADIQ16-5,26SEP27NYJDET,Kenyon Sadiq,13330,TE,receptions,THRESHOLD,5+,2.96,0.1905,0.21,0.23,0.79,25,225,
KXNFLREC-26SEP27NYJDET-NYJKSADIQ16-4,26SEP27NYJDET,Kenyon Sadiq,13330,TE,receptions,THRESHOLD,4+,2.96,0.3120,0.38,0.40,0.62,16074,1000,
KXNFLREC-26SEP27NYJDET-NYJKSADIQ16-3,26SEP27NYJDET,Kenyon Sadiq,13330,TE,receptions,THRESHOLD,3+,2.96,0.5250,0.61,0.62,0.39,22861,17,
KXNFLREC-26SEP27NYJDET-NYJKSADIQ16-2,26SEP27NYJDET,Kenyon Sadiq,13330,TE,receptions,THRESHOLD,2+,2.96,0.7213,0.79,0.81,0.21,157,5,
KXNFLREC-26SEP27NYJDET-NYJIWILLIAMS18-7,26SEP27NYJDET,Isaiah Williams,11608,WR,receptions,THRESHOLD,7+,2.78,0.0491,0.00,0.06,1.00,7628,0,
KXNFLREC-26SEP27NYJDET-NYJIWILLIAMS18-6,26SEP27NYJDET,Isaiah Williams,11608,WR,receptions,THRESHOLD,6+,2.78,0.1007,0.06,0.09,0.94,15598,500,
KXNFLREC-26SEP27NYJDET-NYJIWILLIAMS18-5,26SEP27NYJDET,Isaiah Williams,11608,WR,receptions,THRESHOLD,5+,2.78,0.1572,0.16,0.18,0.84,15912,3,
KXNFLREC-26SEP27NYJDET-NYJIWILLIAMS18-4,26SEP27NYJDET,Isaiah Williams,11608,WR,receptions,THRESHOLD,4+,2.78,0.2804,0.30,0.31,0.70,11000,266,
KXNFLREC-26SEP27NYJDET-NYJIWILLIAMS18-3,26SEP27NYJDET,Isaiah Williams,11608,WR,receptions,THRESHOLD,3+,2.78,0.4418,0.53,0.54,0.47,21186,37,
KXNFLREC-26SEP27NYJDET-NYJIWILLIAMS18-2,26SEP27NYJDET,Isaiah Williams,11608,WR,receptions,THRESHOLD,2+,2.78,0.6431,0.73,0.74,0.27,1000,1,
KXNFLREC-26SEP27CARCLE-CLEJJEUDY3-6,26SEP27CARCLE,Jerry Jeudy,6783,WR,receptions,THRESHOLD,6+,2.38,0.0607,0.00,0.04,1.00,8500,0,
KXNFLREC-26SEP27CARCLE-CLEJJEUDY3-5,26SEP27CARCLE,Jerry Jeudy,6783,WR,receptions,THRESHOLD,5+,2.38,0.1256,0.00,0.06,1.00,11100,0,
KXNFLREC-26SEP27CARCLE-CLEJJEUDY3-4,26SEP27CARCLE,Jerry Jeudy,6783,WR,receptions,THRESHOLD,4+,2.38,0.2404,0.11,0.14,0.89,16317,2,
KXNFLREC-26SEP27CARCLE-CLEJJEUDY3-3,26SEP27CARCLE,Jerry Jeudy,6783,WR,receptions,THRESHOLD,3+,2.38,0.3985,0.26,0.29,0.74,2458,2,
KXNFLREC-26SEP27CARCLE-CLEJJEUDY3-2,26SEP27CARCLE,Jerry Jeudy,6783,WR,receptions,THRESHOLD,2+,2.38,0.6248,0.54,0.55,0.46,11770,6025,
KXNFLREC-26SEP27CINPIT-CINSPERINE34-5,26SEP27CINPIT,Samaje Perine,4147,RB,receptions,THRESHOLD,5+,1.41,0.0458,0.00,0.04,1.00,5800,0,
KXNFLREC-26SEP27CINPIT-CINSPERINE34-4,26SEP27CINPIT,Samaje Perine,4147,RB,receptions,THRESHOLD,4+,1.41,0.0973,0.07,0.10,0.93,4700,27,
KXNFLREC-26SEP27CINPIT-CINSPERINE34-3,26SEP27CINPIT,Samaje Perine,4147,RB,receptions,THRESHOLD,3+,1.41,0.2288,0.20,0.23,0.80,5700,25,
KXNFLREC-26SEP27CINPIT-CINSPERINE34-2,26SEP27CINPIT,Samaje Perine,4147,RB,receptions,THRESHOLD,2+,1.41,0.4068,0.46,0.47,0.54,8024,210,
KXNFLREC-26SEP27LARDEN-LARDADAMS17-9,26SEP27LARDEN,Davante Adams,2133,WR,receptions,THRESHOLD,9+,4.95,0.0857,0.12,0.16,0.88,17863,10,
KXNFLREC-26SEP27LARDEN-LARDADAMS17-8,26SEP27LARDEN,Davante Adams,2133,WR,receptions,THRESHOLD,8+,4.95,0.1489,0.19,0.23,0.81,2,41,
KXNFLREC-26SEP27LARDEN-LARDADAMS17-7,26SEP27LARDEN,Davante Adams,2133,WR,receptions,THRESHOLD,7+,4.95,0.2205,0.32,0.37,0.68,5260,101,
KXNFLREC-26SEP27LARDEN-LARDADAMS17-6,26SEP27LARDEN,Davante Adams,2133,WR,receptions,THRESHOLD,6+,4.95,0.3336,0.52,0.53,0.48,11321,16,
KXNFLREC-26SEP27LARDEN-LARDADAMS17-5,26SEP27LARDEN,Davante Adams,2133,WR,receptions,THRESHOLD,5+,4.95,0.4900,0.64,0.68,0.36,2765,59,
KXNFLREC-26SEP27LARDEN-LARDADAMS17-4,26SEP27LARDEN,Davante Adams,2133,WR,receptions,THRESHOLD,4+,4.95,0.6431,0.78,0.82,0.22,760,100,
KXNFLREC-26SEP27LARDEN-LARDADAMS17-3,26SEP27LARDEN,Davante Adams,2133,WR,receptions,THRESHOLD,3+,4.95,0.7829,0.85,0.92,0.15,760,79,
KXNFLREC-26SEP27LARDEN-LARDADAMS17-12,26SEP27LARDEN,Davante Adams,2133,WR,receptions,THRESHOLD,12+,4.95,0.0092,0.00,0.04,1.00,4800,0,
KXNFLREC-26SEP27LARDEN-LARDADAMS17-11,26SEP27LARDEN,Davante Adams,2133,WR,receptions,THRESHOLD,11+,4.95,0.0225,0.01,0.06,0.99,4800,3,
KXNFLREC-26SEP27LARDEN-LARDADAMS17-10,26SEP27LARDEN,Davante Adams,2133,WR,receptions,THRESHOLD,10+,4.95,0.0524,0.02,0.10,0.98,4800,2,
KXNFLREC-26SEP27LARDEN-DENPBRYANT13-7,26SEP27LARDEN,Pat Bryant,12492,WR,receptions,THRESHOLD,7+,2.88,0.0474,0.01,0.06,0.99,14800,3,
KXNFLREC-26SEP27LARDEN-DENPBRYANT13-6,26SEP27LARDEN,Pat Bryant,12492,WR,receptions,THRESHOLD,6+,2.88,0.1040,0.05,0.10,0.95,15757,25,
KXNFLREC-26SEP27LARDEN-DENPBRYANT13-5,26SEP27LARDEN,Pat Bryant,12492,WR,receptions,THRESHOLD,5+,2.88,0.1772,0.15,0.18,0.85,4,28,
KXNFLREC-26SEP27LARDEN-DENPBRYANT13-4,26SEP27LARDEN,Pat Bryant,12492,WR,receptions,THRESHOLD,4+,2.88,0.3020,0.29,0.34,0.71,11197,25,
KXNFLREC-26SEP27LARDEN-DENPBRYANT13-3,26SEP27LARDEN,Pat Bryant,12492,WR,receptions,THRESHOLD,3+,2.88,0.4950,0.53,0.54,0.47,2009,1135,
KXNFLREC-26SEP27LARDEN-DENPBRYANT13-2,26SEP27LARDEN,Pat Bryant,12492,WR,receptions,THRESHOLD,2+,2.88,0.6913,0.73,0.77,0.27,158,12,
KXNFLREC-26SEP27LARDEN-DENJWADDLE17-9,26SEP27LARDEN,Jaylen Waddle,7526,WR,receptions,THRESHOLD,9+,4.61,0.0574,0.06,0.10,0.94,18643,28,
KXNFLREC-26SEP27LARDEN-DENJWADDLE17-8,26SEP27LARDEN,Jaylen Waddle,7526,WR,receptions,THRESHOLD,8+,4.61,0.1306,0.12,0.16,0.88,2,86,
KXNFLREC-26SEP27LARDEN-DENJWADDLE17-7,26SEP27LARDEN,Jaylen Waddle,7526,WR,receptions,THRESHOLD,7+,4.61,0.2205,0.23,0.27,0.77,14976,35,
KXNFLREC-26SEP27LARDEN-DENJWADDLE17-6,26SEP27LARDEN,Jaylen Waddle,7526,WR,receptions,THRESHOLD,6+,4.61,0.3386,0.38,0.40,0.62,10500,23,
KXNFLREC-26SEP27LARDEN-DENJWADDLE17-5,26SEP27LARDEN,Jaylen Waddle,7526,WR,receptions,THRESHOLD,5+,4.61,0.5100,0.54,0.57,0.46,1479,700,
KXNFLREC-26SEP27LARDEN-DENJWADDLE17-4,26SEP27LARDEN,Jaylen Waddle,7526,WR,receptions,THRESHOLD,4+,4.61,0.6664,0.71,0.74,0.29,2964,34,
KXNFLREC-26SEP27LARDEN-DENJWADDLE17-3,26SEP27LARDEN,Jaylen Waddle,7526,WR,receptions,THRESHOLD,3+,4.61,0.8062,0.81,0.87,0.19,751,69,
KXNFLREC-26SEP27LARDEN-DENJWADDLE17-11,26SEP27LARDEN,Jaylen Waddle,7526,WR,receptions,THRESHOLD,11+,4.61,0.0125,0.00,0.05,1.00,7172,0,
KXNFLREC-26SEP27LARDEN-DENJWADDLE17-10,26SEP27LARDEN,Jaylen Waddle,7526,WR,receptions,THRESHOLD,10+,4.61,0.0208,0.01,0.06,0.99,14500,3,
KXNFLREC-26SEP27LARDEN-DENEENGRAM1-7,26SEP27LARDEN,Evan Engram,4066,TE,receptions,THRESHOLD,7+,2.29,0.0291,0.01,0.05,0.99,14500,3,
KXNFLREC-26SEP27LARDEN-DENEENGRAM1-6,26SEP27LARDEN,Evan Engram,4066,TE,receptions,THRESHOLD,6+,2.29,0.0757,0.05,0.10,0.95,14500,25,
KXNFLREC-26SEP27LARDEN-DENEENGRAM1-5,26SEP27LARDEN,Evan Engram,4066,TE,receptions,THRESHOLD,5+,2.29,0.1306,0.14,0.17,0.86,2,50,
KXNFLREC-26SEP27LARDEN-DENEENGRAM1-4,26SEP27LARDEN,Evan Engram,4066,TE,receptions,THRESHOLD,4+,2.29,0.2504,0.28,0.33,0.72,11723,124,
KXNFLREC-26SEP27LARDEN-DENEENGRAM1-3,26SEP27LARDEN,Evan Engram,4066,TE,receptions,THRESHOLD,3+,2.29,0.4634,0.50,0.52,0.50,416,2,
KXNFLREC-26SEP27LARDEN-DENEENGRAM1-2,26SEP27LARDEN,Evan Engram,4066,TE,receptions,THRESHOLD,2+,2.29,0.6381,0.73,0.76,0.27,152,23,
KXNFLREC-26SEP27LARDEN-DENCSUTTON14-8,26SEP27LARDEN,Courtland Sutton,5045,WR,receptions,THRESHOLD,8+,3.38,0.0474,0.01,0.06,0.99,19493,3,
KXNFLREC-26SEP27LARDEN-DENCSUTTON14-7,26SEP27LARDEN,Courtland Sutton,5045,WR,receptions,THRESHOLD,7+,3.38,0.0740,0.06,0.10,0.94,15985,25,
KXNFLREC-26SEP27LARDEN-DENCSUTTON14-6,26SEP27LARDEN,Courtland Sutton,5045,WR,receptions,THRESHOLD,6+,3.38,0.1389,0.13,0.18,0.87,16028,42,
KXNFLREC-26SEP27LARDEN-DENCSUTTON14-5,26SEP27LARDEN,Courtland Sutton,5045,WR,receptions,THRESHOLD,5+,3.38,0.2404,0.26,0.29,0.74,11,37,
KXNFLREC-26SEP27LARDEN-DENCSUTTON14-4,26SEP27LARDEN,Courtland Sutton,5045,WR,receptions,THRESHOLD,4+,3.38,0.4135,0.43,0.46,0.57,1,493,
KXNFLREC-26SEP27LARDEN-DENCSUTTON14-3,26SEP27LARDEN,Courtland Sutton,5045,WR,receptions,THRESHOLD,3+,3.38,0.5965,0.64,0.68,0.36,25,32,
KXNFLREC-26SEP27LARDEN-DENCSUTTON14-2,26SEP27LARDEN,Courtland Sutton,5045,WR,receptions,THRESHOLD,2+,3.38,0.7845,0.82,0.86,0.18,169,19,
KXNFLREC-26SEP27ARISF-ARIJLOVE4-7,26SEP27ARISF,Jeremiyah Love,13287,RB,receptions,THRESHOLD,7+,3.72,0.0957,0.01,0.05,0.99,8500,2,
KXNFLREC-26SEP27ARISF-ARIJLOVE4-6,26SEP27ARISF,Jeremiyah Love,13287,RB,receptions,THRESHOLD,6+,3.72,0.1689,0.04,0.07,0.96,4700,104,
KXNFLREC-26SEP27ARISF-ARIJLOVE4-5,26SEP27ARISF,Jeremiyah Love,13287,RB,receptions,THRESHOLD,5+,3.72,0.2720,0.13,0.14,0.87,5663,350,
KXNFLREC-26SEP27ARISF-ARIJLOVE4-4,26SEP27ARISF,Jeremiyah Love,13287,RB,receptions,THRESHOLD,4+,3.72,0.4168,0.26,0.28,0.74,5300,400,
KXNFLREC-26SEP27ARISF-ARIJLOVE4-3,26SEP27ARISF,Jeremiyah Love,13287,RB,receptions,THRESHOLD,3+,3.72,0.6298,0.50,0.51,0.50,18878,3202,
KXNFLREC-26SEP27ARISF-ARIJLOVE4-2,26SEP27ARISF,Jeremiyah Love,13287,RB,receptions,THRESHOLD,2+,3.72,0.8195,0.69,0.73,0.31,1891,164,
KXNFLREC-26SEP27ARISF-ARIKBOURNE17-7,26SEP27ARISF,Kendrick Bourne,4454,WR,receptions,THRESHOLD,7+,2.24,0.0258,0.03,0.06,0.97,8750,200,
KXNFLREC-26SEP27SEAWAS-SEACKUPP10-7,26SEP27SEAWAS,Cooper Kupp,4039,WR,receptions,THRESHOLD,7+,2.42,0.0241,0.01,0.03,0.99,5730,2,
KXNFLREC-26SEP27ARISF-ARIKBOURNE17-6,26SEP27ARISF,Kendrick Bourne,4454,WR,receptions,THRESHOLD,6+,2.24,0.0557,0.06,0.09,0.94,15185,25,
KXNFLREC-26SEP27SEAWAS-SEACKUPP10-6,26SEP27SEAWAS,Cooper Kupp,4039,WR,receptions,THRESHOLD,6+,2.42,0.0574,0.01,0.05,0.99,10750,4,
KXNFLREC-26SEP27ARISF-ARIKBOURNE17-5,26SEP27ARISF,Kendrick Bourne,4454,WR,receptions,THRESHOLD,5+,2.24,0.1040,0.14,0.15,0.86,200,202,
KXNFLREC-26SEP27SEAWAS-SEACKUPP10-5,26SEP27SEAWAS,Cooper Kupp,4039,WR,receptions,THRESHOLD,5+,2.42,0.1206,0.08,0.11,0.92,4700,3,
KXNFLREC-26SEP27ARISF-ARIKBOURNE17-4,26SEP27ARISF,Kendrick Bourne,4454,WR,receptions,THRESHOLD,4+,2.24,0.2088,0.27,0.29,0.73,25,13,
KXNFLREC-26SEP27SEAWAS-SEACKUPP10-4,26SEP27SEAWAS,Cooper Kupp,4039,WR,receptions,THRESHOLD,4+,2.42,0.2221,0.20,0.22,0.80,416,30,
KXNFLREC-26SEP27ARISF-ARIKBOURNE17-3,26SEP27ARISF,Kendrick Bourne,4454,WR,receptions,THRESHOLD,3+,2.24,0.3403,0.48,0.49,0.52,25,1143,
KXNFLREC-26SEP27SEAWAS-SEACKUPP10-3,26SEP27SEAWAS,Cooper Kupp,4039,WR,receptions,THRESHOLD,3+,2.42,0.3902,0.36,0.37,0.64,6256,658,
KXNFLREC-26SEP27ARISF-ARIKBOURNE17-2,26SEP27ARISF,Kendrick Bourne,4454,WR,receptions,THRESHOLD,2+,2.24,0.5483,0.69,0.72,0.31,664,28,
KXNFLREC-26SEP27SEAWAS-SEACKUPP10-2,26SEP27SEAWAS,Cooper Kupp,4039,WR,receptions,THRESHOLD,2+,2.42,0.6115,0.62,0.63,0.38,5,1200,
KXNFLREC-26SEP27HOUIND-HOUJWAYNE17-5,26SEP27HOUIND,Jared Wayne,11056,WR,receptions,THRESHOLD,5+,1.41,0.0424,0.01,0.05,0.99,907,3,
KXNFLREC-26SEP27HOUIND-HOUJWAYNE17-4,26SEP27HOUIND,Jared Wayne,11056,WR,receptions,THRESHOLD,4+,1.41,0.1007,0.07,0.10,0.93,2064,49,
KXNFLREC-26SEP27HOUIND-HOUJWAYNE17-3,26SEP27HOUIND,Jared Wayne,11056,WR,receptions,THRESHOLD,3+,1.41,0.2005,0.21,0.22,0.79,1,25,
KXNFLREC-26SEP27HOUIND-HOUJWAYNE17-2,26SEP27HOUIND,Jared Wayne,11056,WR,receptions,THRESHOLD,2+,1.41,0.3719,0.46,0.47,0.54,3168,1103,
KXNFLREC-26SEP27HOUIND-INDDSLAYTON11-4,26SEP27HOUIND,Darius Slayton,6149,WR,receptions,THRESHOLD,4+,0.74,0.0424,0.00,0.06,1.00,4734,0,
KXNFLREC-26SEP27HOUIND-INDDSLAYTON11-3,26SEP27HOUIND,Darius Slayton,6149,WR,receptions,THRESHOLD,3+,0.74,0.1007,0.13,0.14,0.87,1000,23,
KXNFLREC-26SEP27HOUIND-INDDSLAYTON11-2,26SEP27HOUIND,Darius Slayton,6149,WR,receptions,THRESHOLD,2+,0.74,0.2155,0.32,0.33,0.68,7989,2384,
KXNFLREC-26SEP27HOUIND-INDLTREADWELL13-5,26SEP27HOUIND,Laquon Treadwell,3155,WR,receptions,THRESHOLD,5+,1.08,0.0258,0.01,0.04,0.99,4801,2,
KXNFLREC-26SEP27HOUIND-INDLTREADWELL13-4,26SEP27HOUIND,Laquon Treadwell,3155,WR,receptions,THRESHOLD,4+,1.08,0.0740,0.05,0.08,0.95,2,25,
KXNFLREC-26SEP27HOUIND-INDLTREADWELL13-3,26SEP27HOUIND,Laquon Treadwell,3155,WR,receptions,THRESHOLD,3+,1.08,0.1406,0.16,0.19,0.84,15901,33,
KXNFLREC-26SEP27HOUIND-INDLTREADWELL13-2,26SEP27HOUIND,Laquon Treadwell,3155,WR,receptions,THRESHOLD,2+,1.08,0.3103,0.43,0.44,0.57,17878,36,
KXNFLREC-26SEP27BALDAL-DALRFLOURNOY19-8,26SEP27BALDAL,Ryan Flournoy,11783,WR,receptions,THRESHOLD,8+,3.01,0.0158,0.01,0.05,0.99,18085,2,
KXNFLREC-26SEP27BALDAL-DALRFLOURNOY19-7,26SEP27BALDAL,Ryan Flournoy,11783,WR,receptions,THRESHOLD,7+,3.01,0.0474,0.05,0.07,0.95,14500,24,
KXNFLREC-26SEP27BALDAL-DALRFLOURNOY19-6,26SEP27BALDAL,Ryan Flournoy,11783,WR,receptions,THRESHOLD,6+,3.01,0.0990,0.12,0.14,0.88,24500,45,
KXNFLREC-26SEP27BALDAL-DALRFLOURNOY19-5,26SEP27BALDAL,Ryan Flournoy,11783,WR,receptions,THRESHOLD,5+,3.01,0.2005,0.25,0.26,0.75,11350,44,
KXNFLREC-26SEP27BALDAL-DALRFLOURNOY19-4,26SEP27BALDAL,Ryan Flournoy,11783,WR,receptions,THRESHOLD,4+,3.01,0.3469,0.40,0.41,0.60,215,4284,
KXNFLREC-26SEP27BALDAL-DALRFLOURNOY19-3,26SEP27BALDAL,Ryan Flournoy,11783,WR,receptions,THRESHOLD,3+,3.01,0.5433,0.59,0.62,0.41,1369,594,
KXNFLREC-26SEP27BALDAL-DALRFLOURNOY19-2,26SEP27BALDAL,Ryan Flournoy,11783,WR,receptions,THRESHOLD,2+,3.01,0.7379,0.80,0.82,0.20,1511,50,
KXNFLREC-26SEP27BALDAL-DALJWILLIAMS33-8,26SEP27BALDAL,Javonte Williams,7588,RB,receptions,THRESHOLD,8+,2.72,0.0125,0.01,0.04,0.99,11315,2,
KXNFLREC-26SEP27BALDAL-DALJWILLIAMS33-7,26SEP27BALDAL,Javonte Williams,7588,RB,receptions,THRESHOLD,7+,2.72,0.0374,0.01,0.06,0.99,8500,4,
KXNFLREC-26SEP27BALDAL-DALJWILLIAMS33-6,26SEP27BALDAL,Javonte Williams,7588,RB,receptions,THRESHOLD,6+,2.72,0.0707,0.08,0.10,0.92,9300,25,
KXNFLREC-26SEP27BALDAL-DALJWILLIAMS33-5,26SEP27BALDAL,Javonte Williams,7588,RB,receptions,THRESHOLD,5+,2.72,0.1406,0.17,0.20,0.83,4700,49,
KXNFLREC-26SEP27BALDAL-DALJWILLIAMS33-4,26SEP27BALDAL,Javonte Williams,7588,RB,receptions,THRESHOLD,4+,2.72,0.2587,0.33,0.36,0.67,4115,21,
KXNFLREC-26SEP27BALDAL-DALJWILLIAMS33-3,26SEP27BALDAL,Javonte Williams,7588,RB,receptions,THRESHOLD,3+,2.72,0.4850,0.53,0.54,0.47,940,25,
KXNFLREC-26SEP27BALDAL-DALJWILLIAMS33-2,26SEP27BALDAL,Javonte Williams,7588,RB,receptions,THRESHOLD,2+,2.72,0.7013,0.76,0.78,0.24,318,30,
KXNFLREC-26SEP27BALDAL-DALJFERGUSON87-9,26SEP27BALDAL,Jake Ferguson,8110,TE,receptions,THRESHOLD,9+,3.85,0.0291,0.01,0.04,0.99,7300,2,
KXNFLREC-26SEP27BALDAL-DALJFERGUSON87-8,26SEP27BALDAL,Jake Ferguson,8110,TE,receptions,THRESHOLD,8+,3.85,0.0624,0.01,0.07,0.99,18812,4,
KXNFLREC-26SEP27BALDAL-DALJFERGUSON87-7,26SEP27BALDAL,Jake Ferguson,8110,TE,receptions,THRESHOLD,7+,3.85,0.1223,0.08,0.10,0.92,1111,65,
KXNFLREC-26SEP27BALDAL-DALJFERGUSON87-6,26SEP27BALDAL,Jake Ferguson,8110,TE,receptions,THRESHOLD,6+,3.85,0.1988,0.17,0.20,0.83,25500,43,
KXNFLREC-26SEP27BALDAL-DALJFERGUSON87-5,26SEP27BALDAL,Jake Ferguson,8110,TE,receptions,THRESHOLD,5+,3.85,0.3336,0.31,0.33,0.69,1,38,
KXNFLREC-26SEP27BALDAL-DALJFERGUSON87-4,26SEP27BALDAL,Jake Ferguson,8110,TE,receptions,THRESHOLD,4+,3.85,0.5067,0.49,0.50,0.51,6001,401,
KXNFLREC-26SEP27BALDAL-DALJFERGUSON87-3,26SEP27BALDAL,Jake Ferguson,8110,TE,receptions,THRESHOLD,3+,3.85,0.6797,0.68,0.71,0.32,157,56,
KXNFLREC-26SEP27BALDAL-DALJFERGUSON87-2,26SEP27BALDAL,Jake Ferguson,8110,TE,receptions,THRESHOLD,2+,3.85,0.8444,0.85,0.88,0.15,306,62,
KXNFLREC-26SEP27BALDAL-DALGPICKENS3-9,26SEP27BALDAL,George Pickens,8137,WR,receptions,THRESHOLD,9+,5.05,0.0874,0.07,0.11,0.93,10000,371,
KXNFLREC-26SEP27BALDAL-DALGPICKENS3-8,26SEP27BALDAL,George Pickens,8137,WR,receptions,THRESHOLD,8+,5.05,0.1572,0.15,0.18,0.85,2,53,
KXNFLREC-26SEP27BALDAL-DALGPICKENS3-7,26SEP27BALDAL,George Pickens,8137,WR,receptions,THRESHOLD,7+,5.05,0.2304,0.26,0.29,0.74,2,2075,
KXNFLREC-26SEP27BALDAL-DALGPICKENS3-6,26SEP27BALDAL,George Pickens,8137,WR,receptions,THRESHOLD,6+,5.05,0.3536,0.41,0.42,0.59,1771,485,
KXNFLREC-26SEP27BALDAL-DALGPICKENS3-5,26SEP27BALDAL,George Pickens,8137,WR,receptions,THRESHOLD,5+,5.05,0.5017,0.57,0.60,0.43,1,760,
KXNFLREC-26SEP27BALDAL-DALGPICKENS3-4,26SEP27BALDAL,George Pickens,8137,WR,receptions,THRESHOLD,4+,5.05,0.6681,0.74,0.77,0.26,820,63,
KXNFLREC-26SEP27BALDAL-DALGPICKENS3-3,26SEP27BALDAL,George Pickens,8137,WR,receptions,THRESHOLD,3+,5.05,0.8028,0.87,0.90,0.13,1011,125,
KXNFLREC-26SEP27BALDAL-DALGPICKENS3-11,26SEP27BALDAL,George Pickens,8137,WR,receptions,THRESHOLD,11+,5.05,0.0225,0.01,0.05,0.99,17300,2,
KXNFLREC-26SEP27BALDAL-DALGPICKENS3-10,26SEP27BALDAL,George Pickens,8137,WR,receptions,THRESHOLD,10+,5.05,0.0474,0.04,0.07,0.96,24500,25,
KXNFLREC-26SEP27BALDAL-DALCLAMB88-9,26SEP27BALDAL,CeeDee Lamb,6786,WR,receptions,THRESHOLD,9+,6.05,0.1739,0.23,0.24,0.77,3,23,
KXNFLREC-26SEP27BALDAL-DALCLAMB88-8,26SEP27BALDAL,CeeDee Lamb,6786,WR,receptions,THRESHOLD,8+,6.05,0.2438,0.35,0.36,0.65,9,14,
KXNFLREC-26SEP27BALDAL-DALCLAMB88-7,26SEP27BALDAL,CeeDee Lamb,6786,WR,receptions,THRESHOLD,7+,6.05,0.3669,0.47,0.48,0.53,8000,400,
KXNFLREC-26SEP27BALDAL-DALCLAMB88-6,26SEP27BALDAL,CeeDee Lamb,6786,WR,receptions,THRESHOLD,6+,6.05,0.4834,0.64,0.65,0.36,1,19,
KXNFLREC-26SEP27BALDAL-DALCLAMB88-5,26SEP27BALDAL,CeeDee Lamb,6786,WR,receptions,THRESHOLD,5+,6.05,0.6481,0.76,0.78,0.24,2,35,
KXNFLREC-26SEP27BALDAL-DALCLAMB88-4,26SEP27BALDAL,CeeDee Lamb,6786,WR,receptions,THRESHOLD,4+,6.05,0.8111,0.85,0.88,0.15,813,77,
KXNFLREC-26SEP27BALDAL-DALCLAMB88-13,26SEP27BALDAL,CeeDee Lamb,6786,WR,receptions,THRESHOLD,13+,6.05,0.0225,0.00,0.05,1.00,17300,0,
KXNFLREC-26SEP27BALDAL-DALCLAMB88-12,26SEP27BALDAL,CeeDee Lamb,6786,WR,receptions,THRESHOLD,12+,6.05,0.0374,0.01,0.07,0.99,24800,3,
KXNFLREC-26SEP27BALDAL-DALCLAMB88-11,26SEP27BALDAL,CeeDee Lamb,6786,WR,receptions,THRESHOLD,11+,6.05,0.0591,0.07,0.10,0.93,4,25,
KXNFLREC-26SEP27BALDAL-DALCLAMB88-10,26SEP27BALDAL,CeeDee Lamb,6786,WR,receptions,THRESHOLD,10+,6.05,0.1040,0.13,0.16,0.87,3,1677,
KXNFLREC-26SEP27BALDAL-BALRBATEMAN7-9,26SEP27BALDAL,Rashod Bateman,7571,WR,receptions,THRESHOLD,9+,3.32,0.0158,0.00,0.04,1.00,7647,0,
KXNFLREC-26SEP27BALDAL-BALRBATEMAN7-8,26SEP27BALDAL,Rashod Bateman,7571,WR,receptions,THRESHOLD,8+,3.32,0.0474,0.01,0.06,0.99,6002,3,
KXNFLREC-26SEP27BALDAL-BALRBATEMAN7-7,26SEP27BALDAL,Rashod Bateman,7571,WR,receptions,THRESHOLD,7+,3.32,0.0740,0.07,0.09,0.93,5500,38,
KXNFLREC-26SEP27BALDAL-BALRBATEMAN7-6,26SEP27BALDAL,Rashod Bateman,7571,WR,receptions,THRESHOLD,6+,3.32,0.1323,0.13,0.16,0.87,5500,1,
KXNFLREC-26SEP27BALDAL-BALRBATEMAN7-5,26SEP27BALDAL,Rashod Bateman,7571,WR,receptions,THRESHOLD,5+,3.32,0.2471,0.27,0.28,0.73,1000,3,
KXNFLREC-26SEP27BALDAL-BALRBATEMAN7-4,26SEP27BALDAL,Rashod Bateman,7571,WR,receptions,THRESHOLD,4+,3.32,0.4251,0.45,0.47,0.55,8995,25,
KXNFLREC-26SEP27BALDAL-BALRBATEMAN7-3,26SEP27BALDAL,Rashod Bateman,7571,WR,receptions,THRESHOLD,3+,3.32,0.5998,0.64,0.66,0.36,419,1,
KXNFLREC-26SEP27BALDAL-BALRBATEMAN7-2,26SEP27BALDAL,Rashod Bateman,7571,WR,receptions,THRESHOLD,2+,3.32,0.7712,0.83,0.85,0.17,160,1,
KXNFLREC-26SEP27BALDAL-BALMANDREWS89-9,26SEP27BALDAL,Mark Andrews,5012,TE,receptions,THRESHOLD,9+,4.47,0.0557,0.01,0.05,0.99,2,3,
KXNFLREC-26SEP27BALDAL-BALMANDREWS89-8,26SEP27BALDAL,Mark Andrews,5012,TE,receptions,THRESHOLD,8+,4.47,0.0940,0.01,0.09,0.99,2,4,
KXNFLREC-26SEP27BALDAL-BALMANDREWS89-7,26SEP27BALDAL,Mark Andrews,5012,TE,receptions,THRESHOLD,7+,4.47,0.1622,0.12,0.15,0.88,5,94,
KXNFLREC-26SEP27BALDAL-BALMANDREWS89-6,26SEP27BALDAL,Mark Andrews,5012,TE,receptions,THRESHOLD,6+,4.47,0.2720,0.22,0.25,0.78,12,79,
KXNFLREC-26SEP27BALDAL-BALMANDREWS89-5,26SEP27BALDAL,Mark Andrews,5012,TE,receptions,THRESHOLD,5+,4.47,0.3952,0.40,0.41,0.60,15350,19,
KXNFLREC-26SEP27BALDAL-BALMANDREWS89-4,26SEP27BALDAL,Mark Andrews,5012,TE,receptions,THRESHOLD,4+,4.47,0.5749,0.58,0.59,0.42,1999,161,
KXNFLREC-26SEP27BALDAL-BALMANDREWS89-3,26SEP27BALDAL,Mark Andrews,5012,TE,receptions,THRESHOLD,3+,4.47,0.7346,0.74,0.76,0.26,3010,1,
KXNFLREC-26SEP27BALDAL-BALMANDREWS89-2,26SEP27BALDAL,Mark Andrews,5012,TE,receptions,THRESHOLD,2+,4.47,0.8844,0.86,0.89,0.14,1,1,
KXNFLREC-26SEP27BALDAL-BALMANDREWS89-11,26SEP27BALDAL,Mark Andrews,5012,TE,receptions,THRESHOLD,11+,4.47,0.0158,0.00,0.03,1.00,6028,0,
KXNFLREC-26SEP27BALDAL-BALMANDREWS89-10,26SEP27BALDAL,Mark Andrews,5012,TE,receptions,THRESHOLD,10+,4.47,0.0291,0.01,0.04,0.99,6886,2,
KXNFLREC-26SEP27BALDAL-BALLWESTER10-7,26SEP27BALDAL,LaJohntay Wester,12699,WR,receptions,THRESHOLD,7+,0.79,0.0042,0.00,0.03,1.00,7150,0,
KXNFLREC-26SEP27BALDAL-BALLWESTER10-6,26SEP27BALDAL,LaJohntay Wester,12699,WR,receptions,THRESHOLD,6+,0.79,0.0075,0.01,0.04,0.99,4800,3,
KXNFLREC-26SEP27BALDAL-BALLWESTER10-5,26SEP27BALDAL,LaJohntay Wester,12699,WR,receptions,THRESHOLD,5+,0.79,0.0158,0.07,0.08,0.93,7894,41,
KXNFLREC-26SEP27BALDAL-BALLWESTER10-4,26SEP27BALDAL,LaJohntay Wester,12699,WR,receptions,THRESHOLD,4+,0.79,0.0291,0.12,0.15,0.88,3,25,
KXNFLREC-26SEP27BALDAL-BALLWESTER10-3,26SEP27BALDAL,LaJohntay Wester,12699,WR,receptions,THRESHOLD,3+,0.79,0.0857,0.29,0.32,0.71,1002,60,
KXNFLREC-26SEP27BALDAL-BALLWESTER10-2,26SEP27BALDAL,LaJohntay Wester,12699,WR,receptions,THRESHOLD,2+,0.79,0.2171,0.54,0.56,0.46,3,200,
KXNFLREC-26SEP27BALDAL-BALJHILL43-6,26SEP27BALDAL,Justice Hill,5995,RB,receptions,THRESHOLD,6+,2.08,0.0424,0.01,0.05,0.99,5800,3,
KXNFLREC-26SEP27BALDAL-BALJHILL43-5,26SEP27BALDAL,Justice Hill,5995,RB,receptions,THRESHOLD,5+,2.08,0.0874,0.07,0.10,0.93,5502,41,
KXNFLREC-26SEP27BALDAL-BALJHILL43-4,26SEP27BALDAL,Justice Hill,5995,RB,receptions,THRESHOLD,4+,2.08,0.1689,0.18,0.19,0.82,1000,43,
KXNFLREC-26SEP27BALDAL-BALJHILL43-3,26SEP27BALDAL,Justice Hill,5995,RB,receptions,THRESHOLD,3+,2.08,0.3253,0.36,0.37,0.64,1000,30,
KXNFLREC-26SEP27BALDAL-BALJHILL43-2,26SEP27BALDAL,Justice Hill,5995,RB,receptions,THRESHOLD,2+,2.08,0.5483,0.59,0.63,0.41,2,1,
KXNFLREC-26SEP27BALDAL-BALDHENRY22-5,26SEP27BALDAL,Derrick Henry,3198,RB,receptions,THRESHOLD,5+,1.49,0.0391,0.01,0.04,0.99,4800,4,
KXNFLREC-26SEP27BALDAL-BALDHENRY22-4,26SEP27BALDAL,Derrick Henry,3198,RB,receptions,THRESHOLD,4+,1.49,0.0923,0.05,0.08,0.95,4800,25,
KXNFLREC-26SEP27BALDAL-BALDHENRY22-3,26SEP27BALDAL,Derrick Henry,3198,RB,receptions,THRESHOLD,3+,1.49,0.2288,0.19,0.20,0.81,7901,3,
KXNFLREC-26SEP27BALDAL-BALDHENRY22-2,26SEP27BALDAL,Derrick Henry,3198,RB,receptions,THRESHOLD,2+,1.49,0.4268,0.42,0.43,0.58,7390,4,
KXNFLREC-26SEP27MINTB-MINJOLIVER84-5,26SEP27MINTB,Josh Oliver,5973,TE,receptions,THRESHOLD,5+,0.97,0.0175,0.01,0.04,0.99,4800,2,
KXNFLREC-26SEP27MINTB-MINJOLIVER84-4,26SEP27MINTB,Josh Oliver,5973,TE,receptions,THRESHOLD,4+,0.97,0.0391,0.05,0.09,0.95,14800,25,
KXNFLREC-26SEP27HOUIND-HOUWMARKS4-6,26SEP27HOUIND,Woody Marks,12474,RB,receptions,THRESHOLD,6+,1.60,0.0158,0.01,0.03,0.99,9100,3,
KXNFLREC-26SEP27MINTB-MINJOLIVER84-3,26SEP27MINTB,Josh Oliver,5973,TE,receptions,THRESHOLD,3+,0.97,0.1007,0.17,0.21,0.83,6907,1747,
KXNFLREC-26SEP27HOUIND-HOUWMARKS4-5,26SEP27HOUIND,Woody Marks,12474,RB,receptions,THRESHOLD,5+,1.60,0.0574,0.07,0.08,0.93,20950,27,
KXNFLREC-26SEP27MINTB-MINJOLIVER84-2,26SEP27MINTB,Josh Oliver,5973,TE,receptions,THRESHOLD,2+,0.97,0.2621,0.40,0.41,0.60,1460,1845,
KXNFLREC-26SEP27HOUIND-HOUWMARKS4-4,26SEP27HOUIND,Woody Marks,12474,RB,receptions,THRESHOLD,4+,1.60,0.1256,0.12,0.14,0.88,4500,29,
KXNFLREC-26SEP27MINTB-MINJJENNINGS14-5,26SEP27MINTB,Jauan Jennings,7049,WR,receptions,THRESHOLD,5+,2.17,0.0890,0.01,0.05,0.99,5800,4,
KXNFLREC-26SEP27TENNYG-NYGMNABERS1-10,26SEP27TENNYG,Malik Nabers,11632,WR,receptions,THRESHOLD,10+,4.17,0.0158,0.01,0.05,0.99,17302,3,
KXNFLREC-26SEP27HOUIND-HOUWMARKS4-3,26SEP27HOUIND,Woody Marks,12474,RB,receptions,THRESHOLD,3+,1.60,0.2754,0.27,0.30,0.73,2,159,
KXNFLREC-26SEP27MINTB-MINJJENNINGS14-4,26SEP27MINTB,Jauan Jennings,7049,WR,receptions,THRESHOLD,4+,2.17,0.1889,0.07,0.10,0.93,15,2293,
KXNFLREC-26SEP27TENNYG-NYGMNABERS1-9,26SEP27TENNYG,Malik Nabers,11632,WR,receptions,THRESHOLD,9+,4.17,0.0258,0.04,0.07,0.96,4600,2030,
KXNFLREC-26SEP27HOUIND-HOUWMARKS4-2,26SEP27HOUIND,Woody Marks,12474,RB,receptions,THRESHOLD,2+,1.60,0.4850,0.55,0.56,0.45,227,700,
KXNFLREC-26SEP27MINTB-MINJJENNINGS14-3,26SEP27MINTB,Jauan Jennings,7049,WR,receptions,THRESHOLD,3+,2.17,0.3220,0.21,0.23,0.79,5495,3,
KXNFLREC-26SEP27TENNYG-NYGMNABERS1-8,26SEP27TENNYG,Malik Nabers,11632,WR,receptions,THRESHOLD,8+,4.17,0.0707,0.09,0.12,0.91,6875,28,
KXNFLREC-26SEP27HOUIND-HOUDMONTGOMERY32-5,26SEP27HOUIND,David Montgomery,5892,RB,receptions,THRESHOLD,5+,1.97,0.0990,0.01,0.05,0.99,8000,2,
KXNFLREC-26SEP27MINTB-MINJJENNINGS14-2,26SEP27MINTB,Jauan Jennings,7049,WR,receptions,THRESHOLD,2+,2.17,0.5300,0.45,0.47,0.55,2,28,
KXNFLREC-26SEP27TENNYG-NYGMNABERS1-7,26SEP27TENNYG,Malik Nabers,11632,WR,receptions,THRESHOLD,7+,4.17,0.1156,0.17,0.20,0.83,6506,44,
KXNFLREC-26SEP27HOUIND-HOUDMONTGOMERY32-4,26SEP27HOUIND,David Montgomery,5892,RB,receptions,THRESHOLD,4+,1.97,0.1822,0.07,0.10,0.93,4552,25,
KXNFLREC-26SEP27TENNYG-NYGMNABERS1-6,26SEP27TENNYG,Malik Nabers,11632,WR,receptions,THRESHOLD,6+,4.17,0.1988,0.30,0.32,0.70,1,35,
KXNFLREC-26SEP27HOUIND-HOUDMONTGOMERY32-3,26SEP27HOUIND,David Montgomery,5892,RB,receptions,THRESHOLD,3+,1.97,0.3336,0.20,0.23,0.80,2156,99,
KXNFLREC-26SEP27TENNYG-NYGMNABERS1-5,26SEP27TENNYG,Malik Nabers,11632,WR,receptions,THRESHOLD,5+,4.17,0.3336,0.44,0.47,0.56,3874,817,
KXNFLREC-26SEP27HOUIND-HOUDMONTGOMERY32-2,26SEP27HOUIND,David Montgomery,5892,RB,receptions,THRESHOLD,2+,1.97,0.5516,0.47,0.48,0.53,6029,7702,
KXNFLREC-26SEP27TENNYG-NYGMNABERS1-4,26SEP27TENNYG,Malik Nabers,11632,WR,receptions,THRESHOLD,4+,4.17,0.5333,0.65,0.66,0.35,4629,12,
KXNFLREC-26SEP27TENNYG-NYGMNABERS1-3,26SEP27TENNYG,Malik Nabers,11632,WR,receptions,THRESHOLD,3+,4.17,0.7230,0.80,0.82,0.20,157,19,
KXNFLREC-26SEP27TENNYG-NYGMNABERS1-2,26SEP27TENNYG,Malik Nabers,11632,WR,receptions,THRESHOLD,2+,4.17,0.8794,0.91,0.93,0.09,157,1,
KXNFLREC-26SEP27LVNO-NOJJOHNSON83-8,26SEP27LVNO,Juwan Johnson,7002,TE,receptions,THRESHOLD,8+,4.06,0.0674,0.01,0.05,0.99,4800,3,
KXNFLREC-26SEP27LVNO-NOJJOHNSON83-7,26SEP27LVNO,Juwan Johnson,7002,TE,receptions,THRESHOLD,7+,4.06,0.1290,0.06,0.09,0.94,6098,21,
KXNFLREC-26SEP27LVNO-NOJJOHNSON83-6,26SEP27LVNO,Juwan Johnson,7002,TE,receptions,THRESHOLD,6+,4.06,0.2055,0.13,0.15,0.87,5676,37,
KXNFLREC-26SEP27LVNO-NOJJOHNSON83-5,26SEP27LVNO,Juwan Johnson,7002,TE,receptions,THRESHOLD,5+,4.06,0.3386,0.26,0.28,0.74,1,20,
KXNFLREC-26SEP27LVNO-NOJJOHNSON83-4,26SEP27LVNO,Juwan Johnson,7002,TE,receptions,THRESHOLD,4+,4.06,0.5150,0.45,0.46,0.55,10494,1235,
KXNFLREC-26SEP27LVNO-NOJJOHNSON83-3,26SEP27LVNO,Juwan Johnson,7002,TE,receptions,THRESHOLD,3+,4.06,0.6780,0.65,0.67,0.35,2,27,
KXNFLREC-26SEP27LVNO-NOJJOHNSON83-2,26SEP27LVNO,Juwan Johnson,7002,TE,receptions,THRESHOLD,2+,4.06,0.8577,0.83,0.86,0.17,1000,25,
KXNFLREC-26SEP27LVNO-NODVELE14-9,26SEP27LVNO,Devaughn Vele,11834,WR,receptions,THRESHOLD,9+,3.83,0.0241,0.01,0.06,0.99,19882,3,
KXNFLREC-26SEP27LVNO-NODVELE14-8,26SEP27LVNO,Devaughn Vele,11834,WR,receptions,THRESHOLD,8+,3.83,0.0424,0.05,0.09,0.95,24502,25,
KXNFLREC-26SEP27LVNO-NODVELE14-7,26SEP27LVNO,Devaughn Vele,11834,WR,receptions,THRESHOLD,7+,3.83,0.1057,0.12,0.15,0.88,1178,30,
KXNFLREC-26SEP27LVNO-NODVELE14-6,26SEP27LVNO,Devaughn Vele,11834,WR,receptions,THRESHOLD,6+,3.83,0.1938,0.22,0.26,0.78,198,121,
KXNFLREC-26SEP27LVNO-NODVELE14-5,26SEP27LVNO,Devaughn Vele,11834,WR,receptions,THRESHOLD,5+,3.83,0.3220,0.39,0.40,0.61,2,103,
KXNFLREC-26SEP27LVNO-NODVELE14-4,26SEP27LVNO,Devaughn Vele,11834,WR,receptions,THRESHOLD,4+,3.83,0.4900,0.56,0.59,0.44,616,702,
KXNFLREC-26SEP27LVNO-NODVELE14-3,26SEP27LVNO,Devaughn Vele,11834,WR,receptions,THRESHOLD,3+,3.83,0.6880,0.76,0.77,0.24,1,21,
KXNFLREC-26SEP27LVNO-NODVELE14-2,26SEP27LVNO,Devaughn Vele,11834,WR,receptions,THRESHOLD,2+,3.83,0.8527,0.88,0.91,0.12,667,25,
KXNFLREC-26SEP27LVNO-NODVELE14-10,26SEP27LVNO,Devaughn Vele,11834,WR,receptions,THRESHOLD,10+,3.83,0.0125,0.00,0.04,1.00,10950,0,
KXNFLREC-26SEP27LVNO-NOCOLAVE12-9,26SEP27LVNO,Chris Olave,8144,WR,receptions,THRESHOLD,9+,5.72,0.1356,0.16,0.19,0.84,3,21,
KXNFLREC-26SEP27LVNO-NOCOLAVE12-8,26SEP27LVNO,Chris Olave,8144,WR,receptions,THRESHOLD,8+,5.72,0.1988,0.28,0.30,0.72,6937,21,
KXNFLREC-26SEP27LVNO-NOCOLAVE12-7,26SEP27LVNO,Chris Olave,8144,WR,receptions,THRESHOLD,7+,5.72,0.3070,0.41,0.42,0.59,8,51,
KXNFLREC-26SEP27LVNO-NOCOLAVE12-6,26SEP27LVNO,Chris Olave,8144,WR,receptions,THRESHOLD,6+,5.72,0.4501,0.57,0.58,0.43,4,218,
KXNFLREC-26SEP27LVNO-NOCOLAVE12-5,26SEP27LVNO,Chris Olave,8144,WR,receptions,THRESHOLD,5+,5.72,0.5982,0.71,0.72,0.29,68,21,
KXNFLREC-26SEP27LVNO-NOCOLAVE12-4,26SEP27LVNO,Chris Olave,8144,WR,receptions,THRESHOLD,4+,5.72,0.7712,0.83,0.85,0.17,8,23,
KXNFLREC-26SEP27LVNO-NOCOLAVE12-13,26SEP27LVNO,Chris Olave,8144,WR,receptions,THRESHOLD,13+,5.72,0.0141,0.00,0.03,1.00,4700,0,
KXNFLREC-26SEP27LVNO-NOCOLAVE12-12,26SEP27LVNO,Chris Olave,8144,WR,receptions,THRESHOLD,12+,5.72,0.0291,0.01,0.05,0.99,16052,2,
KXNFLREC-26SEP27LVNO-NOCOLAVE12-11,26SEP27LVNO,Chris Olave,8144,WR,receptions,THRESHOLD,11+,5.72,0.0491,0.04,0.07,0.96,5775,38,
KXNFLREC-26SEP27LVNO-NOCOLAVE12-10,26SEP27LVNO,Chris Olave,8144,WR,receptions,THRESHOLD,10+,5.72,0.0774,0.10,0.12,0.90,5836,8,
KXNFLREC-26SEP27LVNO-LVTTUCKER1-9,26SEP27LVNO,Tre Tucker,10213,WR,receptions,THRESHOLD,9+,2.95,0.0025,0.00,0.05,1.00,7240,0,
KXNFLREC-26SEP27LVNO-LVTTUCKER1-8,26SEP27LVNO,Tre Tucker,10213,WR,receptions,THRESHOLD,8+,2.95,0.0208,0.01,0.06,0.99,2,3,
KXNFLREC-26SEP27LVNO-LVTTUCKER1-7,26SEP27LVNO,Tre Tucker,10213,WR,receptions,THRESHOLD,7+,2.95,0.0507,0.01,0.12,0.99,15802,4,
KXNFLREC-26SEP27LVNO-LVTTUCKER1-6,26SEP27LVNO,Tre Tucker,10213,WR,receptions,THRESHOLD,6+,2.95,0.1040,0.15,0.19,0.85,5734,2,
KXNFLREC-26SEP27LVNO-LVTTUCKER1-5,26SEP27LVNO,Tre Tucker,10213,WR,receptions,THRESHOLD,5+,2.95,0.1988,0.29,0.33,0.71,9046,1,
KXNFLREC-26SEP27LVNO-LVTTUCKER1-4,26SEP27LVNO,Tre Tucker,10213,WR,receptions,THRESHOLD,4+,2.95,0.3203,0.49,0.50,0.51,8990,556,
KXNFLREC-26SEP27LVNO-LVTTUCKER1-3,26SEP27LVNO,Tre Tucker,10213,WR,receptions,THRESHOLD,3+,2.95,0.5150,0.67,0.71,0.33,5502,2,
KXNFLREC-26SEP27LVNO-LVTTUCKER1-2,26SEP27LVNO,Tre Tucker,10213,WR,receptions,THRESHOLD,2+,2.95,0.7146,0.82,0.87,0.18,19,26,
KXNFLREC-26SEP27LVNO-LVAJEANTY2-9,26SEP27LVNO,Ashton Jeanty,12527,RB,receptions,THRESHOLD,9+,3.81,0.0391,0.01,0.06,0.99,14800,2,
KXNFLREC-26SEP27LVNO-LVAJEANTY2-8,26SEP27LVNO,Ashton Jeanty,12527,RB,receptions,THRESHOLD,8+,3.81,0.0541,0.01,0.09,0.99,18853,6,
KXNFLREC-26SEP27LVNO-LVAJEANTY2-7,26SEP27LVNO,Ashton Jeanty,12527,RB,receptions,THRESHOLD,7+,3.81,0.1040,0.11,0.14,0.89,3,32,
KXNFLREC-26SEP27LVNO-LVAJEANTY2-6,26SEP27LVNO,Ashton Jeanty,12527,RB,receptions,THRESHOLD,6+,3.81,0.1872,0.20,0.25,0.80,15515,122,
KXNFLREC-26SEP27LVNO-LVAJEANTY2-5,26SEP27LVNO,Ashton Jeanty,12527,RB,receptions,THRESHOLD,5+,3.81,0.2887,0.34,0.39,0.66,14503,2,
KXNFLREC-26SEP27LVNO-LVAJEANTY2-4,26SEP27LVNO,Ashton Jeanty,12527,RB,receptions,THRESHOLD,4+,3.81,0.4301,0.54,0.56,0.46,1793,478,
KXNFLREC-26SEP27LVNO-LVAJEANTY2-3,26SEP27LVNO,Ashton Jeanty,12527,RB,receptions,THRESHOLD,3+,3.81,0.6381,0.72,0.74,0.28,1000,1,
KXNFLREC-26SEP27LVNO-LVAJEANTY2-2,26SEP27LVNO,Ashton Jeanty,12527,RB,receptions,THRESHOLD,2+,3.81,0.8228,0.87,0.90,0.13,167,3,
KXNFLREC-26SEP27LVNO-LVAJEANTY2-10,26SEP27LVNO,Ashton Jeanty,12527,RB,receptions,THRESHOLD,10+,3.81,0.0158,0.00,0.04,1.00,8615,0,
KXNFLREC-26SEP27MINTB-TBTHURST17-7,26SEP27MINTB,Ted Hurst III,13317,WR,receptions,THRESHOLD,7+,1.88,0.0125,0.00,0.03,1.00,7000,0,
KXNFLREC-26SEP27MINTB-TBTHURST17-6,26SEP27MINTB,Ted Hurst III,13317,WR,receptions,THRESHOLD,6+,1.88,0.0275,0.01,0.05,0.99,7000,3,
KXNFLREC-26SEP27MINTB-TBTHURST17-5,26SEP27MINTB,Ted Hurst III,13317,WR,receptions,THRESHOLD,5+,1.88,0.0674,0.08,0.09,0.92,9300,40,
KXNFLREC-26SEP27MINTB-TBTHURST17-4,26SEP27MINTB,Ted Hurst III,13317,WR,receptions,THRESHOLD,4+,1.88,0.1290,0.20,0.21,0.80,4700,40,
KXNFLREC-26SEP27MINTB-TBTHURST17-3,26SEP27MINTB,Ted Hurst III,13317,WR,receptions,THRESHOLD,3+,1.88,0.2637,0.37,0.39,0.63,1871,700,
KXNFLREC-26SEP27MINTB-TBTHURST17-2,26SEP27MINTB,Ted Hurst III,13317,WR,receptions,THRESHOLD,2+,1.88,0.4617,0.62,0.63,0.38,365,2,
KXNFLREC-26SEP27MINTB-TBKGAINWELL1-6,26SEP27MINTB,Kenny Gainwell,7567,RB,receptions,THRESHOLD,6+,1.87,0.0474,0.01,0.05,0.99,6707,4,
KXNFLREC-26SEP27MINTB-TBKGAINWELL1-5,26SEP27MINTB,Kenny Gainwell,7567,RB,receptions,THRESHOLD,5+,1.87,0.0857,0.06,0.08,0.94,15574,38,
KXNFLREC-26SEP27MINTB-TBKGAINWELL1-4,26SEP27MINTB,Kenny Gainwell,7567,RB,receptions,THRESHOLD,4+,1.87,0.1622,0.16,0.17,0.84,179,2,
KXNFLREC-26SEP27MINTB-TBKGAINWELL1-3,26SEP27MINTB,Kenny Gainwell,7567,RB,receptions,THRESHOLD,3+,1.87,0.3070,0.33,0.34,0.67,11025,200,
KXNFLREC-26SEP27MINTB-TBKGAINWELL1-2,26SEP27MINTB,Kenny Gainwell,7567,RB,receptions,THRESHOLD,2+,1.87,0.5316,0.59,0.60,0.41,17066,7057,
KXNFLREC-26SEP27MINTB-TBJMCMILLAN11-5,26SEP27MINTB,Jalen McMillan,11618,WR,receptions,THRESHOLD,5+,0.75,0.0175,0.02,0.03,0.98,9300,2,
KXNFLREC-26SEP27MINTB-TBJMCMILLAN11-4,26SEP27MINTB,Jalen McMillan,11618,WR,receptions,THRESHOLD,4+,0.75,0.0408,0.06,0.07,0.94,4699,68,
KXNFLREC-26SEP27MINTB-TBJMCMILLAN11-3,26SEP27MINTB,Jalen McMillan,11618,WR,receptions,THRESHOLD,3+,0.75,0.0973,0.18,0.19,0.82,9800,23,
KXNFLREC-26SEP27MINTB-TBJMCMILLAN11-2,26SEP27MINTB,Jalen McMillan,11618,WR,receptions,THRESHOLD,2+,0.75,0.2255,0.39,0.40,0.61,6013,452,
KXNFLREC-26SEP27MINTB-TBEEGBUKA2-9,26SEP27MINTB,Emeka Egbuka,12514,WR,receptions,THRESHOLD,9+,3.23,0.0141,0.01,0.06,0.99,23803,3,
KXNFLREC-26SEP27MINTB-TBEEGBUKA2-8,26SEP27MINTB,Emeka Egbuka,12514,WR,receptions,THRESHOLD,8+,3.23,0.0424,0.06,0.10,0.94,18255,21,
KXNFLREC-26SEP27MINTB-TBEEGBUKA2-7,26SEP27MINTB,Emeka Egbuka,12514,WR,receptions,THRESHOLD,7+,3.23,0.0740,0.13,0.16,0.87,2,19,
KXNFLREC-26SEP27MINTB-TBEEGBUKA2-6,26SEP27MINTB,Emeka Egbuka,12514,WR,receptions,THRESHOLD,6+,3.23,0.1323,0.23,0.28,0.77,15502,1795,
KXNFLREC-26SEP27MINTB-TBEEGBUKA2-5,26SEP27MINTB,Emeka Egbuka,12514,WR,receptions,THRESHOLD,5+,3.23,0.2438,0.40,0.43,0.60,3106,17,
KXNFLREC-26SEP27MINTB-TBEEGBUKA2-4,26SEP27MINTB,Emeka Egbuka,12514,WR,receptions,THRESHOLD,4+,3.23,0.4185,0.57,0.59,0.43,11,784,
KXNFLREC-26SEP27MINTB-TBEEGBUKA2-3,26SEP27MINTB,Emeka Egbuka,12514,WR,receptions,THRESHOLD,3+,3.23,0.6065,0.77,0.78,0.23,11,2,
KXNFLREC-26SEP27MINTB-TBEEGBUKA2-2,26SEP27MINTB,Emeka Egbuka,12514,WR,receptions,THRESHOLD,2+,3.23,0.7579,0.89,0.92,0.11,173,25,
KXNFLREC-26SEP27MINTB-TBEEGBUKA2-10,26SEP27MINTB,Emeka Egbuka,12514,WR,receptions,THRESHOLD,10+,3.23,0.0058,0.00,0.04,1.00,9317,0,
KXNFLREC-26SEP27MINTB-TBCOTTON88-8,26SEP27MINTB,Cade Otton,8111,TE,receptions,THRESHOLD,8+,3.15,0.0258,0.01,0.04,0.99,4800,3,
KXNFLREC-26SEP27MINTB-TBCOTTON88-7,26SEP27MINTB,Cade Otton,8111,TE,receptions,THRESHOLD,7+,3.15,0.0474,0.04,0.07,0.96,9562,25,
KXNFLREC-26SEP27MINTB-TBCOTTON88-6,26SEP27MINTB,Cade Otton,8111,TE,receptions,THRESHOLD,6+,3.15,0.0940,0.11,0.13,0.89,14500,5,
KXNFLREC-26SEP27MINTB-TBCOTTON88-5,26SEP27MINTB,Cade Otton,8111,TE,receptions,THRESHOLD,5+,3.15,0.2038,0.21,0.24,0.79,5500,3,
KXNFLREC-26SEP27MINTB-TBCOTTON88-4,26SEP27MINTB,Cade Otton,8111,TE,receptions,THRESHOLD,4+,3.15,0.3552,0.40,0.41,0.60,19597,7812,
KXNFLREC-26SEP27MINTB-TBCOTTON88-3,26SEP27MINTB,Cade Otton,8111,TE,receptions,THRESHOLD,3+,3.15,0.5433,0.58,0.62,0.42,5,72,
KXNFLREC-26SEP27MINTB-TBCOTTON88-2,26SEP27MINTB,Cade Otton,8111,TE,receptions,THRESHOLD,2+,3.15,0.7512,0.79,0.82,0.21,163,25,
KXNFLREC-26SEP27MINTB-TBCGODWIN14-8,26SEP27MINTB,Chris Godwin Jr.,4037,WR,receptions,THRESHOLD,8+,3.60,0.0408,0.01,0.05,0.99,18438,3,
KXNFLREC-26SEP27MINTB-TBCGODWIN14-7,26SEP27MINTB,Chris Godwin Jr.,4037,WR,receptions,THRESHOLD,7+,3.60,0.0807,0.05,0.08,0.95,24500,25,
KXNFLREC-26SEP27MINTB-TBCGODWIN14-6,26SEP27MINTB,Chris Godwin Jr.,4037,WR,receptions,THRESHOLD,6+,3.60,0.1423,0.13,0.15,0.87,24500,3,
KXNFLREC-26SEP27MINTB-TBCGODWIN14-5,26SEP27MINTB,Chris Godwin Jr.,4037,WR,receptions,THRESHOLD,5+,3.60,0.2604,0.23,0.26,0.77,1000,3,
KXNFLREC-26SEP27MINTB-TBCGODWIN14-4,26SEP27MINTB,Chris Godwin Jr.,4037,WR,receptions,THRESHOLD,4+,3.60,0.4085,0.43,0.44,0.57,13931,6000,
KXNFLREC-26SEP27MINTB-TBCGODWIN14-3,26SEP27MINTB,Chris Godwin Jr.,4037,WR,receptions,THRESHOLD,3+,3.60,0.6364,0.62,0.65,0.38,1038,1,
KXNFLREC-26SEP27MINTB-TBCGODWIN14-2,26SEP27MINTB,Chris Godwin Jr.,4037,WR,receptions,THRESHOLD,2+,3.60,0.8161,0.81,0.84,0.19,168,1,
KXNFLREC-26SEP27MINTB-TBBIRVING7-7,26SEP27MINTB,Bucky Irving,11584,RB,receptions,THRESHOLD,7+,3.30,0.0507,0.02,0.06,0.98,8500,2,
KXNFLREC-26SEP27MINTB-TBBIRVING7-6,26SEP27MINTB,Bucky Irving,11584,RB,receptions,THRESHOLD,6+,3.30,0.1057,0.07,0.10,0.93,14500,19,
KXNFLREC-26SEP27MINTB-TBBIRVING7-5,26SEP27MINTB,Bucky Irving,11584,RB,receptions,THRESHOLD,5+,3.30,0.1855,0.16,0.18,0.84,10000,25,
KXNFLREC-26SEP27MINTB-TBBIRVING7-4,26SEP27MINTB,Bucky Irving,11584,RB,receptions,THRESHOLD,4+,3.30,0.3319,0.31,0.32,0.69,1438,25,
KXNFLREC-26SEP27MINTB-TBBIRVING7-3,26SEP27MINTB,Bucky Irving,11584,RB,receptions,THRESHOLD,3+,3.30,0.5333,0.54,0.55,0.46,11074,8153,
KXNFLREC-26SEP27MINTB-TBBIRVING7-2,26SEP27MINTB,Bucky Irving,11584,RB,receptions,THRESHOLD,2+,3.30,0.7413,0.74,0.76,0.26,157,12,
KXNFLREC-26SEP27MINTB-MINTHOCKENSON87-9,26SEP27MINTB,T.J. Hockenson,5844,TE,receptions,THRESHOLD,9+,3.62,0.0258,0.00,0.04,1.00,12150,0,
KXNFLREC-26SEP27MINTB-MINTHOCKENSON87-8,26SEP27MINTB,T.J. Hockenson,5844,TE,receptions,THRESHOLD,8+,3.62,0.0591,0.01,0.06,0.99,7300,3,
KXNFLREC-26SEP27MINTB-MINTHOCKENSON87-7,26SEP27MINTB,T.J. Hockenson,5844,TE,receptions,THRESHOLD,7+,3.62,0.0957,0.07,0.10,0.93,14500,105,
KXNFLREC-26SEP27MINTB-MINTHOCKENSON87-6,26SEP27MINTB,T.J. Hockenson,5844,TE,receptions,THRESHOLD,6+,3.62,0.1872,0.15,0.19,0.85,15802,1863,
KXNFLREC-26SEP27MINTB-MINTHOCKENSON87-5,26SEP27MINTB,T.J. Hockenson,5844,TE,receptions,THRESHOLD,5+,3.62,0.3020,0.29,0.31,0.71,1449,40,
KXNFLREC-26SEP27MINTB-MINTHOCKENSON87-4,26SEP27MINTB,T.J. Hockenson,5844,TE,receptions,THRESHOLD,4+,3.62,0.4584,0.46,0.47,0.54,3986,7929,
KXNFLREC-26SEP27MINTB-MINTHOCKENSON87-3,26SEP27MINTB,T.J. Hockenson,5844,TE,receptions,THRESHOLD,3+,3.62,0.6780,0.68,0.69,0.32,11,42,
KXNFLREC-26SEP27MINTB-MINTHOCKENSON87-2,26SEP27MINTB,T.J. Hockenson,5844,TE,receptions,THRESHOLD,2+,3.62,0.8361,0.84,0.88,0.16,172,15,
KXNFLREC-26SEP27MINTB-MINJJEFFERSON18-9,26SEP27MINTB,Justin Jefferson,6794,WR,receptions,THRESHOLD,9+,5.76,0.1489,0.14,0.17,0.86,14500,25,
KXNFLREC-26SEP27MINTB-MINJJEFFERSON18-8,26SEP27MINTB,Justin Jefferson,6794,WR,receptions,THRESHOLD,8+,5.76,0.2138,0.23,0.26,0.77,1,16,
KXNFLREC-26SEP27MINTB-MINJJEFFERSON18-7,26SEP27MINTB,Justin Jefferson,6794,WR,receptions,THRESHOLD,7+,5.76,0.3203,0.36,0.39,0.64,1,12,
KXNFLREC-26SEP27MINTB-MINJJEFFERSON18-6,26SEP27MINTB,Justin Jefferson,6794,WR,receptions,THRESHOLD,6+,5.76,0.4551,0.53,0.54,0.47,2142,255,
KXNFLREC-26SEP27MINTB-MINJJEFFERSON18-5,26SEP27MINTB,Justin Jefferson,6794,WR,receptions,THRESHOLD,5+,5.76,0.5982,0.67,0.71,0.33,954,50,
KXNFLREC-26SEP27MINTB-MINJJEFFERSON18-4,26SEP27MINTB,Justin Jefferson,6794,WR,receptions,THRESHOLD,4+,5.76,0.7712,0.81,0.84,0.19,1002,66,
KXNFLREC-26SEP27MINTB-MINJJEFFERSON18-3,26SEP27MINTB,Justin Jefferson,6794,WR,receptions,THRESHOLD,3+,5.76,0.8777,0.91,0.93,0.09,2,70,
KXNFLREC-26SEP27MINTB-MINJJEFFERSON18-12,26SEP27MINTB,Justin Jefferson,6794,WR,receptions,THRESHOLD,12+,5.76,0.0308,0.01,0.05,0.99,7300,2,
KXNFLREC-26SEP27MINTB-MINJJEFFERSON18-11,26SEP27MINTB,Justin Jefferson,6794,WR,receptions,THRESHOLD,11+,5.76,0.0557,0.01,0.07,0.99,19206,3,
KXNFLREC-26SEP27MINTB-MINJJEFFERSON18-10,26SEP27MINTB,Justin Jefferson,6794,WR,receptions,THRESHOLD,10+,5.76,0.0940,0.07,0.11,0.93,10560,20,
KXNFLREC-26SEP27MINTB-MINJADDISON3-8,26SEP27MINTB,Jordan Addison,9756,WR,receptions,THRESHOLD,8+,2.91,0.0241,0.01,0.05,0.99,22947,3,
KXNFLREC-26SEP27MINTB-MINJADDISON3-7,26SEP27MINTB,Jordan Addison,9756,WR,receptions,THRESHOLD,7+,2.91,0.0524,0.04,0.07,0.96,4600,25,
KXNFLREC-26SEP27MINTB-MINJADDISON3-6,26SEP27MINTB,Jordan Addison,9756,WR,receptions,THRESHOLD,6+,2.91,0.1073,0.11,0.14,0.89,15802,29,
KXNFLREC-26SEP27MINTB-MINJADDISON3-5,26SEP27MINTB,Jordan Addison,9756,WR,receptions,THRESHOLD,5+,2.91,0.1889,0.22,0.25,0.78,5502,27,
KXNFLREC-26SEP27MINTB-MINJADDISON3-4,26SEP27MINTB,Jordan Addison,9756,WR,receptions,THRESHOLD,4+,2.91,0.3186,0.40,0.43,0.60,6795,23,
KXNFLREC-26SEP27MINTB-MINJADDISON3-3,26SEP27MINTB,Jordan Addison,9756,WR,receptions,THRESHOLD,3+,2.91,0.5133,0.61,0.64,0.39,2696,23,
KXNFLREC-26SEP27MINTB-MINJADDISON3-2,26SEP27MINTB,Jordan Addison,9756,WR,receptions,THRESHOLD,2+,2.91,0.7063,0.80,0.83,0.20,157,14,
KXNFLREC-26SEP27CARCLE-CARTTREMBLE82-6,26SEP27CARCLE,Tommy Tremble,7694,TE,receptions,THRESHOLD,6+,1.25,0.0025,0.01,0.03,0.99,10300,2,
KXNFLREC-26SEP27CARCLE-CARTTREMBLE82-5,26SEP27CARCLE,Tommy Tremble,7694,TE,receptions,THRESHOLD,5+,1.25,0.0092,0.01,0.05,0.99,5500,4,
KXNFLREC-26SEP27CARCLE-CARTTREMBLE82-4,26SEP27CARCLE,Tommy Tremble,7694,TE,receptions,THRESHOLD,4+,1.25,0.0408,0.10,0.12,0.90,1931,80,
KXNFLREC-26SEP27CARCLE-CARTTREMBLE82-3,26SEP27CARCLE,Tommy Tremble,7694,TE,receptions,THRESHOLD,3+,1.25,0.1273,0.25,0.28,0.75,4700,18,
KXNFLREC-26SEP27CARCLE-CARTTREMBLE82-2,26SEP27CARCLE,Tommy Tremble,7694,TE,receptions,THRESHOLD,2+,1.25,0.3353,0.51,0.52,0.49,6020,771,
KXNFLREC-26SEP27ARISF-ARITMCBRIDE85-9,26SEP27ARISF,Trey McBride,8130,TE,receptions,THRESHOLD,9+,7.11,0.1256,0.28,0.31,0.72,1,21,
KXNFLREC-26SEP27ARISF-ARITMCBRIDE85-8,26SEP27ARISF,Trey McBride,8130,TE,receptions,THRESHOLD,8+,7.11,0.1889,0.40,0.41,0.60,2527,1550,
KXNFLREC-26SEP27ARISF-ARITMCBRIDE85-7,26SEP27ARISF,Trey McBride,8130,TE,receptions,THRESHOLD,7+,7.11,0.2970,0.54,0.55,0.46,96,775,
KXNFLREC-26SEP27ARISF-ARITMCBRIDE85-6,26SEP27ARISF,Trey McBride,8130,TE,receptions,THRESHOLD,6+,7.11,0.4168,0.69,0.71,0.31,579,23,
KXNFLREC-26SEP27ARISF-ARITMCBRIDE85-5,26SEP27ARISF,Trey McBride,8130,TE,receptions,THRESHOLD,5+,7.11,0.5649,0.80,0.81,0.20,2,92,
KXNFLREC-26SEP27ARISF-ARITMCBRIDE85-4,26SEP27ARISF,Trey McBride,8130,TE,receptions,THRESHOLD,4+,7.11,0.7296,0.88,0.92,0.12,196,25,
KXNFLREC-26SEP27ARISF-ARITMCBRIDE85-14,26SEP27ARISF,Trey McBride,8130,TE,receptions,THRESHOLD,14+,7.11,0.0058,0.00,0.05,1.00,17300,0,
KXNFLREC-26SEP27ARISF-ARITMCBRIDE85-13,26SEP27ARISF,Trey McBride,8130,TE,receptions,THRESHOLD,13+,7.11,0.0158,0.00,0.07,1.00,27717,0,
KXNFLREC-26SEP27ARISF-ARITMCBRIDE85-12,26SEP27ARISF,Trey McBride,8130,TE,receptions,THRESHOLD,12+,7.11,0.0324,0.06,0.10,0.94,82,25,
KXNFLREC-26SEP27ARISF-ARITMCBRIDE85-11,26SEP27ARISF,Trey McBride,8130,TE,receptions,THRESHOLD,11+,7.11,0.0441,0.12,0.15,0.88,83,1025,
KXNFLREC-26SEP27ARISF-ARITMCBRIDE85-10,26SEP27ARISF,Trey McBride,8130,TE,receptions,THRESHOLD,10+,7.11,0.0807,0.18,0.21,0.82,1,66,
KXNFLREC-26SEP27ARISF-ARIMWILSON14-9,26SEP27ARISF,Michael Wilson,10232,WR,receptions,THRESHOLD,9+,3.93,0.0208,0.03,0.05,0.97,20750,4024,
KXNFLREC-26SEP27ARISF-ARIMWILSON14-8,26SEP27ARISF,Michael Wilson,10232,WR,receptions,THRESHOLD,8+,3.93,0.0474,0.05,0.08,0.95,24500,4781,
KXNFLREC-26SEP27ARISF-ARIMWILSON14-7,26SEP27ARISF,Michael Wilson,10232,WR,receptions,THRESHOLD,7+,3.93,0.1007,0.12,0.13,0.88,25,2,
KXNFLREC-26SEP27ARISF-ARIMWILSON14-6,26SEP27ARISF,Michael Wilson,10232,WR,receptions,THRESHOLD,6+,3.93,0.1889,0.22,0.24,0.78,12103,2000,
KXNFLREC-26SEP27ARISF-ARIMWILSON14-5,26SEP27ARISF,Michael Wilson,10232,WR,receptions,THRESHOLD,5+,3.93,0.3369,0.37,0.38,0.63,2612,235,
KXNFLREC-26SEP27ARISF-ARIMWILSON14-4,26SEP27ARISF,Michael Wilson,10232,WR,receptions,THRESHOLD,4+,3.93,0.5133,0.56,0.57,0.44,699,2525,
KXNFLREC-26SEP27ARISF-ARIMWILSON14-3,26SEP27ARISF,Michael Wilson,10232,WR,receptions,THRESHOLD,3+,3.93,0.6864,0.73,0.76,0.27,169,63,
KXNFLREC-26SEP27ARISF-ARIMWILSON14-2,26SEP27ARISF,Michael Wilson,10232,WR,receptions,THRESHOLD,2+,3.93,0.8278,0.86,0.90,0.14,157,63,
KXNFLREC-26SEP27ARISF-ARIMHARRISON18-7,26SEP27ARISF,Marvin Harrison Jr.,11628,WR,receptions,THRESHOLD,7+,2.47,0.0308,0.02,0.04,0.98,10556,35,
KXNFLREC-26SEP27ARISF-ARIMHARRISON18-6,26SEP27ARISF,Marvin Harrison Jr.,11628,WR,receptions,THRESHOLD,6+,2.47,0.0691,0.04,0.06,0.96,25,189,
KXNFLREC-26SEP27ARISF-ARIMHARRISON18-5,26SEP27ARISF,Marvin Harrison Jr.,11628,WR,receptions,THRESHOLD,5+,2.47,0.1373,0.09,0.11,0.91,25,66,
KXNFLREC-26SEP27ARISF-ARIMHARRISON18-4,26SEP27ARISF,Marvin Harrison Jr.,11628,WR,receptions,THRESHOLD,4+,2.47,0.2338,0.23,0.24,0.77,11025,100,
KXNFLREC-26SEP27ARISF-ARIMHARRISON18-3,26SEP27ARISF,Marvin Harrison Jr.,11628,WR,receptions,THRESHOLD,3+,2.47,0.3918,0.42,0.43,0.58,6867,1183,
KXNFLREC-26SEP27ARISF-ARIMHARRISON18-2,26SEP27ARISF,Marvin Harrison Jr.,11628,WR,receptions,THRESHOLD,2+,2.47,0.6198,0.66,0.69,0.34,667,1,
KXNFLREC-26SEP27KCMIA-MIAMWASHINGTON6-9,26SEP27KCMIA,Malik Washington,11610,WR,receptions,THRESHOLD,9+,3.87,0.0208,0.00,0.05,1.00,21646,0,
KXNFLREC-26SEP27KCMIA-MIAMWASHINGTON6-8,26SEP27KCMIA,Malik Washington,11610,WR,receptions,THRESHOLD,8+,3.87,0.0408,0.02,0.07,0.98,9600,2,
KXNFLREC-26SEP27KCMIA-MIAMWASHINGTON6-7,26SEP27KCMIA,Malik Washington,11610,WR,receptions,THRESHOLD,7+,3.87,0.0990,0.03,0.12,0.97,14505,1,
KXNFLREC-26SEP27KCMIA-MIAMWASHINGTON6-6,26SEP27KCMIA,Malik Washington,11610,WR,receptions,THRESHOLD,6+,3.87,0.1872,0.17,0.21,0.83,6722,48,
KXNFLREC-26SEP27KCMIA-MIAMWASHINGTON6-5,26SEP27KCMIA,Malik Washington,11610,WR,receptions,THRESHOLD,5+,3.87,0.3170,0.33,0.34,0.67,6016,1,
KXNFLREC-26SEP27KCMIA-MIAMWASHINGTON6-4,26SEP27KCMIA,Malik Washington,11610,WR,receptions,THRESHOLD,4+,3.87,0.4933,0.53,0.54,0.47,6698,7491,
KXNFLREC-26SEP27KCMIA-MIAMWASHINGTON6-3,26SEP27KCMIA,Malik Washington,11610,WR,receptions,THRESHOLD,3+,3.87,0.6830,0.70,0.73,0.30,5491,3,
KXNFLREC-26SEP27KCMIA-MIAMWASHINGTON6-2,26SEP27KCMIA,Malik Washington,11610,WR,receptions,THRESHOLD,2+,3.87,0.8428,0.88,0.89,0.12,993,15,
KXNFLREC-26SEP27KCMIA-MIAGDULCICH85-7,26SEP27KCMIA,Greg Dulcich,8172,TE,receptions,THRESHOLD,7+,2.79,0.0424,0.00,0.04,1.00,12650,0,
KXNFLREC-26SEP27KCMIA-MIAGDULCICH85-6,26SEP27KCMIA,Greg Dulcich,8172,TE,receptions,THRESHOLD,6+,2.79,0.0973,0.05,0.06,0.95,5500,500,
KXNFLREC-26SEP27KCMIA-MIAGDULCICH85-5,26SEP27KCMIA,Greg Dulcich,8172,TE,receptions,THRESHOLD,5+,2.79,0.1739,0.10,0.13,0.90,26152,3300,
KXNFLREC-26SEP27KCMIA-MIAGDULCICH85-4,26SEP27KCMIA,Greg Dulcich,8172,TE,receptions,THRESHOLD,4+,2.79,0.3003,0.22,0.24,0.78,11000,100,
KXNFLREC-26SEP27KCMIA-MIAGDULCICH85-3,26SEP27KCMIA,Greg Dulcich,8172,TE,receptions,THRESHOLD,3+,2.79,0.4983,0.43,0.44,0.57,1422,8933,
KXNFLREC-26SEP27KCMIA-MIAGDULCICH85-2,26SEP27KCMIA,Greg Dulcich,8172,TE,receptions,THRESHOLD,2+,2.79,0.7030,0.65,0.69,0.35,667,2,
KXNFLREC-26SEP27KCMIA-KCTTHORNTON2-5,26SEP27KCMIA,Tyquan Thornton,8188,WR,receptions,THRESHOLD,5+,2.12,0.0790,0.01,0.04,0.99,4708,3,
KXNFLREC-26SEP27KCMIA-KCTTHORNTON2-4,26SEP27KCMIA,Tyquan Thornton,8188,WR,receptions,THRESHOLD,4+,2.12,0.1772,0.05,0.07,0.95,1075,58,
KXNFLREC-26SEP27KCMIA-KCTTHORNTON2-3,26SEP27KCMIA,Tyquan Thornton,8188,WR,receptions,THRESHOLD,3+,2.12,0.3103,0.17,0.19,0.83,1234,42,
KXNFLREC-26SEP27KCMIA-KCTTHORNTON2-2,26SEP27KCMIA,Tyquan Thornton,8188,WR,receptions,THRESHOLD,2+,2.12,0.5166,0.41,0.44,0.59,13374,605,
KXNFLREC-26SEP27CINPIT-PITPFREIERMUTH88-9,26SEP27CINPIT,Pat Freiermuth,7600,TE,receptions,THRESHOLD,9+,3.58,0.0258,0.01,0.03,0.99,1030,2,
KXNFLREC-26SEP27CINPIT-PITPFREIERMUTH88-8,26SEP27CINPIT,Pat Freiermuth,7600,TE,receptions,THRESHOLD,8+,3.58,0.0541,0.07,0.08,0.93,15182,60,
KXNFLREC-26SEP27CINPIT-PITPFREIERMUTH88-7,26SEP27CINPIT,Pat Freiermuth,7600,TE,receptions,THRESHOLD,7+,3.58,0.0940,0.11,0.13,0.89,17209,27,
KXNFLREC-26SEP27CINPIT-PITPFREIERMUTH88-6,26SEP27CINPIT,Pat Freiermuth,7600,TE,receptions,THRESHOLD,6+,3.58,0.1855,0.22,0.23,0.78,19824,1,
KXNFLREC-26SEP27CINPIT-PITPFREIERMUTH88-5,26SEP27CINPIT,Pat Freiermuth,7600,TE,receptions,THRESHOLD,5+,3.58,0.2903,0.38,0.39,0.62,21254,345,
KXNFLREC-26SEP27CINPIT-PITPFREIERMUTH88-4,26SEP27CINPIT,Pat Freiermuth,7600,TE,receptions,THRESHOLD,4+,3.58,0.4501,0.55,0.56,0.45,13427,17097,
KXNFLREC-26SEP27CINPIT-PITPFREIERMUTH88-3,26SEP27CINPIT,Pat Freiermuth,7600,TE,receptions,THRESHOLD,3+,3.58,0.6681,0.73,0.74,0.27,1000,13,
KXNFLREC-26SEP27CINPIT-PITPFREIERMUTH88-2,26SEP27CINPIT,Pat Freiermuth,7600,TE,receptions,THRESHOLD,2+,3.58,0.8245,0.84,0.88,0.16,194,5,
KXNFLREC-26SEP27CINPIT-PITPFREIERMUTH88-10,26SEP27CINPIT,Pat Freiermuth,7600,TE,receptions,THRESHOLD,10+,3.58,0.0075,0.00,0.03,1.00,4700,0,
KXNFLREC-26SEP27CINPIT-PITDMETCALF4-9,26SEP27CINPIT,DK Metcalf,5846,WR,receptions,THRESHOLD,9+,3.55,0.0208,0.01,0.07,0.99,20121,4,
KXNFLREC-26SEP27CINPIT-PITDMETCALF4-8,26SEP27CINPIT,DK Metcalf,5846,WR,receptions,THRESHOLD,8+,3.55,0.0391,0.08,0.11,0.92,5002,25,
KXNFLREC-26SEP27CINPIT-PITDMETCALF4-7,26SEP27CINPIT,DK Metcalf,5846,WR,receptions,THRESHOLD,7+,3.55,0.0840,0.17,0.19,0.83,16002,2,
KXNFLREC-26SEP27CINPIT-PITDMETCALF4-6,26SEP27CINPIT,DK Metcalf,5846,WR,receptions,THRESHOLD,6+,3.55,0.1406,0.29,0.31,0.71,7926,2,
KXNFLREC-26SEP27CINPIT-PITDMETCALF4-5,26SEP27CINPIT,DK Metcalf,5846,WR,receptions,THRESHOLD,5+,3.55,0.2571,0.45,0.46,0.55,5000,10,
KXNFLREC-26SEP27CINPIT-PITDMETCALF4-4,26SEP27CINPIT,DK Metcalf,5846,WR,receptions,THRESHOLD,4+,3.55,0.4218,0.63,0.65,0.37,25,29,
KXNFLREC-26SEP27CINPIT-PITDMETCALF4-3,26SEP27CINPIT,DK Metcalf,5846,WR,receptions,THRESHOLD,3+,3.55,0.6348,0.78,0.80,0.22,25,85,
KXNFLREC-26SEP27CINPIT-PITDMETCALF4-2,26SEP27CINPIT,DK Metcalf,5846,WR,receptions,THRESHOLD,2+,3.55,0.8161,0.88,0.92,0.12,1000,1,
KXNFLREC-26SEP27CINPIT-PITDMETCALF4-10,26SEP27CINPIT,DK Metcalf,5846,WR,receptions,THRESHOLD,10+,3.55,0.0108,0.01,0.04,0.99,17300,2,
KXNFLREC-26SEP27CINPIT-CINTHIGGINS5-9,26SEP27CINPIT,Tee Higgins,6801,WR,receptions,THRESHOLD,9+,4.09,0.0275,0.01,0.06,0.99,20852,3,
KXNFLREC-26SEP27CINPIT-CINTHIGGINS5-8,26SEP27CINPIT,Tee Higgins,6801,WR,receptions,THRESHOLD,8+,4.09,0.0757,0.07,0.09,0.93,2,22,
KXNFLREC-26SEP27CINPIT-CINTHIGGINS5-7,26SEP27CINPIT,Tee Higgins,6801,WR,receptions,THRESHOLD,7+,4.09,0.1140,0.14,0.17,0.86,9004,105,
KXNFLREC-26SEP27CINPIT-CINTHIGGINS5-6,26SEP27CINPIT,Tee Higgins,6801,WR,receptions,THRESHOLD,6+,4.09,0.1938,0.26,0.30,0.74,29524,35,
KXNFLREC-26SEP27CINPIT-CINTHIGGINS5-5,26SEP27CINPIT,Tee Higgins,6801,WR,receptions,THRESHOLD,5+,4.09,0.3469,0.45,0.46,0.55,7774,20,
KXNFLREC-26SEP27CINPIT-CINTHIGGINS5-4,26SEP27CINPIT,Tee Higgins,6801,WR,receptions,THRESHOLD,4+,4.09,0.5399,0.62,0.65,0.38,1761,32,
KXNFLREC-26SEP27CINPIT-CINTHIGGINS5-3,26SEP27CINPIT,Tee Higgins,6801,WR,receptions,THRESHOLD,3+,4.09,0.7313,0.79,0.80,0.21,1,7,
KXNFLREC-26SEP27CINPIT-CINTHIGGINS5-2,26SEP27CINPIT,Tee Higgins,6801,WR,receptions,THRESHOLD,2+,4.09,0.8727,0.89,0.93,0.11,1000,1,
KXNFLREC-26SEP27CINPIT-CINTHIGGINS5-10,26SEP27CINPIT,Tee Higgins,6801,WR,receptions,THRESHOLD,10+,4.09,0.0158,0.00,0.04,1.00,10395,0,
KXNFLREC-26SEP27CINPIT-CINMGESICKI88-7,26SEP27CINPIT,Mike Gesicki,4993,TE,receptions,THRESHOLD,7+,2.56,0.0341,0.01,0.05,0.99,20619,3,
KXNFLREC-26SEP27CINPIT-CINMGESICKI88-6,26SEP27CINPIT,Mike Gesicki,4993,TE,receptions,THRESHOLD,6+,2.56,0.0740,0.05,0.07,0.95,9300,25,
KXNFLREC-26SEP27CINPIT-CINMGESICKI88-5,26SEP27CINPIT,Mike Gesicki,4993,TE,receptions,THRESHOLD,5+,2.56,0.1439,0.13,0.15,0.87,4700,2,
KXNFLREC-26SEP27CINPIT-CINMGESICKI88-4,26SEP27CINPIT,Mike Gesicki,4993,TE,receptions,THRESHOLD,4+,2.56,0.2804,0.28,0.30,0.72,9201,31,
KXNFLREC-26SEP27CINPIT-CINMGESICKI88-3,26SEP27CINPIT,Mike Gesicki,4993,TE,receptions,THRESHOLD,3+,2.56,0.4717,0.49,0.50,0.51,8690,229,
KXNFLREC-26SEP27CINPIT-CINMGESICKI88-2,26SEP27CINPIT,Mike Gesicki,4993,TE,receptions,THRESHOLD,2+,2.56,0.6714,0.70,0.73,0.30,11,217,
KXNFLREC-26SEP27CINPIT-CINJCHASE1-9,26SEP27CINPIT,Ja'Marr Chase,7564,WR,receptions,THRESHOLD,9+,5.78,0.1506,0.22,0.26,0.78,2451,27,
KXNFLREC-26SEP27CINPIT-CINJCHASE1-8,26SEP27CINPIT,Ja'Marr Chase,7564,WR,receptions,THRESHOLD,8+,5.78,0.2138,0.34,0.37,0.66,2,27,
KXNFLREC-26SEP27CINPIT-CINJCHASE1-7,26SEP27CINPIT,Ja'Marr Chase,7564,WR,receptions,THRESHOLD,7+,5.78,0.3236,0.51,0.52,0.49,8338,981,
KXNFLREC-26SEP27CINPIT-CINJCHASE1-6,26SEP27CINPIT,Ja'Marr Chase,7564,WR,receptions,THRESHOLD,6+,5.78,0.4567,0.64,0.67,0.36,100,313,
KXNFLREC-26SEP27CINPIT-CINJCHASE1-5,26SEP27CINPIT,Ja'Marr Chase,7564,WR,receptions,THRESHOLD,5+,5.78,0.5998,0.77,0.80,0.23,225,12,
KXNFLREC-26SEP27CINPIT-CINJCHASE1-4,26SEP27CINPIT,Ja'Marr Chase,7564,WR,receptions,THRESHOLD,4+,5.78,0.7696,0.88,0.89,0.12,157,25,
KXNFLREC-26SEP27CINPIT-CINJCHASE1-13,26SEP27CINPIT,Ja'Marr Chase,7564,WR,receptions,THRESHOLD,13+,5.78,0.0158,0.00,0.05,1.00,17300,0,
KXNFLREC-26SEP27CINPIT-CINJCHASE1-12,26SEP27CINPIT,Ja'Marr Chase,7564,WR,receptions,THRESHOLD,12+,5.78,0.0291,0.01,0.07,0.99,15000,4,
KXNFLREC-26SEP27CINPIT-CINJCHASE1-11,26SEP27CINPIT,Ja'Marr Chase,7564,WR,receptions,THRESHOLD,11+,5.78,0.0524,0.08,0.10,0.92,2,3025,
KXNFLREC-26SEP27CINPIT-CINJCHASE1-10,26SEP27CINPIT,Ja'Marr Chase,7564,WR,receptions,THRESHOLD,10+,5.78,0.0923,0.14,0.17,0.86,2,33,
KXNFLREC-26SEP27CINPIT-CINCBROWN30-8,26SEP27CINPIT,Chase Brown,9224,RB,receptions,THRESHOLD,8+,3.84,0.0574,0.01,0.05,0.99,9300,3,
KXNFLREC-26SEP27CINPIT-CINCBROWN30-7,26SEP27CINPIT,Chase Brown,9224,RB,receptions,THRESHOLD,7+,3.84,0.1090,0.05,0.09,0.95,14502,398,
KXNFLREC-26SEP27CINPIT-CINCBROWN30-6,26SEP27CINPIT,Chase Brown,9224,RB,receptions,THRESHOLD,6+,3.84,0.1922,0.13,0.15,0.87,200,108,
KXNFLREC-26SEP27CINPIT-CINCBROWN30-5,26SEP27CINPIT,Chase Brown,9224,RB,receptions,THRESHOLD,5+,3.84,0.2953,0.25,0.28,0.75,201,6,
KXNFLREC-26SEP27CINPIT-CINCBROWN30-4,26SEP27CINPIT,Chase Brown,9224,RB,receptions,THRESHOLD,4+,3.84,0.4334,0.45,0.46,0.55,3,7962,
KXNFLREC-26SEP27CINPIT-CINCBROWN30-3,26SEP27CINPIT,Chase Brown,9224,RB,receptions,THRESHOLD,3+,3.84,0.6381,0.64,0.65,0.36,2011,32,
KXNFLREC-26SEP27CINPIT-CINCBROWN30-2,26SEP27CINPIT,Chase Brown,9224,RB,receptions,THRESHOLD,2+,3.84,0.8278,0.82,0.84,0.18,778,25,
KXNFLREC-26SEP27SEAWAS-WASTMCLAURIN17-9,26SEP27SEAWAS,Terry McLaurin,5927,WR,receptions,THRESHOLD,9+,3.65,0.0241,0.01,0.04,0.99,10548,2,
KXNFLREC-26SEP27SEAWAS-WASTMCLAURIN17-8,26SEP27SEAWAS,Terry McLaurin,5927,WR,receptions,THRESHOLD,8+,3.65,0.0408,0.01,0.06,0.99,20693,3,
KXNFLREC-26SEP27SEAWAS-WASTMCLAURIN17-7,26SEP27SEAWAS,Terry McLaurin,5927,WR,receptions,THRESHOLD,7+,3.65,0.0757,0.06,0.09,0.94,20000,25,
KXNFLREC-26SEP27SEAWAS-WASTMCLAURIN17-6,26SEP27SEAWAS,Terry McLaurin,5927,WR,receptions,THRESHOLD,6+,3.65,0.1522,0.14,0.17,0.86,2,2735,
KXNFLREC-26SEP27SEAWAS-WASTMCLAURIN17-5,26SEP27SEAWAS,Terry McLaurin,5927,WR,receptions,THRESHOLD,5+,3.65,0.2704,0.26,0.29,0.74,10011,85,
KXNFLREC-26SEP27SEAWAS-WASTMCLAURIN17-4,26SEP27SEAWAS,Terry McLaurin,5927,WR,receptions,THRESHOLD,4+,3.65,0.4201,0.44,0.45,0.56,2147,1237,
KXNFLREC-26SEP27SEAWAS-WASTMCLAURIN17-3,26SEP27SEAWAS,Terry McLaurin,5927,WR,receptions,THRESHOLD,3+,3.65,0.6448,0.65,0.68,0.35,1,27,
KXNFLREC-26SEP27SEAWAS-WASTMCLAURIN17-2,26SEP27SEAWAS,Terry McLaurin,5927,WR,receptions,THRESHOLD,2+,3.65,0.8295,0.83,0.86,0.17,170,125,
KXNFLREC-26SEP27SEAWAS-WASSDIGGS3-9,26SEP27SEAWAS,Stefon Diggs,2449,WR,receptions,THRESHOLD,9+,3.71,0.0241,0.01,0.05,0.99,20750,3,
KXNFLREC-26SEP27SEAWAS-WASSDIGGS3-8,26SEP27SEAWAS,Stefon Diggs,2449,WR,receptions,THRESHOLD,8+,3.71,0.0408,0.05,0.08,0.95,24500,113,
KXNFLREC-26SEP27SEAWAS-WASSDIGGS3-7,26SEP27SEAWAS,Stefon Diggs,2449,WR,receptions,THRESHOLD,7+,3.71,0.0824,0.11,0.14,0.89,24500,71,
KXNFLREC-26SEP27SEAWAS-WASSDIGGS3-6,26SEP27SEAWAS,Stefon Diggs,2449,WR,receptions,THRESHOLD,6+,3.71,0.1739,0.21,0.23,0.79,26,82,
KXNFLREC-26SEP27SEAWAS-WASSDIGGS3-5,26SEP27SEAWAS,Stefon Diggs,2449,WR,receptions,THRESHOLD,5+,3.71,0.2787,0.38,0.39,0.62,1001,25,
KXNFLREC-26SEP27SEAWAS-WASSDIGGS3-4,26SEP27SEAWAS,Stefon Diggs,2449,WR,receptions,THRESHOLD,4+,3.71,0.4401,0.55,0.56,0.45,6031,2206,
KXNFLREC-26SEP27SEAWAS-WASSDIGGS3-3,26SEP27SEAWAS,Stefon Diggs,2449,WR,receptions,THRESHOLD,3+,3.71,0.6664,0.74,0.75,0.26,1000,24,
KXNFLREC-26SEP27SEAWAS-WASSDIGGS3-2,26SEP27SEAWAS,Stefon Diggs,2449,WR,receptions,THRESHOLD,2+,3.71,0.8478,0.86,0.89,0.14,189,23,
KXNFLREC-26SEP27SEAWAS-WASSDIGGS3-10,26SEP27SEAWAS,Stefon Diggs,2449,WR,receptions,THRESHOLD,10+,3.71,0.0108,0.00,0.03,1.00,10300,0,
KXNFLREC-26SEP27SEAWAS-SEARSHAHEED22-7,26SEP27SEAWAS,Rashid Shaheed,8676,WR,receptions,THRESHOLD,7+,2.56,0.0291,0.00,0.04,1.00,7300,0,
KXNFLREC-26SEP27SEAWAS-SEARSHAHEED22-6,26SEP27SEAWAS,Rashid Shaheed,8676,WR,receptions,THRESHOLD,6+,2.56,0.0674,0.04,0.07,0.96,4655,48,
KXNFLREC-26SEP27SEAWAS-SEARSHAHEED22-5,26SEP27SEAWAS,Rashid Shaheed,8676,WR,receptions,THRESHOLD,5+,2.56,0.1356,0.12,0.14,0.88,4791,382,
KXNFLREC-26SEP27SEAWAS-SEARSHAHEED22-4,26SEP27SEAWAS,Rashid Shaheed,8676,WR,receptions,THRESHOLD,4+,2.56,0.2221,0.24,0.28,0.76,5550,35,
KXNFLREC-26SEP27SEAWAS-SEARSHAHEED22-3,26SEP27SEAWAS,Rashid Shaheed,8676,WR,receptions,THRESHOLD,3+,2.56,0.3985,0.48,0.49,0.52,5696,25,
KXNFLREC-26SEP27SEAWAS-SEARSHAHEED22-2,26SEP27SEAWAS,Rashid Shaheed,8676,WR,receptions,THRESHOLD,2+,2.56,0.6215,0.69,0.72,0.31,3222,152,
KXNFLREC-26SEP27SEAWAS-SEAJSMITHNJIGBA11-9,26SEP27SEAWAS,Jaxon Smith-Njigba,9488,WR,receptions,THRESHOLD,9+,6.72,0.2088,0.22,0.24,0.78,15500,3,
KXNFLREC-26SEP27SEAWAS-SEAJSMITHNJIGBA11-8,26SEP27SEAWAS,Jaxon Smith-Njigba,9488,WR,receptions,THRESHOLD,8+,6.72,0.3220,0.34,0.35,0.66,26,22,
KXNFLREC-26SEP27SEAWAS-SEAJSMITHNJIGBA11-7,26SEP27SEAWAS,Jaxon Smith-Njigba,9488,WR,receptions,THRESHOLD,7+,6.72,0.4667,0.50,0.51,0.50,29755,31,
KXNFLREC-26SEP27SEAWAS-SEAJSMITHNJIGBA11-6,26SEP27SEAWAS,Jaxon Smith-Njigba,9488,WR,receptions,THRESHOLD,6+,6.72,0.5998,0.62,0.63,0.38,558,100,
KXNFLREC-26SEP27SEAWAS-SEAJSMITHNJIGBA11-5,26SEP27SEAWAS,Jaxon Smith-Njigba,9488,WR,receptions,THRESHOLD,5+,6.72,0.7196,0.77,0.78,0.23,3023,29,
KXNFLREC-26SEP27SEAWAS-SEAJSMITHNJIGBA11-4,26SEP27SEAWAS,Jaxon Smith-Njigba,9488,WR,receptions,THRESHOLD,4+,6.72,0.8344,0.87,0.89,0.13,3,25,
KXNFLREC-26SEP27SEAWAS-SEAJSMITHNJIGBA11-14,26SEP27SEAWAS,Jaxon Smith-Njigba,9488,WR,receptions,THRESHOLD,14+,6.72,0.0125,0.00,0.04,1.00,7400,0,
KXNFLREC-26SEP27SEAWAS-SEAJSMITHNJIGBA11-13,26SEP27SEAWAS,Jaxon Smith-Njigba,9488,WR,receptions,THRESHOLD,13+,6.72,0.0241,0.00,0.05,1.00,6200,0,
KXNFLREC-26SEP27SEAWAS-SEAJSMITHNJIGBA11-12,26SEP27SEAWAS,Jaxon Smith-Njigba,9488,WR,receptions,THRESHOLD,12+,6.72,0.0408,0.01,0.06,0.99,14480,3,
KXNFLREC-26SEP27SEAWAS-SEAJSMITHNJIGBA11-11,26SEP27SEAWAS,Jaxon Smith-Njigba,9488,WR,receptions,THRESHOLD,11+,6.72,0.0657,0.06,0.10,0.94,15000,46,
KXNFLREC-26SEP27SEAWAS-SEAJSMITHNJIGBA11-10,26SEP27SEAWAS,Jaxon Smith-Njigba,9488,WR,receptions,THRESHOLD,10+,6.72,0.1190,0.13,0.15,0.87,4,8,
KXNFLREC-26SEP27SEAWAS-SEAABARNER88-8,26SEP27SEAWAS,AJ Barner,11603,TE,receptions,THRESHOLD,8+,2.93,0.0208,0.01,0.03,0.99,9560,3,
KXNFLREC-26SEP27SEAWAS-SEAABARNER88-7,26SEP27SEAWAS,AJ Barner,11603,TE,receptions,THRESHOLD,7+,2.93,0.0441,0.01,0.04,0.99,10750,3,
KXNFLREC-26SEP27SEAWAS-SEAABARNER88-6,26SEP27SEAWAS,AJ Barner,11603,TE,receptions,THRESHOLD,6+,2.93,0.1040,0.05,0.06,0.95,1063,55,
KXNFLREC-26SEP27SEAWAS-SEAABARNER88-5,26SEP27SEAWAS,AJ Barner,11603,TE,receptions,THRESHOLD,5+,2.93,0.1839,0.13,0.14,0.87,100,56,
KXNFLREC-26SEP27SEAWAS-SEAABARNER88-4,26SEP27SEAWAS,AJ Barner,11603,TE,receptions,THRESHOLD,4+,2.93,0.3120,0.27,0.29,0.73,100,46,
KXNFLREC-26SEP27SEAWAS-SEAABARNER88-3,26SEP27SEAWAS,AJ Barner,11603,TE,receptions,THRESHOLD,3+,2.93,0.5183,0.47,0.48,0.53,3168,264,
KXNFLREC-26SEP27SEAWAS-SEAABARNER88-2,26SEP27SEAWAS,AJ Barner,11603,TE,receptions,THRESHOLD,2+,2.93,0.7163,0.73,0.74,0.27,175,20,
KXNFLREC-26SEP27CARCLE-CLEQJUDKINS10-7,26SEP27CARCLE,Quinshon Judkins,12512,RB,receptions,THRESHOLD,7+,1.99,0.0158,0.00,0.04,1.00,10300,0,
KXNFLREC-26SEP27CARCLE-CLEQJUDKINS10-6,26SEP27CARCLE,Quinshon Judkins,12512,RB,receptions,THRESHOLD,6+,1.99,0.0408,0.04,0.08,0.96,21050,25,
KXNFLREC-26SEP27CARCLE-CLEQJUDKINS10-5,26SEP27CARCLE,Quinshon Judkins,12512,RB,receptions,THRESHOLD,5+,1.99,0.0957,0.13,0.14,0.87,4900,2,
KXNFLREC-26SEP27CARCLE-CLEQJUDKINS10-4,26SEP27CARCLE,Quinshon Judkins,12512,RB,receptions,THRESHOLD,4+,1.99,0.1789,0.24,0.27,0.76,8619,25,
KXNFLREC-26SEP27CARCLE-CLEQJUDKINS10-3,26SEP27CARCLE,Quinshon Judkins,12512,RB,receptions,THRESHOLD,3+,1.99,0.3319,0.46,0.47,0.54,5188,1800,
KXNFLREC-26SEP27CARCLE-CLEQJUDKINS10-2,26SEP27CARCLE,Quinshon Judkins,12512,RB,receptions,THRESHOLD,2+,1.99,0.5516,0.69,0.71,0.31,11,300,
KXNFLREC-26SEP27CARCLE-CLEHFANNIN44-9,26SEP27CARCLE,Harold Fannin Jr.,12506,TE,receptions,THRESHOLD,9+,3.68,0.0275,0.01,0.05,0.99,21387,2,
KXNFLREC-26SEP27CARCLE-CLEHFANNIN44-8,26SEP27CARCLE,Harold Fannin Jr.,12506,TE,receptions,THRESHOLD,8+,3.68,0.0657,0.04,0.07,0.96,2,22,
KXNFLREC-26SEP27CARCLE-CLEHFANNIN44-7,26SEP27CARCLE,Harold Fannin Jr.,12506,TE,receptions,THRESHOLD,7+,3.68,0.1023,0.09,0.12,0.91,4504,25,
KXNFLREC-26SEP27CARCLE-CLEHFANNIN44-6,26SEP27CARCLE,Harold Fannin Jr.,12506,TE,receptions,THRESHOLD,6+,3.68,0.1872,0.19,0.22,0.81,2,26,
KXNFLREC-26SEP27CARCLE-CLEHFANNIN44-5,26SEP27CARCLE,Harold Fannin Jr.,12506,TE,receptions,THRESHOLD,5+,3.68,0.3070,0.33,0.35,0.67,1538,103,
KXNFLREC-26SEP27CARCLE-CLEHFANNIN44-4,26SEP27CARCLE,Harold Fannin Jr.,12506,TE,receptions,THRESHOLD,4+,3.68,0.4717,0.55,0.56,0.45,20780,1018,
KXNFLREC-26SEP27CARCLE-CLEHFANNIN44-3,26SEP27CARCLE,Harold Fannin Jr.,12506,TE,receptions,THRESHOLD,3+,3.68,0.6747,0.73,0.74,0.27,202,15,
KXNFLREC-26SEP27CARCLE-CLEHFANNIN44-2,26SEP27CARCLE,Harold Fannin Jr.,12506,TE,receptions,THRESHOLD,2+,3.68,0.8394,0.87,0.89,0.13,1000,1,
KXNFLREC-26SEP27CARCLE-CLEDBOSTON12-8,26SEP27CARCLE,Denzel Boston,13346,WR,receptions,THRESHOLD,8+,3.20,0.0358,0.01,0.05,0.99,4800,3,
KXNFLREC-26SEP27CARCLE-CLEDBOSTON12-7,26SEP27CARCLE,Denzel Boston,13346,WR,receptions,THRESHOLD,7+,3.20,0.0641,0.06,0.10,0.94,9602,2610,
KXNFLREC-26SEP27CARCLE-CLEDBOSTON12-6,26SEP27CARCLE,Denzel Boston,13346,WR,receptions,THRESHOLD,6+,3.20,0.1173,0.15,0.18,0.85,4802,59,
KXNFLREC-26SEP27CARCLE-CLEDBOSTON12-5,26SEP27CARCLE,Denzel Boston,13346,WR,receptions,THRESHOLD,5+,3.20,0.2171,0.29,0.32,0.71,14416,28,
KXNFLREC-26SEP27CARCLE-CLEDBOSTON12-4,26SEP27CARCLE,Denzel Boston,13346,WR,receptions,THRESHOLD,4+,3.20,0.3935,0.47,0.48,0.53,8022,29,
KXNFLREC-26SEP27CARCLE-CLEDBOSTON12-3,26SEP27CARCLE,Denzel Boston,13346,WR,receptions,THRESHOLD,3+,3.20,0.5899,0.67,0.69,0.33,11,1,
KXNFLREC-26SEP27CARCLE-CLEDBOSTON12-2,26SEP27CARCLE,Denzel Boston,13346,WR,receptions,THRESHOLD,2+,3.20,0.7546,0.83,0.87,0.17,2,26,
KXNFLREC-26SEP27CARCLE-CARXLEGETTE17-5,26SEP27CARCLE,Xavier Legette,11626,WR,receptions,THRESHOLD,5+,1.53,0.0574,0.01,0.05,0.99,8738,2,Questionable
KXNFLREC-26SEP27CARCLE-CARXLEGETTE17-4,26SEP27CARCLE,Xavier Legette,11626,WR,receptions,THRESHOLD,4+,1.53,0.1306,0.05,0.08,0.95,13,3,Questionable
KXNFLREC-26SEP27CARCLE-CARXLEGETTE17-3,26SEP27CARCLE,Xavier Legette,11626,WR,receptions,THRESHOLD,3+,1.53,0.2371,0.18,0.21,0.82,6719,5,Questionable
KXNFLREC-26SEP27CARCLE-CARXLEGETTE17-2,26SEP27CARCLE,Xavier Legette,11626,WR,receptions,THRESHOLD,2+,1.53,0.4002,0.44,0.45,0.56,846,10,Questionable
KXNFLREC-26SEP27CARCLE-CARTMCMILLAN4-9,26SEP27CARCLE,Tetairoa McMillan,12526,WR,receptions,THRESHOLD,9+,4.55,0.0557,0.01,0.09,0.99,10200,4,
KXNFLREC-26SEP27CARCLE-CARTMCMILLAN4-8,26SEP27CARCLE,Tetairoa McMillan,12526,WR,receptions,THRESHOLD,8+,4.55,0.1206,0.11,0.14,0.89,5,25,
KXNFLREC-26SEP27CARCLE-CARTMCMILLAN4-7,26SEP27CARCLE,Tetairoa McMillan,12526,WR,receptions,THRESHOLD,7+,4.55,0.1938,0.21,0.23,0.79,3,106,
KXNFLREC-26SEP27CARCLE-CARTMCMILLAN4-6,26SEP27CARCLE,Tetairoa McMillan,12526,WR,receptions,THRESHOLD,6+,4.55,0.3136,0.34,0.36,0.66,2,162,
KXNFLREC-26SEP27CARCLE-CARTMCMILLAN4-5,26SEP27CARCLE,Tetairoa McMillan,12526,WR,receptions,THRESHOLD,5+,4.55,0.4817,0.53,0.54,0.47,11030,13494,
KXNFLREC-26SEP27CARCLE-CARTMCMILLAN4-4,26SEP27CARCLE,Tetairoa McMillan,12526,WR,receptions,THRESHOLD,4+,4.55,0.6431,0.67,0.71,0.33,1001,30,
KXNFLREC-26SEP27CARCLE-CARTMCMILLAN4-3,26SEP27CARCLE,Tetairoa McMillan,12526,WR,receptions,THRESHOLD,3+,4.55,0.7945,0.81,0.84,0.19,11,25,
KXNFLREC-26SEP27CARCLE-CARTMCMILLAN4-2,26SEP27CARCLE,Tetairoa McMillan,12526,WR,receptions,THRESHOLD,2+,4.55,0.9010,0.89,0.94,0.11,157,6,
KXNFLREC-26SEP27CARCLE-CARTMCMILLAN4-11,26SEP27CARCLE,Tetairoa McMillan,12526,WR,receptions,THRESHOLD,11+,4.55,0.0141,0.00,0.04,1.00,10955,0,
KXNFLREC-26SEP27CARCLE-CARTMCMILLAN4-10,26SEP27CARCLE,Tetairoa McMillan,12526,WR,receptions,THRESHOLD,10+,4.55,0.0258,0.01,0.05,0.99,2500,2,
KXNFLREC-26SEP27CARCLE-CARDWALLER88-7,26SEP27CARCLE,Darren Waller,2505,TE,receptions,THRESHOLD,7+,2.85,0.0424,0.01,0.04,0.99,7300,2,
KXNFLREC-26SEP27CARCLE-CARDWALLER88-6,26SEP27CARCLE,Darren Waller,2505,TE,receptions,THRESHOLD,6+,2.85,0.0990,0.01,0.07,0.99,21052,4,
KXNFLREC-26SEP27CARCLE-CARDWALLER88-5,26SEP27CARCLE,Darren Waller,2505,TE,receptions,THRESHOLD,5+,2.85,0.1772,0.10,0.12,0.90,4700,26,
KXNFLREC-26SEP27CARCLE-CARDWALLER88-4,26SEP27CARCLE,Darren Waller,2505,TE,receptions,THRESHOLD,4+,2.85,0.3053,0.21,0.25,0.79,9620,3,
KXNFLREC-26SEP27CARCLE-CARDWALLER88-3,26SEP27CARCLE,Darren Waller,2505,TE,receptions,THRESHOLD,3+,2.85,0.5050,0.42,0.43,0.58,1,38,
KXNFLREC-26SEP27CARCLE-CARDWALLER88-2,26SEP27CARCLE,Darren Waller,2505,TE,receptions,THRESHOLD,2+,2.85,0.7097,0.66,0.68,0.34,2041,25,
KXNFLREC-26SEP27CARCLE-CARCHUBBARD30-7,26SEP27CARCLE,Chuba Hubbard,7594,RB,receptions,THRESHOLD,7+,2.57,0.0458,0.00,0.04,1.00,7000,0,
KXNFLREC-26SEP27CARCLE-CARCHUBBARD30-6,26SEP27CARCLE,Chuba Hubbard,7594,RB,receptions,THRESHOLD,6+,2.57,0.0990,0.01,0.07,0.99,2502,4,
KXNFLREC-26SEP27CARCLE-CARCHUBBARD30-5,26SEP27CARCLE,Chuba Hubbard,7594,RB,receptions,THRESHOLD,5+,2.57,0.1656,0.12,0.14,0.88,2162,34,
KXNFLREC-26SEP27CARCLE-CARCHUBBARD30-4,26SEP27CARCLE,Chuba Hubbard,7594,RB,receptions,THRESHOLD,4+,2.57,0.2604,0.26,0.28,0.74,2388,1,
KXNFLREC-26SEP27CARCLE-CARCHUBBARD30-3,26SEP27CARCLE,Chuba Hubbard,7594,RB,receptions,THRESHOLD,3+,2.57,0.4601,0.46,0.47,0.54,2523,2755,
KXNFLREC-26SEP27CARCLE-CARCHUBBARD30-2,26SEP27CARCLE,Chuba Hubbard,7594,RB,receptions,THRESHOLD,2+,2.57,0.6464,0.70,0.71,0.30,11,1,
KXNFLREC-26SEP27HOUIND-INDTWARREN84-9,26SEP27HOUIND,Tyler Warren,12518,TE,receptions,THRESHOLD,9+,4.39,0.0424,0.06,0.09,0.94,9602,42,
KXNFLREC-26SEP27HOUIND-INDTWARREN84-8,26SEP27HOUIND,Tyler Warren,12518,TE,receptions,THRESHOLD,8+,4.39,0.0807,0.12,0.14,0.88,5662,30,
KXNFLREC-26SEP27HOUIND-INDTWARREN84-7,26SEP27HOUIND,Tyler Warren,12518,TE,receptions,THRESHOLD,7+,4.39,0.1406,0.21,0.23,0.79,5798,1,
KXNFLREC-26SEP27HOUIND-INDTWARREN84-6,26SEP27HOUIND,Tyler Warren,12518,TE,receptions,THRESHOLD,6+,4.39,0.2471,0.36,0.38,0.64,15556,2,
KXNFLREC-26SEP27HOUIND-INDTWARREN84-5,26SEP27HOUIND,Tyler Warren,12518,TE,receptions,THRESHOLD,5+,4.39,0.3835,0.51,0.52,0.49,2644,210,
KXNFLREC-26SEP27HOUIND-INDTWARREN84-4,26SEP27HOUIND,Tyler Warren,12518,TE,receptions,THRESHOLD,4+,4.39,0.5666,0.70,0.71,0.30,5500,1,
KXNFLREC-26SEP27HOUIND-INDTWARREN84-3,26SEP27HOUIND,Tyler Warren,12518,TE,receptions,THRESHOLD,3+,4.39,0.7329,0.83,0.84,0.17,11,2,
KXNFLREC-26SEP27HOUIND-INDTWARREN84-11,26SEP27HOUIND,Tyler Warren,12518,TE,receptions,THRESHOLD,11+,4.39,0.0125,0.00,0.04,1.00,9964,0,
KXNFLREC-26SEP27HOUIND-INDTWARREN84-10,26SEP27HOUIND,Tyler Warren,12518,TE,receptions,THRESHOLD,10+,4.39,0.0191,0.01,0.06,0.99,20961,3,
KXNFLREC-26SEP27HOUIND-INDKALLEN10-9,26SEP27HOUIND,Keenan Allen,1479,WR,receptions,THRESHOLD,9+,3.18,0.0141,0.02,0.04,0.98,7300,1,
KXNFLREC-26SEP27HOUIND-INDKALLEN10-8,26SEP27HOUIND,Keenan Allen,1479,WR,receptions,THRESHOLD,8+,3.18,0.0341,0.01,0.06,0.99,10750,4,
KXNFLREC-26SEP27HOUIND-INDKALLEN10-7,26SEP27HOUIND,Keenan Allen,1479,WR,receptions,THRESHOLD,7+,3.18,0.0624,0.08,0.11,0.92,14502,25,
KXNFLREC-26SEP27HOUIND-INDKALLEN10-6,26SEP27HOUIND,Keenan Allen,1479,WR,receptions,THRESHOLD,6+,3.18,0.1123,0.17,0.20,0.83,11097,31,
KXNFLREC-26SEP27HOUIND-INDKALLEN10-5,26SEP27HOUIND,Keenan Allen,1479,WR,receptions,THRESHOLD,5+,3.18,0.2105,0.30,0.33,0.70,1492,54,
KXNFLREC-26SEP27HOUIND-INDKALLEN10-4,26SEP27HOUIND,Keenan Allen,1479,WR,receptions,THRESHOLD,4+,3.18,0.3918,0.50,0.51,0.50,6256,200,
KXNFLREC-26SEP27HOUIND-INDKALLEN10-3,26SEP27HOUIND,Keenan Allen,1479,WR,receptions,THRESHOLD,3+,3.18,0.5815,0.68,0.72,0.32,1000,317,
KXNFLREC-26SEP27HOUIND-INDKALLEN10-2,26SEP27HOUIND,Keenan Allen,1479,WR,receptions,THRESHOLD,2+,3.18,0.7546,0.83,0.88,0.17,304,506,
KXNFLREC-26SEP27HOUIND-INDJTAYLOR28-8,26SEP27HOUIND,Jonathan Taylor,6813,RB,receptions,THRESHOLD,8+,2.85,0.0175,0.01,0.05,0.99,20750,2,
KXNFLREC-26SEP27HOUIND-INDJTAYLOR28-7,26SEP27HOUIND,Jonathan Taylor,6813,RB,receptions,THRESHOLD,7+,2.85,0.0458,0.04,0.07,0.96,2,25,
KXNFLREC-26SEP27HOUIND-INDJTAYLOR28-6,26SEP27HOUIND,Jonathan Taylor,6813,RB,receptions,THRESHOLD,6+,2.85,0.0790,0.11,0.13,0.89,202,23,
KXNFLREC-26SEP27HOUIND-INDJTAYLOR28-5,26SEP27HOUIND,Jonathan Taylor,6813,RB,receptions,THRESHOLD,5+,2.85,0.1639,0.20,0.24,0.80,20000,3048,
KXNFLREC-26SEP27HOUIND-INDJTAYLOR28-4,26SEP27HOUIND,Jonathan Taylor,6813,RB,receptions,THRESHOLD,4+,2.85,0.2903,0.38,0.39,0.62,163,225,
KXNFLREC-26SEP27HOUIND-INDJTAYLOR28-3,26SEP27HOUIND,Jonathan Taylor,6813,RB,receptions,THRESHOLD,3+,2.85,0.5000,0.58,0.59,0.42,573,1,
KXNFLREC-26SEP27HOUIND-INDJTAYLOR28-2,26SEP27HOUIND,Jonathan Taylor,6813,RB,receptions,THRESHOLD,2+,2.85,0.7146,0.79,0.80,0.21,3011,23,
KXNFLREC-26SEP27HOUIND-INDJDOWNS2-9,26SEP27HOUIND,Josh Downs,9500,WR,receptions,THRESHOLD,9+,4.36,0.0424,0.06,0.09,0.94,24502,25,
KXNFLREC-26SEP27HOUIND-INDJDOWNS2-8,26SEP27HOUIND,Josh Downs,9500,WR,receptions,THRESHOLD,8+,4.36,0.0807,0.11,0.14,0.89,2,11,
KXNFLREC-26SEP27HOUIND-INDJDOWNS2-7,26SEP27HOUIND,Josh Downs,9500,WR,receptions,THRESHOLD,7+,4.36,0.1473,0.20,0.24,0.80,11002,36,
KXNFLREC-26SEP27HOUIND-INDJDOWNS2-6,26SEP27HOUIND,Josh Downs,9500,WR,receptions,THRESHOLD,6+,4.36,0.2654,0.34,0.36,0.66,1561,1,
KXNFLREC-26SEP27HOUIND-INDJDOWNS2-5,26SEP27HOUIND,Josh Downs,9500,WR,receptions,THRESHOLD,5+,4.36,0.4052,0.53,0.54,0.47,14921,956,
KXNFLREC-26SEP27HOUIND-INDJDOWNS2-4,26SEP27HOUIND,Josh Downs,9500,WR,receptions,THRESHOLD,4+,4.36,0.5832,0.69,0.71,0.31,1000,1,
KXNFLREC-26SEP27HOUIND-INDJDOWNS2-3,26SEP27HOUIND,Josh Downs,9500,WR,receptions,THRESHOLD,3+,4.36,0.7413,0.81,0.85,0.19,1000,25,
KXNFLREC-26SEP27HOUIND-INDJDOWNS2-11,26SEP27HOUIND,Josh Downs,9500,WR,receptions,THRESHOLD,11+,4.36,0.0092,0.00,0.04,1.00,8500,0,
KXNFLREC-26SEP27HOUIND-INDJDOWNS2-10,26SEP27HOUIND,Josh Downs,9500,WR,receptions,THRESHOLD,10+,4.36,0.0225,0.01,0.05,0.99,2,3,
KXNFLREC-26SEP27HOUIND-HOUXHUTCHINSON19-8,26SEP27HOUIND,Xavier Hutchinson,10218,WR,receptions,THRESHOLD,8+,2.80,0.0291,0.01,0.05,0.99,4800,3,
KXNFLREC-26SEP27HOUIND-HOUXHUTCHINSON19-7,26SEP27HOUIND,Xavier Hutchinson,10218,WR,receptions,THRESHOLD,7+,2.80,0.0507,0.07,0.09,0.93,5002,150,
KXNFLREC-26SEP27HOUIND-HOUXHUTCHINSON19-6,26SEP27HOUIND,Xavier Hutchinson,10218,WR,receptions,THRESHOLD,6+,2.80,0.1023,0.14,0.15,0.86,2,41,
KXNFLREC-26SEP27HOUIND-HOUXHUTCHINSON19-5,26SEP27HOUIND,Xavier Hutchinson,10218,WR,receptions,THRESHOLD,5+,2.80,0.1622,0.25,0.28,0.75,52,117,
KXNFLREC-26SEP27HOUIND-HOUXHUTCHINSON19-4,26SEP27HOUIND,Xavier Hutchinson,10218,WR,receptions,THRESHOLD,4+,2.80,0.2887,0.44,0.45,0.56,175,10,
KXNFLREC-26SEP27HOUIND-HOUXHUTCHINSON19-3,26SEP27HOUIND,Xavier Hutchinson,10218,WR,receptions,THRESHOLD,3+,2.80,0.4634,0.64,0.66,0.36,2006,32,
KXNFLREC-26SEP27HOUIND-HOUXHUTCHINSON19-2,26SEP27HOUIND,Xavier Hutchinson,10218,WR,receptions,THRESHOLD,2+,2.80,0.6681,0.81,0.84,0.19,1,25,
KXNFLREC-26SEP27HOUIND-HOUKBOUTTE14-7,26SEP27HOUIND,Kayshon Boutte,9504,WR,receptions,THRESHOLD,7+,2.88,0.0474,0.01,0.05,0.99,11052,2,
KXNFLREC-26SEP27HOUIND-HOUKBOUTTE14-6,26SEP27HOUIND,Kayshon Boutte,9504,WR,receptions,THRESHOLD,6+,2.88,0.1040,0.05,0.09,0.95,24502,25,
KXNFLREC-26SEP27HOUIND-HOUKBOUTTE14-5,26SEP27HOUIND,Kayshon Boutte,9504,WR,receptions,THRESHOLD,5+,2.88,0.1772,0.13,0.17,0.87,2,25,
KXNFLREC-26SEP27HOUIND-HOUKBOUTTE14-4,26SEP27HOUIND,Kayshon Boutte,9504,WR,receptions,THRESHOLD,4+,2.88,0.3020,0.28,0.31,0.72,25,175,
KXNFLREC-26SEP27HOUIND-HOUKBOUTTE14-3,26SEP27HOUIND,Kayshon Boutte,9504,WR,receptions,THRESHOLD,3+,2.88,0.4950,0.51,0.52,0.49,11529,4765,
KXNFLREC-26SEP27HOUIND-HOUKBOUTTE14-2,26SEP27HOUIND,Kayshon Boutte,9504,WR,receptions,THRESHOLD,2+,2.88,0.6913,0.73,0.76,0.27,1002,21,
KXNFLREC-26SEP27HOUIND-HOUJNOEL13-7,26SEP27HOUIND,Jaylin Noel,12536,WR,receptions,THRESHOLD,7+,2.01,0.0125,0.01,0.04,0.99,14800,2,
KXNFLREC-26SEP27HOUIND-HOUJNOEL13-6,26SEP27HOUIND,Jaylin Noel,12536,WR,receptions,THRESHOLD,6+,2.01,0.0341,0.02,0.07,0.98,14800,2,
KXNFLREC-26SEP27HOUIND-HOUJNOEL13-5,26SEP27HOUIND,Jaylin Noel,12536,WR,receptions,THRESHOLD,5+,2.01,0.0707,0.11,0.13,0.89,2,25,
KXNFLREC-26SEP27HOUIND-HOUJNOEL13-4,26SEP27HOUIND,Jaylin Noel,12536,WR,receptions,THRESHOLD,4+,2.01,0.1473,0.22,0.25,0.78,6000,115,
KXNFLREC-26SEP27HOUIND-HOUJNOEL13-3,26SEP27HOUIND,Jaylin Noel,12536,WR,receptions,THRESHOLD,3+,2.01,0.3153,0.43,0.44,0.57,8579,6837,
KXNFLREC-26SEP27HOUIND-HOUJNOEL13-2,26SEP27HOUIND,Jaylin Noel,12536,WR,receptions,THRESHOLD,2+,2.01,0.5083,0.68,0.70,0.32,157,25,
KXNFLREC-26SEP27HOUIND-HOUDSCHULTZ86-9,26SEP27HOUIND,Dalton Schultz,5001,TE,receptions,THRESHOLD,9+,5.03,0.0890,0.10,0.11,0.90,25,13,
KXNFLREC-26SEP27HOUIND-HOUDSCHULTZ86-8,26SEP27HOUIND,Dalton Schultz,5001,TE,receptions,THRESHOLD,8+,5.03,0.1373,0.17,0.19,0.83,52,7,
KXNFLREC-26SEP27HOUIND-HOUDSCHULTZ86-7,26SEP27HOUIND,Dalton Schultz,5001,TE,receptions,THRESHOLD,7+,5.03,0.2255,0.29,0.30,0.71,5576,11,
KXNFLREC-26SEP27HOUIND-HOUDSCHULTZ86-6,26SEP27HOUIND,Dalton Schultz,5001,TE,receptions,THRESHOLD,6+,5.03,0.3419,0.41,0.42,0.59,76,285,
KXNFLREC-26SEP27HOUIND-HOUDSCHULTZ86-5,26SEP27HOUIND,Dalton Schultz,5001,TE,receptions,THRESHOLD,5+,5.03,0.4817,0.59,0.60,0.41,9942,300,
KXNFLREC-26SEP27HOUIND-HOUDSCHULTZ86-4,26SEP27HOUIND,Dalton Schultz,5001,TE,receptions,THRESHOLD,4+,5.03,0.6614,0.72,0.75,0.28,7509,5,
KXNFLREC-26SEP27HOUIND-HOUDSCHULTZ86-3,26SEP27HOUIND,Dalton Schultz,5001,TE,receptions,THRESHOLD,3+,5.03,0.8145,0.85,0.86,0.15,1459,13,
KXNFLREC-26SEP27HOUIND-HOUDSCHULTZ86-12,26SEP27HOUIND,Dalton Schultz,5001,TE,receptions,THRESHOLD,12+,5.03,0.0208,0.00,0.04,1.00,5000,0,
KXNFLREC-26SEP27HOUIND-HOUDSCHULTZ86-11,26SEP27HOUIND,Dalton Schultz,5001,TE,receptions,THRESHOLD,11+,5.03,0.0358,0.01,0.05,0.99,14500,3,
KXNFLREC-26SEP27HOUIND-HOUDSCHULTZ86-10,26SEP27HOUIND,Dalton Schultz,5001,TE,receptions,THRESHOLD,10+,5.03,0.0574,0.06,0.07,0.94,828,5,
KXNFLREC-26SEP27NYJDET-NYJGWILSON5-9,26SEP27NYJDET,Garrett Wilson,8146,WR,receptions,THRESHOLD,9+,5.31,0.0940,0.19,0.21,0.81,27,480,
KXNFLREC-26SEP27NYJDET-NYJGWILSON5-8,26SEP27NYJDET,Garrett Wilson,8146,WR,receptions,THRESHOLD,8+,5.31,0.1622,0.30,0.31,0.70,1450,553,
KXNFLREC-26SEP27NYJDET-NYJGWILSON5-7,26SEP27NYJDET,Garrett Wilson,8146,WR,receptions,THRESHOLD,7+,5.31,0.2671,0.43,0.44,0.57,1504,2025,
KXNFLREC-26SEP27NYJDET-NYJGWILSON5-6,26SEP27NYJDET,Garrett Wilson,8146,WR,receptions,THRESHOLD,6+,5.31,0.4201,0.59,0.60,0.41,3018,1185,
KXNFLREC-26SEP27NYJDET-NYJGWILSON5-5,26SEP27NYJDET,Garrett Wilson,8146,WR,receptions,THRESHOLD,5+,5.31,0.5666,0.72,0.74,0.28,3004,2,
KXNFLREC-26SEP27NYJDET-NYJGWILSON5-4,26SEP27NYJDET,Garrett Wilson,8146,WR,receptions,THRESHOLD,4+,5.31,0.7163,0.83,0.86,0.17,1015,200,
KXNFLREC-26SEP27NYJDET-NYJGWILSON5-3,26SEP27NYJDET,Garrett Wilson,8146,WR,receptions,THRESHOLD,3+,5.31,0.8444,0.88,0.91,0.12,180,6,
KXNFLREC-26SEP27NYJDET-NYJGWILSON5-12,26SEP27NYJDET,Garrett Wilson,8146,WR,receptions,THRESHOLD,12+,5.31,0.0125,0.04,0.06,0.96,24503,25,
KXNFLREC-26SEP27NYJDET-NYJGWILSON5-11,26SEP27NYJDET,Garrett Wilson,8146,WR,receptions,THRESHOLD,11+,5.31,0.0308,0.07,0.09,0.93,14752,25,
KXNFLREC-26SEP27NYJDET-NYJGWILSON5-10,26SEP27NYJDET,Garrett Wilson,8146,WR,receptions,THRESHOLD,10+,5.31,0.0557,0.12,0.13,0.88,28,63,
KXNFLREC-26SEP27NYJDET-NYJBHALL20-8,26SEP27NYJDET,Breece Hall,8155,RB,receptions,THRESHOLD,8+,3.49,0.0291,0.02,0.05,0.98,4800,5926,
KXNFLREC-26SEP27NYJDET-NYJBHALL20-7,26SEP27NYJDET,Breece Hall,8155,RB,receptions,THRESHOLD,7+,3.49,0.0674,0.06,0.08,0.94,14500,25,
KXNFLREC-26SEP27NYJDET-NYJBHALL20-6,26SEP27NYJDET,Breece Hall,8155,RB,receptions,THRESHOLD,6+,3.49,0.1306,0.13,0.15,0.87,4700,2,
KXNFLREC-26SEP27NYJDET-NYJBHALL20-5,26SEP27NYJDET,Breece Hall,8155,RB,receptions,THRESHOLD,5+,3.49,0.2121,0.23,0.27,0.77,12285,2271,
KXNFLREC-26SEP27NYJDET-NYJBHALL20-4,26SEP27NYJDET,Breece Hall,8155,RB,receptions,THRESHOLD,4+,3.49,0.3586,0.40,0.41,0.60,2500,6217,
KXNFLREC-26SEP27NYJDET-NYJBHALL20-3,26SEP27NYJDET,Breece Hall,8155,RB,receptions,THRESHOLD,3+,3.49,0.5732,0.61,0.64,0.39,6120,1,
KXNFLREC-26SEP27NYJDET-NYJBHALL20-2,26SEP27NYJDET,Breece Hall,8155,RB,receptions,THRESHOLD,2+,3.49,0.7779,0.80,0.82,0.20,4013,3,
KXNFLREC-26SEP27NYJDET-NYJAMITCHELL15-9,26SEP27NYJDET,Adonai Mitchell,11625,WR,receptions,THRESHOLD,9+,3.30,0.0158,0.02,0.05,0.98,8503,5000,Questionable
KXNFLREC-26SEP27NYJDET-NYJAMITCHELL15-8,26SEP27NYJDET,Adonai Mitchell,11625,WR,receptions,THRESHOLD,8+,3.30,0.0474,0.04,0.07,0.96,25602,25,Questionable
KXNFLREC-26SEP27NYJDET-NYJAMITCHELL15-7,26SEP27NYJDET,Adonai Mitchell,11625,WR,receptions,THRESHOLD,7+,3.30,0.0724,0.07,0.11,0.93,13750,25,Questionable
KXNFLREC-26SEP27NYJDET-NYJAMITCHELL15-6,26SEP27NYJDET,Adonai Mitchell,11625,WR,receptions,THRESHOLD,6+,3.30,0.1290,0.16,0.19,0.84,11500,2525,Questionable
KXNFLREC-26SEP27NYJDET-NYJAMITCHELL15-5,26SEP27NYJDET,Adonai Mitchell,11625,WR,receptions,THRESHOLD,5+,3.30,0.2488,0.29,0.31,0.71,11000,200,Questionable
KXNFLREC-26SEP27NYJDET-NYJAMITCHELL15-4,26SEP27NYJDET,Adonai Mitchell,11625,WR,receptions,THRESHOLD,4+,3.30,0.4235,0.47,0.48,0.53,2021,2933,Questionable
KXNFLREC-26SEP27NYJDET-NYJAMITCHELL15-3,26SEP27NYJDET,Adonai Mitchell,11625,WR,receptions,THRESHOLD,3+,3.30,0.6082,0.66,0.69,0.34,157,400,Questionable
KXNFLREC-26SEP27NYJDET-NYJAMITCHELL15-2,26SEP27NYJDET,Adonai Mitchell,11625,WR,receptions,THRESHOLD,2+,3.30,0.7762,0.81,0.85,0.19,667,3,Questionable
KXNFLREC-26SEP27NYJDET-DETSLAPORTA87-9,26SEP27NYJDET,Sam LaPorta,10859,TE,receptions,THRESHOLD,9+,4.46,0.0541,0.04,0.07,0.96,14502,25,
KXNFLREC-26SEP27NYJDET-DETSLAPORTA87-8,26SEP27NYJDET,Sam LaPorta,10859,TE,receptions,THRESHOLD,8+,4.46,0.0923,0.09,0.12,0.91,6283,25,
KXNFLREC-26SEP27NYJDET-DETSLAPORTA87-7,26SEP27NYJDET,Sam LaPorta,10859,TE,receptions,THRESHOLD,7+,4.46,0.1589,0.18,0.21,0.82,10000,30,
KXNFLREC-26SEP27NYJDET-DETSLAPORTA87-6,26SEP27NYJDET,Sam LaPorta,10859,TE,receptions,THRESHOLD,6+,4.46,0.2654,0.33,0.34,0.67,1709,1,
KXNFLREC-26SEP27NYJDET-DETSLAPORTA87-5,26SEP27NYJDET,Sam LaPorta,10859,TE,receptions,THRESHOLD,5+,4.46,0.3952,0.47,0.48,0.53,20,8267,
KXNFLREC-26SEP27NYJDET-DETSLAPORTA87-4,26SEP27NYJDET,Sam LaPorta,10859,TE,receptions,THRESHOLD,4+,4.46,0.5732,0.67,0.68,0.33,11,21,
KXNFLREC-26SEP27NYJDET-DETSLAPORTA87-3,26SEP27NYJDET,Sam LaPorta,10859,TE,receptions,THRESHOLD,3+,4.46,0.7346,0.81,0.83,0.19,157,25,
KXNFLREC-26SEP27NYJDET-DETSLAPORTA87-2,26SEP27NYJDET,Sam LaPorta,10859,TE,receptions,THRESHOLD,2+,4.46,0.8827,0.91,0.92,0.09,157,75,
KXNFLREC-26SEP27NYJDET-DETSLAPORTA87-11,26SEP27NYJDET,Sam LaPorta,10859,TE,receptions,THRESHOLD,11+,4.46,0.0158,0.00,0.03,1.00,10750,0,
KXNFLREC-26SEP27NYJDET-DETSLAPORTA87-10,26SEP27NYJDET,Sam LaPorta,10859,TE,receptions,THRESHOLD,10+,4.46,0.0291,0.01,0.05,0.99,17302,2,
KXNFLREC-26SEP27NYJDET-DETJWILLIAMS1-9,26SEP27NYJDET,Jameson Williams,8148,WR,receptions,THRESHOLD,9+,3.67,0.0208,0.01,0.04,0.99,7300,3,
KXNFLREC-26SEP27NYJDET-DETJWILLIAMS1-8,26SEP27NYJDET,Jameson Williams,8148,WR,receptions,THRESHOLD,8+,3.67,0.0408,0.04,0.06,0.96,10750,25,
KXNFLREC-26SEP27NYJDET-DETJWILLIAMS1-7,26SEP27NYJDET,Jameson Williams,8148,WR,receptions,THRESHOLD,7+,3.67,0.0790,0.09,0.12,0.91,14500,125,
KXNFLREC-26SEP27NYJDET-DETJWILLIAMS1-6,26SEP27NYJDET,Jameson Williams,8148,WR,receptions,THRESHOLD,6+,3.67,0.1606,0.20,0.21,0.80,14500,2,
KXNFLREC-26SEP27NYJDET-DETJWILLIAMS1-5,26SEP27NYJDET,Jameson Williams,8148,WR,receptions,THRESHOLD,5+,3.67,0.2787,0.35,0.36,0.65,1491,25,
KXNFLREC-26SEP27NYJDET-DETJWILLIAMS1-4,26SEP27NYJDET,Jameson Williams,8148,WR,receptions,THRESHOLD,4+,3.67,0.4285,0.53,0.54,0.47,2018,700,
KXNFLREC-26SEP27NYJDET-DETJWILLIAMS1-3,26SEP27NYJDET,Jameson Williams,8148,WR,receptions,THRESHOLD,3+,3.67,0.6448,0.73,0.75,0.27,3135,25,
KXNFLREC-26SEP27NYJDET-DETJWILLIAMS1-2,26SEP27NYJDET,Jameson Williams,8148,WR,receptions,THRESHOLD,2+,3.67,0.8378,0.86,0.89,0.14,667,25,
KXNFLREC-26SEP27NYJDET-DETJGIBBS0-9,26SEP27NYJDET,Jahmyr Gibbs,9221,RB,receptions,THRESHOLD,9+,4.30,0.0524,0.04,0.07,0.96,7302,25,
KXNFLREC-26SEP27NYJDET-DETJGIBBS0-8,26SEP27NYJDET,Jahmyr Gibbs,9221,RB,receptions,THRESHOLD,8+,4.30,0.0907,0.09,0.11,0.91,9800,25,
KXNFLREC-26SEP27NYJDET-DETJGIBBS0-7,26SEP27NYJDET,Jahmyr Gibbs,9221,RB,receptions,THRESHOLD,7+,4.30,0.1539,0.16,0.19,0.84,9996,131,
KXNFLREC-26SEP27NYJDET-DETJGIBBS0-6,26SEP27NYJDET,Jahmyr Gibbs,9221,RB,receptions,THRESHOLD,6+,4.30,0.2571,0.28,0.30,0.72,1175,116,
KXNFLREC-26SEP27NYJDET-DETJGIBBS0-5,26SEP27NYJDET,Jahmyr Gibbs,9221,RB,receptions,THRESHOLD,5+,4.30,0.3619,0.45,0.46,0.55,601,411,
KXNFLREC-26SEP27NYJDET-DETJGIBBS0-4,26SEP27NYJDET,Jahmyr Gibbs,9221,RB,receptions,THRESHOLD,4+,4.30,0.4983,0.62,0.65,0.38,2015,50,
KXNFLREC-26SEP27NYJDET-DETJGIBBS0-3,26SEP27NYJDET,Jahmyr Gibbs,9221,RB,receptions,THRESHOLD,3+,4.30,0.6780,0.79,0.81,0.21,158,25,
KXNFLREC-26SEP27NYJDET-DETJGIBBS0-2,26SEP27NYJDET,Jahmyr Gibbs,9221,RB,receptions,THRESHOLD,2+,4.30,0.8594,0.90,0.93,0.10,281,80,
KXNFLREC-26SEP27NYJDET-DETJGIBBS0-10,26SEP27NYJDET,Jahmyr Gibbs,9221,RB,receptions,THRESHOLD,10+,4.30,0.0275,0.01,0.04,0.99,4800,3,
KXNFLREC-26SEP27NYJDET-DETASTBROWN14-9,26SEP27NYJDET,Amon-Ra St. Brown,7547,WR,receptions,THRESHOLD,9+,6.56,0.2022,0.27,0.28,0.73,200,1,
KXNFLREC-26SEP27NYJDET-DETASTBROWN14-8,26SEP27NYJDET,Amon-Ra St. Brown,7547,WR,receptions,THRESHOLD,8+,6.56,0.3186,0.39,0.41,0.61,90,736,
KXNFLREC-26SEP27NYJDET-DETASTBROWN14-7,26SEP27NYJDET,Amon-Ra St. Brown,7547,WR,receptions,THRESHOLD,7+,6.56,0.4501,0.54,0.55,0.46,2018,8549,
KXNFLREC-26SEP27NYJDET-DETASTBROWN14-6,26SEP27NYJDET,Amon-Ra St. Brown,7547,WR,receptions,THRESHOLD,6+,6.56,0.5948,0.67,0.69,0.33,1001,45,
KXNFLREC-26SEP27NYJDET-DETASTBROWN14-5,26SEP27NYJDET,Amon-Ra St. Brown,7547,WR,receptions,THRESHOLD,5+,6.56,0.7263,0.79,0.81,0.21,750,25,
KXNFLREC-26SEP27NYJDET-DETASTBROWN14-4,26SEP27NYJDET,Amon-Ra St. Brown,7547,WR,receptions,THRESHOLD,4+,6.56,0.8378,0.89,0.90,0.11,1809,19,
KXNFLREC-26SEP27NYJDET-DETASTBROWN14-14,26SEP27NYJDET,Amon-Ra St. Brown,7547,WR,receptions,THRESHOLD,14+,6.56,0.0141,0.00,0.03,1.00,10300,0,
KXNFLREC-26SEP27NYJDET-DETASTBROWN14-13,26SEP27NYJDET,Amon-Ra St. Brown,7547,WR,receptions,THRESHOLD,13+,6.56,0.0258,0.01,0.05,0.99,10750,4,
KXNFLREC-26SEP27NYJDET-DETASTBROWN14-12,26SEP27NYJDET,Amon-Ra St. Brown,7547,WR,receptions,THRESHOLD,12+,6.56,0.0474,0.04,0.08,0.96,20752,25,
KXNFLREC-26SEP27NYJDET-DETASTBROWN14-11,26SEP27NYJDET,Amon-Ra St. Brown,7547,WR,receptions,THRESHOLD,11+,6.56,0.0674,0.08,0.11,0.92,10000,25,
KXNFLREC-26SEP27NYJDET-DETASTBROWN14-10,26SEP27NYJDET,Amon-Ra St. Brown,7547,WR,receptions,THRESHOLD,10+,6.56,0.1106,0.18,0.19,0.82,200,3,
KXNFLREC-26SEP27LACBUF-LACTHARRIS9-7,26SEP27LACBUF,Tre' Harris,12509,WR,receptions,THRESHOLD,7+,2.85,0.0491,0.01,0.05,0.99,4800,3,
KXNFLREC-26SEP27LACBUF-LACTHARRIS9-6,26SEP27LACBUF,Tre' Harris,12509,WR,receptions,THRESHOLD,6+,2.85,0.0990,0.07,0.09,0.93,4800,25,
KXNFLREC-26SEP27LACBUF-LACTHARRIS9-5,26SEP27LACBUF,Tre' Harris,12509,WR,receptions,THRESHOLD,5+,2.85,0.1606,0.15,0.18,0.85,4800,25,
KXNFLREC-26SEP27LACBUF-LACTHARRIS9-4,26SEP27LACBUF,Tre' Harris,12509,WR,receptions,THRESHOLD,4+,2.85,0.2920,0.30,0.33,0.70,12000,37,
KXNFLREC-26SEP27LACBUF-LACTHARRIS9-3,26SEP27LACBUF,Tre' Harris,12509,WR,receptions,THRESHOLD,3+,2.85,0.4734,0.52,0.53,0.48,200,498,
KXNFLREC-26SEP27LACBUF-LACTHARRIS9-2,26SEP27LACBUF,Tre' Harris,12509,WR,receptions,THRESHOLD,2+,2.85,0.6631,0.75,0.76,0.25,157,2,
KXNFLREC-26SEP27LACBUF-LACQJOHNSTON1-8,26SEP27LACBUF,Quentin Johnston,9754,WR,receptions,THRESHOLD,8+,2.85,0.0258,0.02,0.04,0.98,14500,5853,
KXNFLREC-26SEP27LACBUF-LACQJOHNSTON1-7,26SEP27LACBUF,Quentin Johnston,9754,WR,receptions,THRESHOLD,7+,2.85,0.0491,0.05,0.07,0.95,14600,4200,
KXNFLREC-26SEP27LACBUF-LACQJOHNSTON1-6,26SEP27LACBUF,Quentin Johnston,9754,WR,receptions,THRESHOLD,6+,2.85,0.0990,0.12,0.13,0.88,14500,200,
KXNFLREC-26SEP27LACBUF-LACQJOHNSTON1-5,26SEP27LACBUF,Quentin Johnston,9754,WR,receptions,THRESHOLD,5+,2.85,0.1606,0.23,0.24,0.77,18806,175,
KXNFLREC-26SEP27LACBUF-LACQJOHNSTON1-4,26SEP27LACBUF,Quentin Johnston,9754,WR,receptions,THRESHOLD,4+,2.85,0.2920,0.36,0.37,0.64,525,1075,
KXNFLREC-26SEP27LACBUF-LACQJOHNSTON1-3,26SEP27LACBUF,Quentin Johnston,9754,WR,receptions,THRESHOLD,3+,2.85,0.4734,0.59,0.61,0.41,2003,1511,
KXNFLREC-26SEP27LACBUF-LACQJOHNSTON1-2,26SEP27LACBUF,Quentin Johnston,9754,WR,receptions,THRESHOLD,2+,2.85,0.6631,0.79,0.83,0.21,1002,161,
KXNFLREC-26SEP27LACBUF-LACOHAMPTON8-6,26SEP27LACBUF,Omarion Hampton,12507,RB,receptions,THRESHOLD,6+,2.37,0.0641,0.01,0.04,0.99,7300,3,
KXNFLREC-26SEP27LACBUF-LACOHAMPTON8-5,26SEP27LACBUF,Omarion Hampton,12507,RB,receptions,THRESHOLD,5+,2.37,0.1206,0.05,0.07,0.95,10750,21,
KXNFLREC-26SEP27LACBUF-LACOHAMPTON8-4,26SEP27LACBUF,Omarion Hampton,12507,RB,receptions,THRESHOLD,4+,2.37,0.2155,0.12,0.15,0.88,200,52,
KXNFLREC-26SEP27LACBUF-LACOHAMPTON8-3,26SEP27LACBUF,Omarion Hampton,12507,RB,receptions,THRESHOLD,3+,2.37,0.4052,0.28,0.31,0.72,200,3,
KXNFLREC-26SEP27LACBUF-LACOHAMPTON8-2,26SEP27LACBUF,Omarion Hampton,12507,RB,receptions,THRESHOLD,2+,2.37,0.6314,0.54,0.55,0.46,1078,7421,
KXNFLREC-26SEP27LACBUF-LACOGADSDEN86-8,26SEP27LACBUF,Oronde Gadsden,12493,TE,receptions,THRESHOLD,8+,3.34,0.0275,0.03,0.05,0.97,14525,4025,
KXNFLREC-26SEP27LACBUF-LACOGADSDEN86-7,26SEP27LACBUF,Oronde Gadsden,12493,TE,receptions,THRESHOLD,7+,3.34,0.0607,0.07,0.08,0.93,10025,1000,
KXNFLREC-26SEP27LACBUF-LACOGADSDEN86-6,26SEP27LACBUF,Oronde Gadsden,12493,TE,receptions,THRESHOLD,6+,3.34,0.1256,0.14,0.16,0.86,15925,1025,
KXNFLREC-26SEP27LACBUF-LACOGADSDEN86-5,26SEP27LACBUF,Oronde Gadsden,12493,TE,receptions,THRESHOLD,5+,3.34,0.2338,0.26,0.28,0.74,10960,1000,
KXNFLREC-26SEP27LACBUF-LACOGADSDEN86-4,26SEP27LACBUF,Oronde Gadsden,12493,TE,receptions,THRESHOLD,4+,3.34,0.4002,0.44,0.45,0.56,1,1560,
KXNFLREC-26SEP27LACBUF-LACOGADSDEN86-3,26SEP27LACBUF,Oronde Gadsden,12493,TE,receptions,THRESHOLD,3+,3.34,0.5865,0.64,0.67,0.36,1000,1000,
KXNFLREC-26SEP27LACBUF-LACOGADSDEN86-2,26SEP27LACBUF,Oronde Gadsden,12493,TE,receptions,THRESHOLD,2+,3.34,0.7879,0.83,0.85,0.17,163,1,
KXNFLREC-26SEP27LACBUF-LACLMCCONKEY15-9,26SEP27LACBUF,Ladd McConkey,11635,WR,receptions,THRESHOLD,9+,4.96,0.0907,0.08,0.10,0.92,18322,57,
KXNFLREC-26SEP27LACBUF-LACLMCCONKEY15-8,26SEP27LACBUF,Ladd McConkey,11635,WR,receptions,THRESHOLD,8+,4.96,0.1556,0.13,0.16,0.87,5,170,
KXNFLREC-26SEP27LACBUF-LACLMCCONKEY15-7,26SEP27LACBUF,Ladd McConkey,11635,WR,receptions,THRESHOLD,7+,4.96,0.2271,0.23,0.24,0.77,1317,162,
KXNFLREC-26SEP27LACBUF-LACLMCCONKEY15-6,26SEP27LACBUF,Ladd McConkey,11635,WR,receptions,THRESHOLD,6+,4.96,0.3336,0.36,0.39,0.64,11371,333,
KXNFLREC-26SEP27LACBUF-LACLMCCONKEY15-5,26SEP27LACBUF,Ladd McConkey,11635,WR,receptions,THRESHOLD,5+,4.96,0.4933,0.53,0.55,0.47,949,597,
KXNFLREC-26SEP27LACBUF-LACLMCCONKEY15-4,26SEP27LACBUF,Ladd McConkey,11635,WR,receptions,THRESHOLD,4+,4.96,0.6481,0.68,0.71,0.32,885,457,
KXNFLREC-26SEP27LACBUF-LACLMCCONKEY15-3,26SEP27LACBUF,Ladd McConkey,11635,WR,receptions,THRESHOLD,3+,4.96,0.7812,0.84,0.85,0.16,3,10,
KXNFLREC-26SEP27LACBUF-LACLMCCONKEY15-2,26SEP27LACBUF,Ladd McConkey,11635,WR,receptions,THRESHOLD,2+,4.96,0.8960,0.92,0.93,0.08,157,1,
KXNFLREC-26SEP27LACBUF-LACLMCCONKEY15-10,26SEP27LACBUF,Ladd McConkey,11635,WR,receptions,THRESHOLD,10+,4.96,0.0557,0.01,0.06,0.99,12500,2,
KXNFLREC-26SEP27LACBUF-BUFKSHAKIR10-9,26SEP27LACBUF,Khalil Shakir,8134,WR,receptions,THRESHOLD,9+,4.45,0.0524,0.01,0.06,0.99,16270,4,
KXNFLREC-26SEP27LACBUF-BUFKSHAKIR10-8,26SEP27LACBUF,Khalil Shakir,8134,WR,receptions,THRESHOLD,8+,4.45,0.1057,0.01,0.08,0.99,1086,4,
KXNFLREC-26SEP27LACBUF-BUFKSHAKIR10-7,26SEP27LACBUF,Khalil Shakir,8134,WR,receptions,THRESHOLD,7+,4.45,0.1789,0.11,0.15,0.89,27,125,
KXNFLREC-26SEP27LACBUF-BUFKSHAKIR10-6,26SEP27LACBUF,Khalil Shakir,8134,WR,receptions,THRESHOLD,6+,4.45,0.2987,0.22,0.26,0.78,11025,2,
KXNFLREC-26SEP27LACBUF-BUFKSHAKIR10-5,26SEP27LACBUF,Khalil Shakir,8134,WR,receptions,THRESHOLD,5+,4.45,0.4617,0.38,0.40,0.62,25,28,
KXNFLREC-26SEP27LACBUF-BUFKSHAKIR10-4,26SEP27LACBUF,Khalil Shakir,8134,WR,receptions,THRESHOLD,4+,4.45,0.6281,0.58,0.59,0.42,1484,4864,
KXNFLREC-26SEP27LACBUF-BUFKSHAKIR10-3,26SEP27LACBUF,Khalil Shakir,8134,WR,receptions,THRESHOLD,3+,4.45,0.7779,0.71,0.76,0.29,2020,31,
KXNFLREC-26SEP27LACBUF-BUFKSHAKIR10-2,26SEP27LACBUF,Khalil Shakir,8134,WR,receptions,THRESHOLD,2+,4.45,0.8943,0.88,0.91,0.12,176,1,
KXNFLREC-26SEP27LACBUF-BUFKSHAKIR10-10,26SEP27LACBUF,Khalil Shakir,8134,WR,receptions,THRESHOLD,10+,4.45,0.0258,0.01,0.04,0.99,4800,3,
KXNFLREC-26SEP27LACBUF-BUFJCOOK4-6,26SEP27LACBUF,James Cook III,8138,RB,receptions,THRESHOLD,6+,2.19,0.0424,0.01,0.05,0.99,25,3,
KXNFLREC-26SEP27LACBUF-BUFJCOOK4-5,26SEP27LACBUF,James Cook III,8138,RB,receptions,THRESHOLD,5+,2.19,0.0890,0.07,0.09,0.93,10881,32,
KXNFLREC-26SEP27LACBUF-BUFJCOOK4-4,26SEP27LACBUF,James Cook III,8138,RB,receptions,THRESHOLD,4+,2.19,0.1739,0.15,0.18,0.85,15387,25,
KXNFLREC-26SEP27LACBUF-BUFJCOOK4-3,26SEP27LACBUF,James Cook III,8138,RB,receptions,THRESHOLD,3+,2.19,0.3353,0.29,0.34,0.71,13822,34,
KXNFLREC-26SEP27LACBUF-BUFJCOOK4-2,26SEP27LACBUF,James Cook III,8138,RB,receptions,THRESHOLD,2+,2.19,0.5699,0.56,0.58,0.44,905,6018,
KXNFLREC-26SEP27LACBUF-BUFDKINCAID86-9,26SEP27LACBUF,Dalton Kincaid,10236,TE,receptions,THRESHOLD,9+,4.83,0.0774,0.01,0.07,0.99,17798,3,
KXNFLREC-26SEP27LACBUF-BUFDKINCAID86-8,26SEP27LACBUF,Dalton Kincaid,10236,TE,receptions,THRESHOLD,8+,4.83,0.1240,0.10,0.11,0.90,4,194,
KXNFLREC-26SEP27LACBUF-BUFDKINCAID86-7,26SEP27LACBUF,Dalton Kincaid,10236,TE,receptions,THRESHOLD,7+,4.83,0.2005,0.17,0.18,0.83,25,200,
KXNFLREC-26SEP27LACBUF-BUFDKINCAID86-6,26SEP27LACBUF,Dalton Kincaid,10236,TE,receptions,THRESHOLD,6+,4.83,0.3120,0.28,0.30,0.72,1,200,
KXNFLREC-26SEP27LACBUF-BUFDKINCAID86-5,26SEP27LACBUF,Dalton Kincaid,10236,TE,receptions,THRESHOLD,5+,4.83,0.4484,0.45,0.46,0.55,12612,109,
KXNFLREC-26SEP27LACBUF-BUFDKINCAID86-4,26SEP27LACBUF,Dalton Kincaid,10236,TE,receptions,THRESHOLD,4+,4.83,0.6364,0.62,0.65,0.38,2004,423,
KXNFLREC-26SEP27LACBUF-BUFDKINCAID86-3,26SEP27LACBUF,Dalton Kincaid,10236,TE,receptions,THRESHOLD,3+,4.83,0.7945,0.76,0.81,0.24,1000,54,
KXNFLREC-26SEP27LACBUF-BUFDKINCAID86-2,26SEP27LACBUF,Dalton Kincaid,10236,TE,receptions,THRESHOLD,2+,4.83,0.9176,0.90,0.93,0.10,1000,332,
KXNFLREC-26SEP27LACBUF-BUFDKINCAID86-10,26SEP27LACBUF,Dalton Kincaid,10236,TE,receptions,THRESHOLD,10+,4.83,0.0441,0.00,0.05,1.00,6386,0,
KXNFLREC-26SEP27NEJAC-NETHENDERSON32-5,26SEP27NEJAC,TreVeyon Henderson,12529,RB,receptions,THRESHOLD,5+,2.07,0.0907,0.01,0.06,0.99,8073,4,
KXNFLREC-26SEP27NEJAC-NETHENDERSON32-4,26SEP27NEJAC,TreVeyon Henderson,12529,RB,receptions,THRESHOLD,4+,2.07,0.1739,0.09,0.12,0.91,2,64,
KXNFLREC-26SEP27NEJAC-NETHENDERSON32-3,26SEP27NEJAC,TreVeyon Henderson,12529,RB,receptions,THRESHOLD,3+,2.07,0.3336,0.23,0.27,0.77,8275,1000,
KXNFLREC-26SEP27NEJAC-NETHENDERSON32-2,26SEP27NEJAC,TreVeyon Henderson,12529,RB,receptions,THRESHOLD,2+,2.07,0.5516,0.50,0.51,0.50,17197,5361,
KXNFLREC-26SEP27NEJAC-NERSTEVENSON38-7,26SEP27NEJAC,Rhamondre Stevenson,7611,RB,receptions,THRESHOLD,7+,2.57,0.0458,0.01,0.04,0.99,7300,2,
KXNFLREC-26SEP27NEJAC-NERSTEVENSON38-6,26SEP27NEJAC,Rhamondre Stevenson,7611,RB,receptions,THRESHOLD,6+,2.57,0.0990,0.01,0.07,0.99,7300,4,
KXNFLREC-26SEP27NEJAC-NERSTEVENSON38-5,26SEP27NEJAC,Rhamondre Stevenson,7611,RB,receptions,THRESHOLD,5+,2.57,0.1656,0.11,0.13,0.89,9302,101,
KXNFLREC-26SEP27NEJAC-NERSTEVENSON38-4,26SEP27NEJAC,Rhamondre Stevenson,7611,RB,receptions,THRESHOLD,4+,2.57,0.2604,0.23,0.26,0.77,10750,25,
KXNFLREC-26SEP27NEJAC-NERSTEVENSON38-3,26SEP27NEJAC,Rhamondre Stevenson,7611,RB,receptions,THRESHOLD,3+,2.57,0.4601,0.45,0.46,0.55,655,5991,
KXNFLREC-26SEP27NEJAC-NERSTEVENSON38-2,26SEP27NEJAC,Rhamondre Stevenson,7611,RB,receptions,THRESHOLD,2+,2.57,0.6464,0.68,0.70,0.32,160,32,
KXNFLREC-26SEP27NEJAC-NERDOUBS87-8,26SEP27NEJAC,Romeo Doubs,8121,WR,receptions,THRESHOLD,8+,3.31,0.0491,0.01,0.05,0.99,15800,3,
KXNFLREC-26SEP27NEJAC-NERDOUBS87-7,26SEP27NEJAC,Romeo Doubs,8121,WR,receptions,THRESHOLD,7+,3.31,0.0740,0.06,0.08,0.94,24802,25,
KXNFLREC-26SEP27NEJAC-NERDOUBS87-6,26SEP27NEJAC,Romeo Doubs,8121,WR,receptions,THRESHOLD,6+,3.31,0.1339,0.11,0.14,0.89,15502,25,
KXNFLREC-26SEP27NEJAC-NERDOUBS87-5,26SEP27NEJAC,Romeo Doubs,8121,WR,receptions,THRESHOLD,5+,3.31,0.2537,0.22,0.25,0.78,1001,59,
KXNFLREC-26SEP27NEJAC-NERDOUBS87-4,26SEP27NEJAC,Romeo Doubs,8121,WR,receptions,THRESHOLD,4+,3.31,0.4251,0.41,0.43,0.59,27,256,
KXNFLREC-26SEP27NEJAC-NERDOUBS87-3,26SEP27NEJAC,Romeo Doubs,8121,WR,receptions,THRESHOLD,3+,3.31,0.6115,0.62,0.64,0.38,2,24,
KXNFLREC-26SEP27NEJAC-NERDOUBS87-2,26SEP27NEJAC,Romeo Doubs,8121,WR,receptions,THRESHOLD,2+,3.31,0.7812,0.81,0.84,0.19,157,25,
KXNFLREC-26SEP27NEJAC-NEMHOLLINS13-8,26SEP27NEJAC,Mack Hollins,4177,WR,receptions,THRESHOLD,8+,3.46,0.0441,0.01,0.04,0.99,6000,2,
KXNFLREC-26SEP27NEJAC-NEMHOLLINS13-7,26SEP27NEJAC,Mack Hollins,4177,WR,receptions,THRESHOLD,7+,3.46,0.0840,0.01,0.06,0.99,14800,4,
KXNFLREC-26SEP27NEJAC-NEMHOLLINS13-6,26SEP27NEJAC,Mack Hollins,4177,WR,receptions,THRESHOLD,6+,3.46,0.1373,0.08,0.11,0.92,5923,302,
KXNFLREC-26SEP27NEJAC-NEMHOLLINS13-5,26SEP27NEJAC,Mack Hollins,4177,WR,receptions,THRESHOLD,5+,3.46,0.2371,0.18,0.21,0.82,7565,54,
KXNFLREC-26SEP27NEJAC-NEMHOLLINS13-4,26SEP27NEJAC,Mack Hollins,4177,WR,receptions,THRESHOLD,4+,3.46,0.4035,0.36,0.37,0.64,5501,20,
KXNFLREC-26SEP27NEJAC-NEMHOLLINS13-3,26SEP27NEJAC,Mack Hollins,4177,WR,receptions,THRESHOLD,3+,3.46,0.6065,0.55,0.56,0.45,1,1200,
KXNFLREC-26SEP27NEJAC-NEMHOLLINS13-2,26SEP27NEJAC,Mack Hollins,4177,WR,receptions,THRESHOLD,2+,3.46,0.8078,0.78,0.79,0.22,157,27,
KXNFLREC-26SEP27NEJAC-NEHHENRY85-9,26SEP27NEJAC,Hunter Henry,3214,TE,receptions,THRESHOLD,9+,4.26,0.0374,0.01,0.05,0.99,20470,2,
KXNFLREC-26SEP27NEJAC-NEHHENRY85-8,26SEP27NEJAC,Hunter Henry,3214,TE,receptions,THRESHOLD,8+,4.26,0.0707,0.05,0.08,0.95,25,20,
KXNFLREC-26SEP27NEJAC-NEHHENRY85-7,26SEP27NEJAC,Hunter Henry,3214,TE,receptions,THRESHOLD,7+,4.26,0.1473,0.10,0.14,0.90,7325,109,
KXNFLREC-26SEP27NEJAC-NEHHENRY85-6,26SEP27NEJAC,Hunter Henry,3214,TE,receptions,THRESHOLD,6+,4.26,0.2488,0.21,0.23,0.79,2,30,
KXNFLREC-26SEP27NEJAC-NEHHENRY85-5,26SEP27NEJAC,Hunter Henry,3214,TE,receptions,THRESHOLD,5+,4.26,0.3802,0.34,0.37,0.66,1,32,
KXNFLREC-26SEP27NEJAC-NEHHENRY85-4,26SEP27NEJAC,Hunter Henry,3214,TE,receptions,THRESHOLD,4+,4.26,0.5682,0.54,0.56,0.46,1,40,
KXNFLREC-26SEP27NEJAC-NEHHENRY85-3,26SEP27NEJAC,Hunter Henry,3214,TE,receptions,THRESHOLD,3+,4.26,0.7346,0.75,0.76,0.25,409,23,
KXNFLREC-26SEP27NEJAC-NEHHENRY85-2,26SEP27NEJAC,Hunter Henry,3214,TE,receptions,THRESHOLD,2+,4.26,0.8860,0.87,0.89,0.13,353,1,
KXNFLREC-26SEP27NEJAC-NEHHENRY85-10,26SEP27NEJAC,Hunter Henry,3214,TE,receptions,THRESHOLD,10+,4.26,0.0158,0.00,0.04,1.00,8300,0,
KXNFLREC-26SEP27NEJAC-NEDDOUGLAS3-8,26SEP27NEJAC,DeMario Douglas,9501,WR,receptions,THRESHOLD,8+,3.03,0.0175,0.01,0.04,0.99,4800,2,
KXNFLREC-26SEP27NEJAC-NEDDOUGLAS3-7,26SEP27NEJAC,DeMario Douglas,9501,WR,receptions,THRESHOLD,7+,3.03,0.0474,0.01,0.06,0.99,2,4,
KXNFLREC-26SEP27NEJAC-NEDDOUGLAS3-6,26SEP27NEJAC,DeMario Douglas,9501,WR,receptions,THRESHOLD,6+,3.03,0.0990,0.08,0.11,0.92,5623,30,
KXNFLREC-26SEP27NEJAC-NEDDOUGLAS3-5,26SEP27NEJAC,DeMario Douglas,9501,WR,receptions,THRESHOLD,5+,3.03,0.1955,0.19,0.22,0.81,15500,25,
KXNFLREC-26SEP27NEJAC-NEDDOUGLAS3-4,26SEP27NEJAC,DeMario Douglas,9501,WR,receptions,THRESHOLD,4+,3.03,0.3369,0.38,0.39,0.62,6456,20,
KXNFLREC-26SEP27NEJAC-NEDDOUGLAS3-3,26SEP27NEJAC,DeMario Douglas,9501,WR,receptions,THRESHOLD,3+,3.03,0.5316,0.57,0.58,0.43,417,700,
KXNFLREC-26SEP27NEJAC-NEDDOUGLAS3-2,26SEP27NEJAC,DeMario Douglas,9501,WR,receptions,THRESHOLD,2+,3.03,0.7413,0.78,0.80,0.22,667,23,
KXNFLREC-26SEP27NEJAC-JACPWASHINGTON11-9,26SEP27NEJAC,Parker Washington,9487,WR,receptions,THRESHOLD,9+,5.03,0.0890,0.07,0.10,0.93,2060,25,
KXNFLREC-26SEP27NEJAC-JACPWASHINGTON11-8,26SEP27NEJAC,Parker Washington,9487,WR,receptions,THRESHOLD,8+,5.03,0.1556,0.15,0.17,0.85,2,58,
KXNFLREC-26SEP27NEJAC-JACPWASHINGTON11-7,26SEP27NEJAC,Parker Washington,9487,WR,receptions,THRESHOLD,7+,5.03,0.2255,0.27,0.28,0.73,2,10,
KXNFLREC-26SEP27NEJAC-JACPWASHINGTON11-6,26SEP27NEJAC,Parker Washington,9487,WR,receptions,THRESHOLD,6+,5.03,0.3369,0.41,0.42,0.59,2,2823,
KXNFLREC-26SEP27NEJAC-JACPWASHINGTON11-5,26SEP27NEJAC,Parker Washington,9487,WR,receptions,THRESHOLD,5+,5.03,0.5000,0.60,0.61,0.40,1838,200,
KXNFLREC-26SEP27NEJAC-JACPWASHINGTON11-4,26SEP27NEJAC,Parker Washington,9487,WR,receptions,THRESHOLD,4+,5.03,0.6730,0.73,0.76,0.27,4018,116,
KXNFLREC-26SEP27NEJAC-JACPWASHINGTON11-3,26SEP27NEJAC,Parker Washington,9487,WR,receptions,THRESHOLD,3+,5.03,0.8012,0.85,0.88,0.15,1667,21,
KXNFLREC-26SEP27NEJAC-JACPWASHINGTON11-11,26SEP27NEJAC,Parker Washington,9487,WR,receptions,THRESHOLD,11+,5.03,0.0241,0.00,0.04,1.00,4700,0,
KXNFLREC-26SEP27NEJAC-JACPWASHINGTON11-10,26SEP27NEJAC,Parker Washington,9487,WR,receptions,THRESHOLD,10+,5.03,0.0491,0.01,0.06,0.99,5763,3,
KXNFLREC-26SEP27NEJAC-JACBTUTEN33-5,26SEP27NEJAC,Bhayshul Tuten,12490,RB,receptions,THRESHOLD,5+,1.65,0.0624,0.07,0.08,0.93,188,1,
KXNFLREC-26SEP27NEJAC-JACBTUTEN33-4,26SEP27NEJAC,Bhayshul Tuten,12490,RB,receptions,THRESHOLD,4+,1.65,0.1356,0.10,0.13,0.90,257,521,
KXNFLREC-26SEP27NEJAC-JACBTUTEN33-3,26SEP27NEJAC,Bhayshul Tuten,12490,RB,receptions,THRESHOLD,3+,1.65,0.2903,0.24,0.27,0.76,2,544,
KXNFLREC-26SEP27NEJAC-JACBTUTEN33-2,26SEP27NEJAC,Bhayshul Tuten,12490,RB,receptions,THRESHOLD,2+,1.65,0.5083,0.52,0.53,0.48,21561,14,
KXNFLREC-26SEP27NEJAC-JACBTHOMAS7-8,26SEP27NEJAC,Brian Thomas Jr.,11631,WR,receptions,THRESHOLD,8+,3.17,0.0324,0.01,0.04,0.99,10750,2,
KXNFLREC-26SEP27NEJAC-JACBTHOMAS7-7,26SEP27NEJAC,Brian Thomas Jr.,11631,WR,receptions,THRESHOLD,7+,3.17,0.0574,0.03,0.06,0.97,2500,25,
KXNFLREC-26SEP27NEJAC-JACBTHOMAS7-6,26SEP27NEJAC,Brian Thomas Jr.,11631,WR,receptions,THRESHOLD,6+,3.17,0.1057,0.08,0.12,0.92,20002,25,
KXNFLREC-26SEP27NEJAC-JACBTHOMAS7-5,26SEP27NEJAC,Brian Thomas Jr.,11631,WR,receptions,THRESHOLD,5+,3.17,0.2072,0.19,0.23,0.81,21002,27,
KXNFLREC-26SEP27NEJAC-JACBTHOMAS7-4,26SEP27NEJAC,Brian Thomas Jr.,11631,WR,receptions,THRESHOLD,4+,3.17,0.3902,0.36,0.40,0.64,23038,50,
KXNFLREC-26SEP27NEJAC-JACBTHOMAS7-3,26SEP27NEJAC,Brian Thomas Jr.,11631,WR,receptions,THRESHOLD,3+,3.17,0.5865,0.58,0.60,0.42,15,65,
KXNFLREC-26SEP27NEJAC-JACBTHOMAS7-2,26SEP27NEJAC,Brian Thomas Jr.,11631,WR,receptions,THRESHOLD,2+,3.17,0.7579,0.79,0.82,0.21,176,25,
KXNFLREC-26SEP27NEJAC-JACBSTRANGE85-8,26SEP27NEJAC,Brenton Strange,9480,TE,receptions,THRESHOLD,8+,3.77,0.0691,0.01,0.04,0.99,20750,2,
KXNFLREC-26SEP27NEJAC-JACBSTRANGE85-7,26SEP27NEJAC,Brenton Strange,9480,TE,receptions,THRESHOLD,7+,3.77,0.1190,0.04,0.07,0.96,10750,25,
KXNFLREC-26SEP27NEJAC-JACBSTRANGE85-6,26SEP27NEJAC,Brenton Strange,9480,TE,receptions,THRESHOLD,6+,3.77,0.2022,0.11,0.13,0.89,4700,2,
KXNFLREC-26SEP27NEJAC-JACBSTRANGE85-5,26SEP27NEJAC,Brenton Strange,9480,TE,receptions,THRESHOLD,5+,3.77,0.3319,0.20,0.24,0.80,25500,25,
KXNFLREC-26SEP27NEJAC-JACBSTRANGE85-4,26SEP27NEJAC,Brenton Strange,9480,TE,receptions,THRESHOLD,4+,3.77,0.4933,0.40,0.41,0.60,16025,6000,
KXNFLREC-26SEP27NEJAC-JACBSTRANGE85-3,26SEP27NEJAC,Brenton Strange,9480,TE,receptions,THRESHOLD,3+,3.77,0.6897,0.59,0.61,0.41,2264,500,
KXNFLREC-26SEP27NEJAC-JACBSTRANGE85-2,26SEP27NEJAC,Brenton Strange,9480,TE,receptions,THRESHOLD,2+,3.77,0.8594,0.79,0.82,0.21,669,25,
KXNFLREC-26SEP27TENNYG-TENWROBINSON4-9,26SEP27TENNYG,Wan'Dale Robinson,8126,WR,receptions,THRESHOLD,9+,3.32,0.0158,0.01,0.04,0.99,7748,3,
KXNFLREC-26SEP27TENNYG-TENWROBINSON4-8,26SEP27TENNYG,Wan'Dale Robinson,8126,WR,receptions,THRESHOLD,8+,3.32,0.0474,0.01,0.06,0.99,14802,4,
KXNFLREC-26SEP27TENNYG-TENWROBINSON4-7,26SEP27TENNYG,Wan'Dale Robinson,8126,WR,receptions,THRESHOLD,7+,3.32,0.0740,0.07,0.10,0.93,4802,25,
KXNFLREC-26SEP27TENNYG-TENWROBINSON4-6,26SEP27TENNYG,Wan'Dale Robinson,8126,WR,receptions,THRESHOLD,6+,3.32,0.1323,0.15,0.18,0.85,9443,2,
KXNFLREC-26SEP27TENNYG-TENWROBINSON4-5,26SEP27TENNYG,Wan'Dale Robinson,8126,WR,receptions,THRESHOLD,5+,3.32,0.2471,0.27,0.30,0.73,5928,2,
KXNFLREC-26SEP27TENNYG-TENWROBINSON4-4,26SEP27TENNYG,Wan'Dale Robinson,8126,WR,receptions,THRESHOLD,4+,3.32,0.4251,0.46,0.47,0.54,352,801,
KXNFLREC-26SEP27TENNYG-TENWROBINSON4-3,26SEP27TENNYG,Wan'Dale Robinson,8126,WR,receptions,THRESHOLD,3+,3.32,0.5998,0.67,0.69,0.33,678,1,
KXNFLREC-26SEP27TENNYG-TENWROBINSON4-2,26SEP27TENNYG,Wan'Dale Robinson,8126,WR,receptions,THRESHOLD,2+,3.32,0.7712,0.83,0.86,0.17,166,18,
KXNFLREC-26SEP27TENNYG-TENGHELM84-7,26SEP27TENNYG,Gunnar Helm,12502,TE,receptions,THRESHOLD,7+,3.00,0.0424,0.02,0.05,0.98,4800,2,
KXNFLREC-26SEP27TENNYG-TENGHELM84-6,26SEP27TENNYG,Gunnar Helm,12502,TE,receptions,THRESHOLD,6+,3.00,0.0973,0.06,0.09,0.94,4802,22,
KXNFLREC-26SEP27TENNYG-TENGHELM84-5,26SEP27TENNYG,Gunnar Helm,12502,TE,receptions,THRESHOLD,5+,3.00,0.1889,0.14,0.18,0.86,17578,22,
KXNFLREC-26SEP27TENNYG-TENGHELM84-4,26SEP27TENNYG,Gunnar Helm,12502,TE,receptions,THRESHOLD,4+,3.00,0.3170,0.28,0.32,0.72,6747,1,
KXNFLREC-26SEP27TENNYG-TENGHELM84-3,26SEP27TENNYG,Gunnar Helm,12502,TE,receptions,THRESHOLD,3+,3.00,0.5266,0.50,0.51,0.50,2244,7200,
KXNFLREC-26SEP27TENNYG-TENGHELM84-2,26SEP27TENNYG,Gunnar Helm,12502,TE,receptions,THRESHOLD,2+,3.00,0.7296,0.73,0.76,0.27,1000,10,
KXNFLREC-26SEP27TENNYG-TENEAYOMANOR5-5,26SEP27TENNYG,Elic Ayomanor,12499,WR,receptions,THRESHOLD,5+,1.27,0.0291,0.01,0.04,0.99,4800,2,
KXNFLREC-26SEP27TENNYG-TENEAYOMANOR5-4,26SEP27TENNYG,Elic Ayomanor,12499,WR,receptions,THRESHOLD,4+,1.27,0.0824,0.05,0.09,0.95,16552,2889,
KXNFLREC-26SEP27TENNYG-TENEAYOMANOR5-3,26SEP27TENNYG,Elic Ayomanor,12499,WR,receptions,THRESHOLD,3+,1.27,0.1489,0.17,0.20,0.83,8715,47,
KXNFLREC-26SEP27TENNYG-TENEAYOMANOR5-2,26SEP27TENNYG,Elic Ayomanor,12499,WR,receptions,THRESHOLD,2+,1.27,0.3153,0.42,0.43,0.58,500,21,
KXNFLREC-26SEP27TENNYG-TENCTATE14-8,26SEP27TENNYG,Carnell Tate,13279,WR,receptions,THRESHOLD,8+,3.18,0.0341,0.01,0.05,0.99,14800,2,
KXNFLREC-26SEP27TENNYG-TENCTATE14-7,26SEP27TENNYG,Carnell Tate,13279,WR,receptions,THRESHOLD,7+,3.18,0.0624,0.06,0.08,0.94,6595,20,
KXNFLREC-26SEP27TENNYG-TENCTATE14-6,26SEP27TENNYG,Carnell Tate,13279,WR,receptions,THRESHOLD,6+,3.18,0.1123,0.13,0.15,0.87,2,559,
KXNFLREC-26SEP27TENNYG-TENCTATE14-5,26SEP27TENNYG,Carnell Tate,13279,WR,receptions,THRESHOLD,5+,3.18,0.2105,0.26,0.28,0.74,5501,16,
KXNFLREC-26SEP27TENNYG-TENCTATE14-4,26SEP27TENNYG,Carnell Tate,13279,WR,receptions,THRESHOLD,4+,3.18,0.3918,0.46,0.47,0.54,5775,7390,
KXNFLREC-26SEP27TENNYG-TENCTATE14-3,26SEP27TENNYG,Carnell Tate,13279,WR,receptions,THRESHOLD,3+,3.18,0.5815,0.65,0.66,0.35,157,100,
KXNFLREC-26SEP27TENNYG-TENCTATE14-2,26SEP27TENNYG,Carnell Tate,13279,WR,receptions,THRESHOLD,2+,3.18,0.7546,0.80,0.85,0.20,171,28,
KXNFLREC-26SEP27TENNYG-TENCRIDLEY0-5,26SEP27TENNYG,Calvin Ridley,4981,WR,receptions,THRESHOLD,5+,1.56,0.0541,0.01,0.04,0.99,4800,4,
KXNFLREC-26SEP27TENNYG-TENCRIDLEY0-4,26SEP27TENNYG,Calvin Ridley,4981,WR,receptions,THRESHOLD,4+,1.56,0.1290,0.05,0.08,0.95,14500,22,
KXNFLREC-26SEP27TENNYG-TENCRIDLEY0-3,26SEP27TENNYG,Calvin Ridley,4981,WR,receptions,THRESHOLD,3+,1.56,0.2255,0.18,0.20,0.82,17050,2,
KXNFLREC-26SEP27TENNYG-TENCRIDLEY0-2,26SEP27TENNYG,Calvin Ridley,4981,WR,receptions,THRESHOLD,2+,1.56,0.3952,0.41,0.43,0.59,20500,13,
KXNFLREC-26SEP27TENNYG-NYGMFIELDS88-6,26SEP27TENNYG,Malachi Fields,13285,WR,receptions,THRESHOLD,6+,1.85,0.0275,0.01,0.05,0.99,4800,3,
KXNFLREC-26SEP27TENNYG-NYGMFIELDS88-5,26SEP27TENNYG,Malachi Fields,13285,WR,receptions,THRESHOLD,5+,1.85,0.0674,0.08,0.10,0.92,26050,24,
KXNFLREC-26SEP27TENNYG-NYGMFIELDS88-4,26SEP27TENNYG,Malachi Fields,13285,WR,receptions,THRESHOLD,4+,1.85,0.1273,0.19,0.20,0.81,15800,25,
KXNFLREC-26SEP27TENNYG-NYGMFIELDS88-3,26SEP27TENNYG,Malachi Fields,13285,WR,receptions,THRESHOLD,3+,1.85,0.2554,0.36,0.37,0.64,5706,20,
KXNFLREC-26SEP27TENNYG-NYGMFIELDS88-2,26SEP27TENNYG,Malachi Fields,13285,WR,receptions,THRESHOLD,2+,1.85,0.4601,0.61,0.63,0.39,3034,12,
KXNFLREC-26SEP27TENNYG-NYGILIKELY9-9,26SEP27TENNYG,Isaiah Likely,8131,TE,receptions,THRESHOLD,9+,3.34,0.0141,0.01,0.05,0.99,10671,2,
KXNFLREC-26SEP27TENNYG-NYGILIKELY9-8,26SEP27TENNYG,Isaiah Likely,8131,TE,receptions,THRESHOLD,8+,3.34,0.0275,0.05,0.07,0.95,4700,11,
KXNFLREC-26SEP27TENNYG-NYGILIKELY9-7,26SEP27TENNYG,Isaiah Likely,8131,TE,receptions,THRESHOLD,7+,3.34,0.0607,0.11,0.12,0.89,1126,93,
KXNFLREC-26SEP27TENNYG-NYGILIKELY9-6,26SEP27TENNYG,Isaiah Likely,8131,TE,receptions,THRESHOLD,6+,3.34,0.1256,0.21,0.23,0.79,2,245,
KXNFLREC-26SEP27TENNYG-NYGILIKELY9-5,26SEP27TENNYG,Isaiah Likely,8131,TE,receptions,THRESHOLD,5+,3.34,0.2338,0.35,0.37,0.65,1332,2479,
KXNFLREC-26SEP27TENNYG-NYGILIKELY9-4,26SEP27TENNYG,Isaiah Likely,8131,TE,receptions,THRESHOLD,4+,3.34,0.4002,0.56,0.57,0.44,8010,227,
KXNFLREC-26SEP27TENNYG-NYGILIKELY9-3,26SEP27TENNYG,Isaiah Likely,8131,TE,receptions,THRESHOLD,3+,3.34,0.5865,0.74,0.75,0.26,3013,28,
KXNFLREC-26SEP27TENNYG-NYGILIKELY9-2,26SEP27TENNYG,Isaiah Likely,8131,TE,receptions,THRESHOLD,2+,3.34,0.7879,0.86,0.90,0.14,169,104,
KXNFLREC-26SEP27TENNYG-NYGDMOONEY17-5,26SEP27TENNYG,Darnell Mooney,7090,WR,receptions,THRESHOLD,5+,1.41,0.0424,0.04,0.05,0.96,17047,155,
KXNFLREC-26SEP27TENNYG-NYGDMOONEY17-4,26SEP27TENNYG,Darnell Mooney,7090,WR,receptions,THRESHOLD,4+,1.41,0.1007,0.10,0.11,0.90,23904,750,
KXNFLREC-26SEP27TENNYG-NYGDMOONEY17-3,26SEP27TENNYG,Darnell Mooney,7090,WR,receptions,THRESHOLD,3+,1.41,0.2005,0.22,0.23,0.78,15046,500,
KXNFLREC-26SEP27TENNYG-NYGDMOONEY17-2,26SEP27TENNYG,Darnell Mooney,7090,WR,receptions,THRESHOLD,2+,1.41,0.3719,0.45,0.46,0.55,11622,557,
KXNFLREC-26SEP27TENNYG-NYGCSKATTEBO44-6,26SEP27TENNYG,Cam Skattebo,12481,RB,receptions,THRESHOLD,6+,1.63,0.0208,0.02,0.05,0.98,8200,2,
KXNFLREC-26SEP27TENNYG-NYGCSKATTEBO44-5,26SEP27TENNYG,Cam Skattebo,12481,RB,receptions,THRESHOLD,5+,1.63,0.0624,0.08,0.09,0.92,4700,51,
KXNFLREC-26SEP27TENNYG-NYGCSKATTEBO44-4,26SEP27TENNYG,Cam Skattebo,12481,RB,receptions,THRESHOLD,4+,1.63,0.1323,0.17,0.20,0.83,15700,36,
KXNFLREC-26SEP27TENNYG-NYGCSKATTEBO44-3,26SEP27TENNYG,Cam Skattebo,12481,RB,receptions,THRESHOLD,3+,1.63,0.2854,0.35,0.36,0.65,25,1529,
KXNFLREC-26SEP27TENNYG-NYGCSKATTEBO44-2,26SEP27TENNYG,Cam Skattebo,12481,RB,receptions,THRESHOLD,2+,1.63,0.5000,0.59,0.61,0.41,25,771,
KXNFLREC-26SEP27KCMIA-MIADACHANE28-9,26SEP27KCMIA,De'Von Achane,9226,RB,receptions,THRESHOLD,9+,3.92,0.0408,0.01,0.05,0.99,23328,2,
KXNFLREC-26SEP27KCMIA-MIADACHANE28-8,26SEP27KCMIA,De'Von Achane,9226,RB,receptions,THRESHOLD,8+,3.92,0.0607,0.01,0.07,0.99,14502,4,
KXNFLREC-26SEP27KCMIA-MIADACHANE28-7,26SEP27KCMIA,De'Von Achane,9226,RB,receptions,THRESHOLD,7+,3.92,0.1173,0.10,0.12,0.90,5838,34,
KXNFLREC-26SEP27KCMIA-MIADACHANE28-6,26SEP27KCMIA,De'Von Achane,9226,RB,receptions,THRESHOLD,6+,3.92,0.2105,0.17,0.21,0.83,10005,25,
KXNFLREC-26SEP27KCMIA-MIADACHANE28-5,26SEP27KCMIA,De'Von Achane,9226,RB,receptions,THRESHOLD,5+,3.92,0.3153,0.32,0.34,0.68,25,25,
KXNFLREC-26SEP27KCMIA-MIADACHANE28-4,26SEP27KCMIA,De'Von Achane,9226,RB,receptions,THRESHOLD,4+,3.92,0.4517,0.52,0.53,0.48,17414,8316,
KXNFLREC-26SEP27KCMIA-MIADACHANE28-3,26SEP27KCMIA,De'Von Achane,9226,RB,receptions,THRESHOLD,3+,3.92,0.6431,0.69,0.71,0.31,1000,2,
KXNFLREC-26SEP27KCMIA-MIADACHANE28-2,26SEP27KCMIA,De'Von Achane,9226,RB,receptions,THRESHOLD,2+,3.92,0.8344,0.86,0.87,0.14,1000,10,
KXNFLREC-26SEP27KCMIA-KCXWORTHY1-9,26SEP27KCMIA,Xavier Worthy,11624,WR,receptions,THRESHOLD,9+,3.18,0.0141,0.00,0.04,1.00,7200,0,
KXNFLREC-26SEP27KCMIA-KCXWORTHY1-8,26SEP27KCMIA,Xavier Worthy,11624,WR,receptions,THRESHOLD,8+,3.18,0.0341,0.02,0.06,0.98,17300,2,
KXNFLREC-26SEP27KCMIA-KCXWORTHY1-7,26SEP27KCMIA,Xavier Worthy,11624,WR,receptions,THRESHOLD,7+,3.18,0.0624,0.07,0.10,0.93,16885,51,
KXNFLREC-26SEP27KCMIA-KCXWORTHY1-6,26SEP27KCMIA,Xavier Worthy,11624,WR,receptions,THRESHOLD,6+,3.18,0.1123,0.15,0.18,0.85,15802,33,
KXNFLREC-26SEP27KCMIA-KCXWORTHY1-5,26SEP27KCMIA,Xavier Worthy,11624,WR,receptions,THRESHOLD,5+,3.18,0.2105,0.28,0.29,0.72,11,38,
KXNFLREC-26SEP27KCMIA-KCXWORTHY1-4,26SEP27KCMIA,Xavier Worthy,11624,WR,receptions,THRESHOLD,4+,3.18,0.3918,0.46,0.47,0.54,1886,620,
KXNFLREC-26SEP27KCMIA-KCXWORTHY1-3,26SEP27KCMIA,Xavier Worthy,11624,WR,receptions,THRESHOLD,3+,3.18,0.5815,0.68,0.69,0.32,11,27,
KXNFLREC-26SEP27KCMIA-KCXWORTHY1-2,26SEP27KCMIA,Xavier Worthy,11624,WR,receptions,THRESHOLD,2+,3.18,0.7546,0.85,0.86,0.15,2,25,
KXNFLREC-26SEP27KCMIA-KCTKELCE87-9,26SEP27KCMIA,Travis Kelce,1466,TE,receptions,THRESHOLD,9+,4.54,0.0624,0.05,0.07,0.95,5000,27,
KXNFLREC-26SEP27KCMIA-KCTKELCE87-8,26SEP27KCMIA,Travis Kelce,1466,TE,receptions,THRESHOLD,8+,4.54,0.1040,0.09,0.11,0.91,25,83,
KXNFLREC-26SEP27KCMIA-KCTKELCE87-7,26SEP27KCMIA,Travis Kelce,1466,TE,receptions,THRESHOLD,7+,4.54,0.1789,0.17,0.20,0.83,6268,1295,
KXNFLREC-26SEP27KCMIA-KCTKELCE87-6,26SEP27KCMIA,Travis Kelce,1466,TE,receptions,THRESHOLD,6+,4.54,0.2937,0.29,0.33,0.71,1,112,
KXNFLREC-26SEP27KCMIA-KCTKELCE87-5,26SEP27KCMIA,Travis Kelce,1466,TE,receptions,THRESHOLD,5+,4.54,0.4118,0.47,0.48,0.53,474,225,
KXNFLREC-26SEP27KCMIA-KCTKELCE87-4,26SEP27KCMIA,Travis Kelce,1466,TE,receptions,THRESHOLD,4+,4.54,0.5965,0.66,0.68,0.34,3024,15,
KXNFLREC-26SEP27KCMIA-KCTKELCE87-3,26SEP27KCMIA,Travis Kelce,1466,TE,receptions,THRESHOLD,3+,4.54,0.7579,0.81,0.84,0.19,678,7,
KXNFLREC-26SEP27KCMIA-KCTKELCE87-2,26SEP27KCMIA,Travis Kelce,1466,TE,receptions,THRESHOLD,2+,4.54,0.9010,0.93,0.94,0.07,187,1,
KXNFLREC-26SEP27KCMIA-KCTKELCE87-10,26SEP27KCMIA,Travis Kelce,1466,TE,receptions,THRESHOLD,10+,4.54,0.0308,0.02,0.04,0.98,4800,1,
KXNFLREC-26SEP27KCMIA-KCRRICE4-9,26SEP27KCMIA,Rashee Rice,10229,WR,receptions,THRESHOLD,9+,4.16,0.0258,0.01,0.06,0.99,9243,4,
KXNFLREC-26SEP27KCMIA-KCRRICE4-8,26SEP27KCMIA,Rashee Rice,10229,WR,receptions,THRESHOLD,8+,4.16,0.0724,0.06,0.10,0.94,8787,32,
KXNFLREC-26SEP27KCMIA-KCRRICE4-7,26SEP27KCMIA,Rashee Rice,10229,WR,receptions,THRESHOLD,7+,4.16,0.1123,0.14,0.17,0.86,8524,3,
KXNFLREC-26SEP27KCMIA-KCRRICE4-6,26SEP27KCMIA,Rashee Rice,10229,WR,receptions,THRESHOLD,6+,4.16,0.1938,0.26,0.28,0.74,5550,1,
KXNFLREC-26SEP27KCMIA-KCRRICE4-5,26SEP27KCMIA,Rashee Rice,10229,WR,receptions,THRESHOLD,5+,4.16,0.3286,0.42,0.44,0.58,3925,215,
KXNFLREC-26SEP27KCMIA-KCRRICE4-4,26SEP27KCMIA,Rashee Rice,10229,WR,receptions,THRESHOLD,4+,4.16,0.5283,0.60,0.63,0.40,23,1,
KXNFLREC-26SEP27KCMIA-KCRRICE4-3,26SEP27KCMIA,Rashee Rice,10229,WR,receptions,THRESHOLD,3+,4.16,0.7230,0.78,0.80,0.22,667,1,
KXNFLREC-26SEP27KCMIA-KCRRICE4-2,26SEP27KCMIA,Rashee Rice,10229,WR,receptions,THRESHOLD,2+,4.16,0.8794,0.91,0.92,0.09,1000,1,
KXNFLREC-26SEP27KCMIA-KCRRICE4-10,26SEP27KCMIA,Rashee Rice,10229,WR,receptions,THRESHOLD,10+,4.16,0.0158,0.01,0.04,0.99,6826,3,
KXNFLREC-26SEP27KCMIA-KCKWALKER9-8,26SEP27KCMIA,Kenneth Walker III,8151,RB,receptions,THRESHOLD,8+,3.49,0.0291,0.01,0.05,0.99,10750,2,
KXNFLREC-26SEP27KCMIA-KCKWALKER9-7,26SEP27KCMIA,Kenneth Walker III,8151,RB,receptions,THRESHOLD,7+,3.49,0.0674,0.06,0.08,0.94,2036,25,
KXNFLREC-26SEP27KCMIA-KCKWALKER9-6,26SEP27KCMIA,Kenneth Walker III,8151,RB,receptions,THRESHOLD,6+,3.49,0.1306,0.14,0.15,0.86,10000,2,
KXNFLREC-26SEP27KCMIA-KCKWALKER9-5,26SEP27KCMIA,Kenneth Walker III,8151,RB,receptions,THRESHOLD,5+,3.49,0.2121,0.24,0.27,0.76,21000,1,
KXNFLREC-26SEP27KCMIA-KCKWALKER9-4,26SEP27KCMIA,Kenneth Walker III,8151,RB,receptions,THRESHOLD,4+,3.49,0.3586,0.44,0.45,0.56,12229,55,
KXNFLREC-26SEP27KCMIA-KCKWALKER9-3,26SEP27KCMIA,Kenneth Walker III,8151,RB,receptions,THRESHOLD,3+,3.49,0.5732,0.63,0.64,0.37,3021,1,
KXNFLREC-26SEP27KCMIA-KCKWALKER9-2,26SEP27KCMIA,Kenneth Walker III,8151,RB,receptions,THRESHOLD,2+,3.49,0.7779,0.80,0.83,0.20,669,25,
KXNFLREC-26SEP27KCMIA-KCEJOHNSON10-5,26SEP27KCMIA,Emmett Johnson,13337,RB,receptions,THRESHOLD,5+,1.13,0.0507,0.01,0.05,0.99,6000,3,
KXNFLREC-26SEP27KCMIA-KCEJOHNSON10-4,26SEP27KCMIA,Emmett Johnson,13337,RB,receptions,THRESHOLD,4+,1.13,0.0807,0.08,0.10,0.92,4799,26,
KXNFLREC-26SEP27KCMIA-KCEJOHNSON10-3,26SEP27KCMIA,Emmett Johnson,13337,RB,receptions,THRESHOLD,3+,1.13,0.1672,0.20,0.23,0.80,5601,30,
KXNFLREC-26SEP27KCMIA-KCEJOHNSON10-2,26SEP27KCMIA,Emmett Johnson,13337,RB,receptions,THRESHOLD,2+,1.13,0.3070,0.46,0.47,0.54,11238,211,
KXNFLRECYDS-26SEP27LVNO-NONFANT87-60,26SEP27LVNO,Noah Fant,5857,TE,receiving yards,THRESHOLD,60+,13.87,0.0141,0.02,0.05,0.98,1232,50,
KXNFLRECYDS-26SEP27LVNO-NONFANT87-50,26SEP27LVNO,Noah Fant,5857,TE,receiving yards,THRESHOLD,50+,13.87,0.0358,0.05,0.08,0.95,25,30,
KXNFLRECYDS-26SEP27LVNO-NONFANT87-40,26SEP27LVNO,Noah Fant,5857,TE,receiving yards,THRESHOLD,40+,13.87,0.0757,0.08,0.12,0.92,1075,25,
KXNFLRECYDS-26SEP27LVNO-NONFANT87-25,26SEP27LVNO,Noah Fant,5857,TE,receiving yards,THRESHOLD,25+,13.87,0.1955,0.23,0.28,0.77,738,1,
KXNFLRECYDS-26SEP27LVNO-NONFANT87-15,26SEP27LVNO,Noah Fant,5857,TE,receiving yards,THRESHOLD,15+,13.87,0.3502,0.37,0.46,0.63,3,1,
KXNFLRECYDS-26SEP27TENNYG-NYGDSINGLETARY26-25,26SEP27TENNYG,Devin Singletary,6130,RB,receiving yards,THRESHOLD,25+,5.02,0.0641,0.12,0.13,0.88,2,1,
KXNFLRECYDS-26SEP27TENNYG-NYGDSINGLETARY26-15,26SEP27TENNYG,Devin Singletary,6130,RB,receiving yards,THRESHOLD,15+,5.02,0.1522,0.25,0.26,0.75,3,3,
KXNFLRECYDS-26SEP28PHICHI-CHICKMET85-50,26SEP28PHICHI,Cole Kmet,6826,TE,receiving yards,THRESHOLD,50+,13.14,0.0308,0.02,0.05,0.98,20,50,
KXNFLRECYDS-26SEP28PHICHI-CHICKMET85-40,26SEP28PHICHI,Cole Kmet,6826,TE,receiving yards,THRESHOLD,40+,13.14,0.0774,0.04,0.09,0.96,229,25,
KXNFLRECYDS-26SEP28PHICHI-CHICKMET85-25,26SEP28PHICHI,Cole Kmet,6826,TE,receiving yards,THRESHOLD,25+,13.14,0.1822,0.18,0.19,0.82,119,1,
KXNFLRECYDS-26SEP28PHICHI-CHICKMET85-15,26SEP28PHICHI,Cole Kmet,6826,TE,receiving yards,THRESHOLD,15+,13.14,0.3353,0.35,0.37,0.65,150,1,
KXNFLRECYDS-26SEP28PHICHI-CHICKMET85-10,26SEP28PHICHI,Cole Kmet,6826,TE,receiving yards,THRESHOLD,10+,13.14,0.3985,0.49,0.51,0.51,875,1,
KXNFLRECYDS-26SEP27LARDEN-DENRHARVEY12-60,26SEP27LARDEN,RJ Harvey,12489,RB,receiving yards,THRESHOLD,60+,21.43,0.0424,0.03,0.07,0.97,1236,20,
KXNFLRECYDS-26SEP27LARDEN-DENRHARVEY12-50,26SEP27LARDEN,RJ Harvey,12489,RB,receiving yards,THRESHOLD,50+,21.43,0.0757,0.05,0.11,0.95,11460,25,
KXNFLRECYDS-26SEP27LARDEN-DENRHARVEY12-40,26SEP27LARDEN,RJ Harvey,12489,RB,receiving yards,THRESHOLD,40+,21.43,0.1223,0.12,0.17,0.88,10771,25,
KXNFLRECYDS-26SEP27LARDEN-DENRHARVEY12-25,26SEP27LARDEN,RJ Harvey,12489,RB,receiving yards,THRESHOLD,25+,21.43,0.2920,0.31,0.34,0.69,11,25,
KXNFLRECYDS-26SEP27LARDEN-DENRHARVEY12-15,26SEP27LARDEN,RJ Harvey,12489,RB,receiving yards,THRESHOLD,15+,21.43,0.4634,0.52,0.53,0.48,7,179,
KXNFLRECYDS-26SEP27LARDEN-DENATRAUTMAN82-50,26SEP27LARDEN,Adam Trautman,6869,TE,receiving yards,THRESHOLD,50+,7.90,0.0158,0.02,0.06,0.98,1203,50,
KXNFLRECYDS-26SEP27LARDEN-DENATRAUTMAN82-40,26SEP27LARDEN,Adam Trautman,6869,TE,receiving yards,THRESHOLD,40+,7.90,0.0324,0.05,0.07,0.95,25,30,
KXNFLRECYDS-26SEP27LARDEN-DENATRAUTMAN82-25,26SEP27LARDEN,Adam Trautman,6869,TE,receiving yards,THRESHOLD,25+,7.90,0.1190,0.13,0.18,0.87,271,25,
KXNFLRECYDS-26SEP27LARDEN-DENATRAUTMAN82-15,26SEP27LARDEN,Adam Trautman,6869,TE,receiving yards,THRESHOLD,15+,7.90,0.2421,0.27,0.32,0.73,32,25,
KXNFLRECYDS-26SEP27CINPIT-CINEALL83-40,26SEP27CINPIT,Erick All Jr.,11592,TE,receiving yards,THRESHOLD,40+,11.03,0.0574,0.03,0.05,0.97,1,25,
KXNFLRECYDS-26SEP27CINPIT-CINEALL83-25,26SEP27CINPIT,Erick All Jr.,11592,TE,receiving yards,THRESHOLD,25+,11.03,0.1522,0.13,0.14,0.87,11622,230,
KXNFLRECYDS-26SEP27CINPIT-CINEALL83-15,26SEP27CINPIT,Erick All Jr.,11592,TE,receiving yards,THRESHOLD,15+,11.03,0.3053,0.24,0.25,0.76,1653,234,
KXNFLRECYDS-26SEP27SEAWAS-SEAEARROYO18-40,26SEP27SEAWAS,Elijah Arroyo,12521,TE,receiving yards,THRESHOLD,40+,14.02,0.0774,0.05,0.06,0.95,6066,30,
KXNFLRECYDS-26SEP27CINPIT-PITRWILSON14-80,26SEP27CINPIT,Roman Wilson,11630,WR,receiving yards,THRESHOLD,80+,25.13,0.0607,0.02,0.04,0.98,2500,125,
KXNFLRECYDS-26SEP27SEAWAS-SEAEARROYO18-25,26SEP27SEAWAS,Elijah Arroyo,12521,TE,receiving yards,THRESHOLD,25+,14.02,0.2022,0.11,0.13,0.89,25,3,
KXNFLRECYDS-26SEP27CINPIT-PITRWILSON14-70,26SEP27CINPIT,Roman Wilson,11630,WR,receiving yards,THRESHOLD,70+,25.13,0.0707,0.04,0.07,0.96,7000,25,
KXNFLRECYDS-26SEP27SEAWAS-SEAEARROYO18-15,26SEP27SEAWAS,Elijah Arroyo,12521,TE,receiving yards,THRESHOLD,15+,14.02,0.3636,0.23,0.26,0.77,1000,25,
KXNFLRECYDS-26SEP27CINPIT-PITRWILSON14-60,26SEP27CINPIT,Roman Wilson,11630,WR,receiving yards,THRESHOLD,60+,25.13,0.1073,0.07,0.11,0.93,14500,25,
KXNFLRECYDS-26SEP27SEAWAS-SEAEARROYO18-5,26SEP27SEAWAS,Elijah Arroyo,12521,TE,receiving yards,THRESHOLD,5+,14.02,0.5699,0.48,0.50,0.52,67,720,
KXNFLRECYDS-26SEP27CINPIT-PITRWILSON14-50,26SEP27CINPIT,Roman Wilson,11630,WR,receiving yards,THRESHOLD,50+,25.13,0.1689,0.14,0.17,0.86,15500,10,
KXNFLRECYDS-26SEP27CINPIT-PITRWILSON14-40,26SEP27CINPIT,Roman Wilson,11630,WR,receiving yards,THRESHOLD,40+,25.13,0.2454,0.22,0.25,0.78,20,11,
KXNFLRECYDS-26SEP27CINPIT-PITRWILSON14-25,26SEP27CINPIT,Roman Wilson,11630,WR,receiving yards,THRESHOLD,25+,25.13,0.3735,0.44,0.45,0.56,11,25,
KXNFLRECYDS-26SEP27CINPIT-PITRWILSON14-15,26SEP27CINPIT,Roman Wilson,11630,WR,receiving yards,THRESHOLD,15+,25.13,0.5316,0.63,0.65,0.37,146,2,
KXNFLRECYDS-26SEP27LVNO-NOBLANCE18-70,26SEP27LVNO,Bryce Lance,13420,WR,receiving yards,THRESHOLD,70+,18.63,0.0458,0.02,0.06,0.98,8905,125,
KXNFLRECYDS-26SEP27LVNO-NOBLANCE18-60,26SEP27LVNO,Bryce Lance,13420,WR,receiving yards,THRESHOLD,60+,18.63,0.0707,0.04,0.07,0.96,1877,75,
KXNFLRECYDS-26SEP27LVNO-NOBLANCE18-50,26SEP27LVNO,Bryce Lance,13420,WR,receiving yards,THRESHOLD,50+,18.63,0.1073,0.10,0.11,0.90,1489,232,
KXNFLRECYDS-26SEP27LVNO-NOBLANCE18-40,26SEP27LVNO,Bryce Lance,13420,WR,receiving yards,THRESHOLD,40+,18.63,0.1672,0.17,0.18,0.83,2504,147,
KXNFLRECYDS-26SEP27LVNO-NOBLANCE18-25,26SEP27LVNO,Bryce Lance,13420,WR,receiving yards,THRESHOLD,25+,18.63,0.2754,0.31,0.35,0.69,1000,93,
KXNFLRECYDS-26SEP27LVNO-NOBLANCE18-15,26SEP27LVNO,Bryce Lance,13420,WR,receiving yards,THRESHOLD,15+,18.63,0.4218,0.49,0.52,0.51,2055,114,
KXNFLRECYDS-26SEP28PHICHI-CHIDSWIFT4-50,26SEP28PHICHI,D'Andre Swift,6790,RB,receiving yards,THRESHOLD,50+,12.12,0.0424,0.03,0.06,0.97,5660,25,
KXNFLRECYDS-26SEP28PHICHI-CHIDSWIFT4-40,26SEP28PHICHI,D'Andre Swift,6790,RB,receiving yards,THRESHOLD,40+,12.12,0.0657,0.05,0.10,0.95,5460,25,
KXNFLRECYDS-26SEP28PHICHI-CHIDSWIFT4-25,26SEP28PHICHI,D'Andre Swift,6790,RB,receiving yards,THRESHOLD,25+,12.12,0.1988,0.19,0.22,0.81,375,2,
KXNFLRECYDS-26SEP28PHICHI-CHIDSWIFT4-15,26SEP28PHICHI,D'Andre Swift,6790,RB,receiving yards,THRESHOLD,15+,12.12,0.3569,0.36,0.40,0.64,760,2,
KXNFLRECYDS-26SEP27SEAWAS-WASRWHITE1-60,26SEP27SEAWAS,Rachaad White,8136,RB,receiving yards,THRESHOLD,60+,13.52,0.0225,0.03,0.04,0.97,2500,25,
KXNFLRECYDS-26SEP27SEAWAS-WASRWHITE1-50,26SEP27SEAWAS,Rachaad White,8136,RB,receiving yards,THRESHOLD,50+,13.52,0.0374,0.06,0.07,0.94,948,15,
KXNFLRECYDS-26SEP27SEAWAS-WASRWHITE1-40,26SEP27SEAWAS,Rachaad White,8136,RB,receiving yards,THRESHOLD,40+,13.52,0.0774,0.11,0.14,0.89,861,8,
KXNFLRECYDS-26SEP27SEAWAS-WASRWHITE1-25,26SEP27SEAWAS,Rachaad White,8136,RB,receiving yards,THRESHOLD,25+,13.52,0.2055,0.31,0.32,0.69,1,13,
KXNFLRECYDS-26SEP27SEAWAS-WASRWHITE1-15,26SEP27SEAWAS,Rachaad White,8136,RB,receiving yards,THRESHOLD,15+,13.52,0.3619,0.53,0.54,0.47,2098,14624,
KXNFLRECYDS-26SEP27LVNO-LVJNAILOR9-90,26SEP27LVNO,Jalen Nailor,8180,WR,receiving yards,THRESHOLD,90+,28.97,0.0391,0.03,0.05,0.97,6706,24,
KXNFLRECYDS-26SEP27LVNO-LVJNAILOR9-80,26SEP27LVNO,Jalen Nailor,8180,WR,receiving yards,THRESHOLD,80+,28.97,0.0641,0.03,0.06,0.97,31,25,
KXNFLRECYDS-26SEP27LVNO-LVJNAILOR9-70,26SEP27LVNO,Jalen Nailor,8180,WR,receiving yards,THRESHOLD,70+,28.97,0.0824,0.05,0.10,0.95,15500,85,
KXNFLRECYDS-26SEP27LVNO-LVJNAILOR9-60,26SEP27LVNO,Jalen Nailor,8180,WR,receiving yards,THRESHOLD,60+,28.97,0.1190,0.11,0.13,0.89,25,2,
KXNFLRECYDS-26SEP27LVNO-LVJNAILOR9-50,26SEP27LVNO,Jalen Nailor,8180,WR,receiving yards,THRESHOLD,50+,28.97,0.1789,0.17,0.19,0.83,2646,2,
KXNFLRECYDS-26SEP27LVNO-LVJNAILOR9-40,26SEP27LVNO,Jalen Nailor,8180,WR,receiving yards,THRESHOLD,40+,28.97,0.2488,0.26,0.29,0.74,4814,3,
KXNFLRECYDS-26SEP27LVNO-LVJNAILOR9-25,26SEP27LVNO,Jalen Nailor,8180,WR,receiving yards,THRESHOLD,25+,28.97,0.4135,0.48,0.49,0.52,1,520,
KXNFLRECYDS-26SEP28PHICHI-PHISBARKLEY26-50,26SEP28PHICHI,Saquon Barkley,4866,RB,receiving yards,THRESHOLD,50+,17.94,0.0607,0.03,0.07,0.97,5906,25,
KXNFLRECYDS-26SEP27LVNO-LVJNAILOR9-15,26SEP27LVNO,Jalen Nailor,8180,WR,receiving yards,THRESHOLD,15+,28.97,0.5932,0.63,0.64,0.37,11,91,
KXNFLRECYDS-26SEP28PHICHI-PHISBARKLEY26-40,26SEP28PHICHI,Saquon Barkley,4866,RB,receiving yards,THRESHOLD,40+,17.94,0.1106,0.07,0.12,0.93,6581,25,
KXNFLRECYDS-26SEP27LVNO-NOAKAMARA41-60,26SEP27LVNO,Alvin Kamara,4035,RB,receiving yards,THRESHOLD,60+,11.38,0.0175,0.03,0.05,0.97,5801,25,
KXNFLRECYDS-26SEP28PHICHI-PHISBARKLEY26-25,26SEP28PHICHI,Saquon Barkley,4866,RB,receiving yards,THRESHOLD,25+,17.94,0.2571,0.21,0.26,0.79,28,29,
KXNFLRECYDS-26SEP27LVNO-NOAKAMARA41-50,26SEP27LVNO,Alvin Kamara,4035,RB,receiving yards,THRESHOLD,50+,11.38,0.0374,0.05,0.07,0.95,4800,25,
KXNFLRECYDS-26SEP28PHICHI-PHISBARKLEY26-15,26SEP28PHICHI,Saquon Barkley,4866,RB,receiving yards,THRESHOLD,15+,17.94,0.4451,0.43,0.47,0.57,43,100,
KXNFLRECYDS-26SEP27LVNO-NOAKAMARA41-40,26SEP27LVNO,Alvin Kamara,4035,RB,receiving yards,THRESHOLD,40+,11.38,0.0591,0.10,0.11,0.90,4800,3,
KXNFLRECYDS-26SEP27LVNO-NOAKAMARA41-25,26SEP27LVNO,Alvin Kamara,4035,RB,receiving yards,THRESHOLD,25+,11.38,0.1805,0.26,0.28,0.74,7113,75,
KXNFLRECYDS-26SEP27LVNO-NOAKAMARA41-15,26SEP27LVNO,Alvin Kamara,4035,RB,receiving yards,THRESHOLD,15+,11.38,0.3486,0.49,0.50,0.51,45,225,
KXNFLRECYDS-26SEP27LVNO-NOTETIENNE3-40,26SEP27LVNO,Travis Etienne Jr.,7543,RB,receiving yards,THRESHOLD,40+,14.87,0.0840,0.04,0.08,0.96,5500,25,
KXNFLRECYDS-26SEP27LVNO-NOTETIENNE3-25,26SEP27LVNO,Travis Etienne Jr.,7543,RB,receiving yards,THRESHOLD,25+,14.87,0.2338,0.16,0.17,0.84,11000,2,
KXNFLRECYDS-26SEP27LVNO-NOTETIENNE3-15,26SEP27LVNO,Travis Etienne Jr.,7543,RB,receiving yards,THRESHOLD,15+,14.87,0.3985,0.29,0.33,0.71,1000,57,
KXNFLRECYDS-26SEP27BALDAL-BALCMOORE17-90,26SEP27BALDAL,Chris Moore,3269,WR,receiving yards,THRESHOLD,90+,12.31,0.0141,0.02,0.05,0.98,6256,125,
KXNFLRECYDS-26SEP27BALDAL-BALCMOORE17-80,26SEP27BALDAL,Chris Moore,3269,WR,receiving yards,THRESHOLD,80+,12.31,0.0175,0.05,0.06,0.95,6188,30,
KXNFLRECYDS-26SEP27BALDAL-BALCMOORE17-70,26SEP27BALDAL,Chris Moore,3269,WR,receiving yards,THRESHOLD,70+,12.31,0.0324,0.04,0.08,0.96,1000,25,
KXNFLRECYDS-26SEP27BALDAL-BALCMOORE17-60,26SEP27BALDAL,Chris Moore,3269,WR,receiving yards,THRESHOLD,60+,12.31,0.0458,0.07,0.12,0.93,1201,25,
KXNFLRECYDS-26SEP27BALDAL-BALCMOORE17-50,26SEP27BALDAL,Chris Moore,3269,WR,receiving yards,THRESHOLD,50+,12.31,0.0724,0.12,0.16,0.88,2,25,
KXNFLRECYDS-26SEP27BALDAL-BALCMOORE17-40,26SEP27BALDAL,Chris Moore,3269,WR,receiving yards,THRESHOLD,40+,12.31,0.1057,0.20,0.24,0.80,1344,79,
KXNFLRECYDS-26SEP27BALDAL-BALCMOORE17-25,26SEP27BALDAL,Chris Moore,3269,WR,receiving yards,THRESHOLD,25+,12.31,0.1872,0.37,0.38,0.63,513,176,
KXNFLRECYDS-26SEP27BALDAL-BALCMOORE17-20,26SEP27BALDAL,Chris Moore,3269,WR,receiving yards,THRESHOLD,20+,12.31,0.2155,0.42,0.45,0.58,351,546,
KXNFLRECYDS-26SEP27KCMIA-MIACBELL18-70,26SEP27KCMIA,Chris Bell,13311,WR,receiving yards,THRESHOLD,70+,30.04,0.0890,0.04,0.07,0.96,33189,25,
KXNFLRECYDS-26SEP27BALDAL-BALCMOORE17-15,26SEP27BALDAL,Chris Moore,3269,WR,receiving yards,THRESHOLD,15+,12.31,0.2770,0.51,0.54,0.49,508,746,
KXNFLRECYDS-26SEP27KCMIA-MIACBELL18-60,26SEP27KCMIA,Chris Bell,13311,WR,receiving yards,THRESHOLD,60+,30.04,0.1223,0.07,0.10,0.93,10000,25,
KXNFLRECYDS-26SEP27KCMIA-MIACBELL18-50,26SEP27KCMIA,Chris Bell,13311,WR,receiving yards,THRESHOLD,50+,30.04,0.1889,0.13,0.16,0.87,14500,3,
KXNFLRECYDS-26SEP27KCMIA-MIACBELL18-40,26SEP27KCMIA,Chris Bell,13311,WR,receiving yards,THRESHOLD,40+,30.04,0.2621,0.20,0.23,0.80,1303,3,
KXNFLRECYDS-26SEP27KCMIA-MIACBELL18-25,26SEP27KCMIA,Chris Bell,13311,WR,receiving yards,THRESHOLD,25+,30.04,0.4201,0.37,0.41,0.63,1,1524,
KXNFLRECYDS-26SEP27KCMIA-MIACBELL18-20,26SEP27KCMIA,Chris Bell,13311,WR,receiving yards,THRESHOLD,20+,30.04,0.5050,0.48,0.49,0.52,64,530,
KXNFLRECYDS-26SEP27KCMIA-MIACBELL18-15,26SEP27KCMIA,Chris Bell,13311,WR,receiving yards,THRESHOLD,15+,30.04,0.5915,0.55,0.58,0.45,1,25,
KXNFLRECYDS-26SEP27SEAWAS-WASAWILLIAMS14-60,26SEP27SEAWAS,Antonio Williams,13301,WR,receiving yards,THRESHOLD,60+,20.90,0.0657,0.05,0.06,0.95,6803,30,
KXNFLRECYDS-26SEP27SEAWAS-WASAWILLIAMS14-50,26SEP27SEAWAS,Antonio Williams,13301,WR,receiving yards,THRESHOLD,50+,20.90,0.1156,0.06,0.09,0.94,16418,23,
KXNFLRECYDS-26SEP27SEAWAS-WASAWILLIAMS14-40,26SEP27SEAWAS,Antonio Williams,13301,WR,receiving yards,THRESHOLD,40+,20.90,0.1722,0.13,0.15,0.87,16881,171,
KXNFLRECYDS-26SEP27SEAWAS-WASAWILLIAMS14-25,26SEP27SEAWAS,Antonio Williams,13301,WR,receiving yards,THRESHOLD,25+,20.90,0.3103,0.30,0.31,0.70,1594,2,
KXNFLRECYDS-26SEP27SEAWAS-WASAWILLIAMS14-15,26SEP27SEAWAS,Antonio Williams,13301,WR,receiving yards,THRESHOLD,15+,20.90,0.4484,0.49,0.50,0.51,2051,1,
KXNFLRECYDS-26SEP27KCMIA-MIAKCOLEMAN21-60,26SEP27KCMIA,Kevin Coleman Jr.,13338,WR,receiving yards,THRESHOLD,60+,23.72,0.0940,0.04,0.07,0.96,14800,1761,
KXNFLRECYDS-26SEP27KCMIA-MIAKCOLEMAN21-50,26SEP27KCMIA,Kevin Coleman Jr.,13338,WR,receiving yards,THRESHOLD,50+,23.72,0.1273,0.08,0.10,0.92,25,1554,
KXNFLRECYDS-26SEP27KCMIA-MIAKCOLEMAN21-40,26SEP27KCMIA,Kevin Coleman Jr.,13338,WR,receiving yards,THRESHOLD,40+,23.72,0.1905,0.15,0.17,0.85,24095,3,
KXNFLRECYDS-26SEP27KCMIA-MIAKCOLEMAN21-25,26SEP27KCMIA,Kevin Coleman Jr.,13338,WR,receiving yards,THRESHOLD,25+,23.72,0.3419,0.31,0.32,0.69,1612,2,
KXNFLRECYDS-26SEP27KCMIA-MIAKCOLEMAN21-15,26SEP27KCMIA,Kevin Coleman Jr.,13338,WR,receiving yards,THRESHOLD,15+,23.72,0.4850,0.50,0.51,0.50,18746,15,
KXNFLRECYDS-26SEP27TENNYG-TENTPOLLARD20-40,26SEP27TENNYG,Tony Pollard,5967,RB,receiving yards,THRESHOLD,40+,8.66,0.0524,0.03,0.06,0.97,14000,25,
KXNFLRECYDS-26SEP27TENNYG-TENTPOLLARD20-25,26SEP27TENNYG,Tony Pollard,5967,RB,receiving yards,THRESHOLD,25+,8.66,0.1206,0.10,0.13,0.90,1816,1,
KXNFLRECYDS-26SEP27TENNYG-TENTPOLLARD20-15,26SEP27TENNYG,Tony Pollard,5967,RB,receiving yards,THRESHOLD,15+,8.66,0.2537,0.25,0.26,0.75,58,26,
KXNFLRECYDS-26SEP27MINTB-MINAJONES33-50,26SEP27MINTB,Aaron Jones Sr.,4199,RB,receiving yards,THRESHOLD,50+,14.82,0.0491,0.04,0.07,0.96,6250,25,
KXNFLRECYDS-26SEP27MINTB-MINAJONES33-40,26SEP27MINTB,Aaron Jones Sr.,4199,RB,receiving yards,THRESHOLD,40+,14.82,0.0824,0.08,0.12,0.92,21000,25,
KXNFLRECYDS-26SEP27MINTB-MINAJONES33-25,26SEP27MINTB,Aaron Jones Sr.,4199,RB,receiving yards,THRESHOLD,25+,14.82,0.2304,0.24,0.25,0.76,200,20,
KXNFLRECYDS-26SEP27MINTB-MINAJONES33-15,26SEP27MINTB,Aaron Jones Sr.,4199,RB,receiving yards,THRESHOLD,15+,14.82,0.3935,0.43,0.45,0.57,1867,36,
KXNFLRECYDS-26SEP27SEAWAS-SEATHORTON15-50,26SEP27SEAWAS,Tory Horton,12497,WR,receiving yards,THRESHOLD,50+,15.83,0.0824,0.02,0.03,0.98,200,150,
KXNFLRECYDS-26SEP27SEAWAS-SEATHORTON15-40,26SEP27SEAWAS,Tory Horton,12497,WR,receiving yards,THRESHOLD,40+,15.83,0.1356,0.04,0.06,0.96,200,25,
KXNFLRECYDS-26SEP27SEAWAS-SEATHORTON15-25,26SEP27SEAWAS,Tory Horton,12497,WR,receiving yards,THRESHOLD,25+,15.83,0.2621,0.16,0.18,0.84,3,50,
KXNFLRECYDS-26SEP27SEAWAS-SEATHORTON15-15,26SEP27SEAWAS,Tory Horton,12497,WR,receiving yards,THRESHOLD,15+,15.83,0.3902,0.24,0.28,0.76,2,7,
KXNFLRECYDS-26SEP27NYJDET-DETITESLAA18-60,26SEP27NYJDET,Isaac TeSlaa,12535,WR,receiving yards,THRESHOLD,60+,19.83,0.0657,0.05,0.08,0.95,14400,25,
KXNFLRECYDS-26SEP27CINPIT-PITDWASHINGTON80-50,26SEP27CINPIT,Darnell Washington,9479,TE,receiving yards,THRESHOLD,50+,16.77,0.0674,0.05,0.07,0.95,225,55,
KXNFLRECYDS-26SEP27NYJDET-DETITESLAA18-50,26SEP27NYJDET,Isaac TeSlaa,12535,WR,receiving yards,THRESHOLD,50+,19.83,0.1173,0.09,0.11,0.91,5955,231,
KXNFLRECYDS-26SEP27CINPIT-PITDWASHINGTON80-40,26SEP27CINPIT,Darnell Washington,9479,TE,receiving yards,THRESHOLD,40+,16.77,0.1057,0.11,0.13,0.89,10287,23,
KXNFLRECYDS-26SEP27NYJDET-DETITESLAA18-40,26SEP27NYJDET,Isaac TeSlaa,12535,WR,receiving yards,THRESHOLD,40+,19.83,0.1772,0.17,0.18,0.83,200,1,
KXNFLRECYDS-26SEP27CINPIT-PITDWASHINGTON80-25,26SEP27CINPIT,Darnell Washington,9479,TE,receiving yards,THRESHOLD,25+,16.77,0.2404,0.29,0.30,0.71,861,16,
KXNFLRECYDS-26SEP27NYJDET-DETITESLAA18-25,26SEP27NYJDET,Isaac TeSlaa,12535,WR,receiving yards,THRESHOLD,25+,19.83,0.3020,0.33,0.34,0.67,2515,1,
KXNFLRECYDS-26SEP27CINPIT-PITDWASHINGTON80-15,26SEP27CINPIT,Darnell Washington,9479,TE,receiving yards,THRESHOLD,15+,16.77,0.4035,0.50,0.51,0.50,10477,25,
KXNFLRECYDS-26SEP27NYJDET-DETITESLAA18-15,26SEP27NYJDET,Isaac TeSlaa,12535,WR,receiving yards,THRESHOLD,15+,19.83,0.4384,0.51,0.52,0.49,117,90,
KXNFLRECYDS-26SEP27ARISF-ARITALLGEIER22-40,26SEP27ARISF,Tyler Allgeier,8132,RB,receiving yards,THRESHOLD,40+,8.87,0.0458,0.03,0.06,0.97,4101,25,
KXNFLRECYDS-26SEP27ARISF-ARITALLGEIER22-25,26SEP27ARISF,Tyler Allgeier,8132,RB,receiving yards,THRESHOLD,25+,8.87,0.1190,0.12,0.15,0.88,21000,25,
KXNFLRECYDS-26SEP27ARISF-ARITALLGEIER22-15,26SEP27ARISF,Tyler Allgeier,8132,RB,receiving yards,THRESHOLD,15+,8.87,0.2421,0.26,0.29,0.74,35,25,
KXNFLRECYDS-26SEP27ARISF-SFCMCCAFFREY23-100,26SEP27ARISF,Christian McCaffrey,4034,RB,receiving yards,THRESHOLD,100+,31.45,0.0125,0.03,0.06,0.97,14701,21,
KXNFLRECYDS-26SEP27ARISF-SFCMCCAFFREY23-90,26SEP27ARISF,Christian McCaffrey,4034,RB,receiving yards,THRESHOLD,90+,31.45,0.0208,0.05,0.08,0.95,20000,30,
KXNFLRECYDS-26SEP27ARISF-SFCMCCAFFREY23-80,26SEP27ARISF,Christian McCaffrey,4034,RB,receiving yards,THRESHOLD,80+,31.45,0.0308,0.08,0.12,0.92,21000,25,
KXNFLRECYDS-26SEP27ARISF-SFCMCCAFFREY23-70,26SEP27ARISF,Christian McCaffrey,4034,RB,receiving yards,THRESHOLD,70+,31.45,0.0624,0.13,0.17,0.87,4080,66,
KXNFLRECYDS-26SEP27ARISF-SFCMCCAFFREY23-60,26SEP27ARISF,Christian McCaffrey,4034,RB,receiving yards,THRESHOLD,60+,31.45,0.0923,0.22,0.24,0.78,1315,1,
KXNFLRECYDS-26SEP27ARISF-SFCMCCAFFREY23-50,26SEP27ARISF,Christian McCaffrey,4034,RB,receiving yards,THRESHOLD,50+,31.45,0.1539,0.31,0.34,0.69,1555,100,
KXNFLRECYDS-26SEP27ARISF-SFCMCCAFFREY23-40,26SEP27ARISF,Christian McCaffrey,4034,RB,receiving yards,THRESHOLD,40+,31.45,0.2537,0.49,0.50,0.51,16442,38,
KXNFLRECYDS-26SEP27ARISF-SFCMCCAFFREY23-25,26SEP27ARISF,Christian McCaffrey,4034,RB,receiving yards,THRESHOLD,25+,31.45,0.4667,0.69,0.71,0.31,25,25,
KXNFLRECYDS-26SEP27ARISF-SFCMCCAFFREY23-15,26SEP27ARISF,Christian McCaffrey,4034,RB,receiving yards,THRESHOLD,15+,31.45,0.6747,0.85,0.86,0.15,157,3,
KXNFLRECYDS-26SEP27ARISF-SFDSAMUEL19-110,26SEP27ARISF,Deebo Samuel Sr.,5872,WR,receiving yards,THRESHOLD,110+,47.93,0.0491,0.02,0.05,0.98,5025,125,
KXNFLRECYDS-26SEP27ARISF-SFDSAMUEL19-100,26SEP27ARISF,Deebo Samuel Sr.,5872,WR,receiving yards,THRESHOLD,100+,47.93,0.0707,0.05,0.07,0.95,11275,30,
KXNFLRECYDS-26SEP27ARISF-SFDSAMUEL19-90,26SEP27ARISF,Deebo Samuel Sr.,5872,WR,receiving yards,THRESHOLD,90+,47.93,0.1106,0.06,0.10,0.94,70,70,
KXNFLRECYDS-26SEP27ARISF-SFDSAMUEL19-80,26SEP27ARISF,Deebo Samuel Sr.,5872,WR,receiving yards,THRESHOLD,80+,47.93,0.1556,0.12,0.13,0.88,1149,2,
KXNFLRECYDS-26SEP27ARISF-SFDSAMUEL19-70,26SEP27ARISF,Deebo Samuel Sr.,5872,WR,receiving yards,THRESHOLD,70+,47.93,0.2255,0.18,0.20,0.82,10989,5,
KXNFLRECYDS-26SEP27ARISF-SFDSAMUEL19-60,26SEP27ARISF,Deebo Samuel Sr.,5872,WR,receiving yards,THRESHOLD,60+,47.93,0.2987,0.26,0.28,0.74,989,35,
KXNFLRECYDS-26SEP27ARISF-SFDSAMUEL19-50,26SEP27ARISF,Deebo Samuel Sr.,5872,WR,receiving yards,THRESHOLD,50+,47.93,0.3869,0.37,0.39,0.63,163,23,
KXNFLRECYDS-26SEP27ARISF-SFDSAMUEL19-40,26SEP27ARISF,Deebo Samuel Sr.,5872,WR,receiving yards,THRESHOLD,40+,47.93,0.5316,0.51,0.52,0.49,2998,770,
KXNFLRECYDS-26SEP27ARISF-SFDSAMUEL19-25,26SEP27ARISF,Deebo Samuel Sr.,5872,WR,receiving yards,THRESHOLD,25+,47.93,0.6930,0.71,0.73,0.29,3203,189,
KXNFLRECYDS-26SEP27ARISF-SFDSAMUEL19-15,26SEP27ARISF,Deebo Samuel Sr.,5872,WR,receiving yards,THRESHOLD,15+,47.93,0.8328,0.82,0.83,0.18,6,3,
KXNFLRECYDS-26SEP27ARISF-SFGKITTLE85-120,26SEP27ARISF,George Kittle,4217,TE,receiving yards,THRESHOLD,120+,51.01,0.0275,0.02,0.05,0.98,2500,125,
KXNFLRECYDS-26SEP27ARISF-SFGKITTLE85-110,26SEP27ARISF,George Kittle,4217,TE,receiving yards,THRESHOLD,110+,51.01,0.0441,0.03,0.07,0.97,16999,25,
KXNFLRECYDS-26SEP27ARISF-SFGKITTLE85-100,26SEP27ARISF,George Kittle,4217,TE,receiving yards,THRESHOLD,100+,51.01,0.0641,0.06,0.08,0.94,20,182,
KXNFLRECYDS-26SEP27ARISF-SFGKITTLE85-90,26SEP27ARISF,George Kittle,4217,TE,receiving yards,THRESHOLD,90+,51.01,0.0990,0.11,0.12,0.89,10200,20,
KXNFLRECYDS-26SEP27ARISF-SFGKITTLE85-80,26SEP27ARISF,George Kittle,4217,TE,receiving yards,THRESHOLD,80+,51.01,0.1489,0.16,0.17,0.84,342,2,
KXNFLRECYDS-26SEP27ARISF-SFGKITTLE85-70,26SEP27ARISF,George Kittle,4217,TE,receiving yards,THRESHOLD,70+,51.01,0.2171,0.20,0.23,0.80,20,24,
KXNFLRECYDS-26SEP27ARISF-SFGKITTLE85-60,26SEP27ARISF,George Kittle,4217,TE,receiving yards,THRESHOLD,60+,51.01,0.3003,0.31,0.32,0.69,165,313,
KXNFLRECYDS-26SEP27ARISF-SFGKITTLE85-50,26SEP27ARISF,George Kittle,4217,TE,receiving yards,THRESHOLD,50+,51.01,0.3869,0.43,0.44,0.57,205,70,
KXNFLRECYDS-26SEP27ARISF-SFGKITTLE85-40,26SEP27ARISF,George Kittle,4217,TE,receiving yards,THRESHOLD,40+,51.01,0.5266,0.57,0.58,0.43,259,51,
KXNFLRECYDS-26SEP27LACBUF-BUFDKNOX88-60,26SEP27LACBUF,Dawson Knox,5906,TE,receiving yards,THRESHOLD,60+,16.53,0.0358,0.02,0.05,0.98,11038,50,
KXNFLRECYDS-26SEP27ARISF-SFGKITTLE85-25,26SEP27ARISF,George Kittle,4217,TE,receiving yards,THRESHOLD,25+,51.01,0.7413,0.74,0.76,0.26,160,3,
KXNFLRECYDS-26SEP27LACBUF-BUFDKNOX88-50,26SEP27LACBUF,Dawson Knox,5906,TE,receiving yards,THRESHOLD,50+,16.53,0.0657,0.02,0.06,0.98,1025,125,
KXNFLRECYDS-26SEP27ARISF-SFGKITTLE85-15,26SEP27ARISF,George Kittle,4217,TE,receiving yards,THRESHOLD,15+,51.01,0.8860,0.83,0.87,0.17,3,41,
KXNFLRECYDS-26SEP27LACBUF-BUFDKNOX88-40,26SEP27LACBUF,Dawson Knox,5906,TE,receiving yards,THRESHOLD,40+,16.53,0.1057,0.06,0.10,0.94,25,25,
KXNFLRECYDS-26SEP27CINPIT-CINSPERINE34-40,26SEP27CINPIT,Samaje Perine,4147,RB,receiving yards,THRESHOLD,40+,9.84,0.0541,0.03,0.06,0.97,3449,25,
KXNFLRECYDS-26SEP27LACBUF-BUFDKNOX88-25,26SEP27LACBUF,Dawson Knox,5906,TE,receiving yards,THRESHOLD,25+,16.53,0.2338,0.17,0.18,0.83,15447,561,
KXNFLRECYDS-26SEP27CINPIT-CINSPERINE34-25,26SEP27CINPIT,Samaje Perine,4147,RB,receiving yards,THRESHOLD,25+,9.84,0.1273,0.14,0.15,0.86,3563,14,
KXNFLRECYDS-26SEP27LACBUF-BUFDKNOX88-15,26SEP27LACBUF,Dawson Knox,5906,TE,receiving yards,THRESHOLD,15+,16.53,0.4052,0.34,0.35,0.66,11400,1,
KXNFLRECYDS-26SEP27CINPIT-CINSPERINE34-15,26SEP27CINPIT,Samaje Perine,4147,RB,receiving yards,THRESHOLD,15+,9.84,0.2537,0.27,0.30,0.73,1461,362,
KXNFLRECYDS-26SEP27LACBUF-BUFDKNOX88-10,26SEP27LACBUF,Dawson Knox,5906,TE,receiving yards,THRESHOLD,10+,16.53,0.5216,0.48,0.49,0.52,16620,200,
KXNFLRECYDS-26SEP27LARDEN-LARTFERGUSON18-130,26SEP27LARDEN,Terrance Ferguson,12487,TE,receiving yards,THRESHOLD,130+,30.88,0.0075,0.02,0.05,0.98,5589,125,
KXNFLRECYDS-26SEP27LARDEN-LARTFERGUSON18-120,26SEP27LARDEN,Terrance Ferguson,12487,TE,receiving yards,THRESHOLD,120+,30.88,0.0092,0.03,0.07,0.97,6095,25,
KXNFLRECYDS-26SEP27LARDEN-LARTFERGUSON18-110,26SEP27LARDEN,Terrance Ferguson,12487,TE,receiving yards,THRESHOLD,110+,30.88,0.0108,0.05,0.10,0.95,16665,25,
KXNFLRECYDS-26SEP27LARDEN-LARTFERGUSON18-100,26SEP27LARDEN,Terrance Ferguson,12487,TE,receiving yards,THRESHOLD,100+,30.88,0.0158,0.08,0.13,0.92,15271,25,
KXNFLRECYDS-26SEP27LARDEN-LARTFERGUSON18-90,26SEP27LARDEN,Terrance Ferguson,12487,TE,receiving yards,THRESHOLD,90+,30.88,0.0241,0.13,0.16,0.87,11,1,
KXNFLRECYDS-26SEP27LARDEN-LARTFERGUSON18-80,26SEP27LARDEN,Terrance Ferguson,12487,TE,receiving yards,THRESHOLD,80+,30.88,0.0408,0.18,0.21,0.82,51,35,
KXNFLRECYDS-26SEP27LARDEN-LARTFERGUSON18-70,26SEP27LARDEN,Terrance Ferguson,12487,TE,receiving yards,THRESHOLD,70+,30.88,0.0691,0.25,0.30,0.75,1423,29,
KXNFLRECYDS-26SEP27LARDEN-LARTFERGUSON18-60,26SEP27LARDEN,Terrance Ferguson,12487,TE,receiving yards,THRESHOLD,60+,30.88,0.1256,0.35,0.39,0.65,114,28,
KXNFLRECYDS-26SEP27LARDEN-LARTFERGUSON18-50,26SEP27LARDEN,Terrance Ferguson,12487,TE,receiving yards,THRESHOLD,50+,30.88,0.1955,0.48,0.49,0.52,688,19,
KXNFLRECYDS-26SEP27LARDEN-LARTFERGUSON18-40,26SEP27LARDEN,Terrance Ferguson,12487,TE,receiving yards,THRESHOLD,40+,30.88,0.3037,0.59,0.61,0.41,135,24,
KXNFLRECYDS-26SEP27LARDEN-LARTFERGUSON18-25,26SEP27LARDEN,Terrance Ferguson,12487,TE,receiving yards,THRESHOLD,25+,30.88,0.4917,0.75,0.79,0.25,236,25,
KXNFLRECYDS-26SEP27LARDEN-LARKWILLIAMS23-50,26SEP27LARDEN,Kyren Williams,8150,RB,receiving yards,THRESHOLD,50+,12.61,0.0491,0.03,0.07,0.97,14800,25,
KXNFLRECYDS-26SEP27LARDEN-LARKWILLIAMS23-40,26SEP27LARDEN,Kyren Williams,8150,RB,receiving yards,THRESHOLD,40+,12.61,0.0824,0.06,0.11,0.94,15260,25,
KXNFLRECYDS-26SEP27LARDEN-LARKWILLIAMS23-25,26SEP27LARDEN,Kyren Williams,8150,RB,receiving yards,THRESHOLD,25+,12.61,0.2155,0.22,0.25,0.78,10760,69,
KXNFLRECYDS-26SEP27LARDEN-LARKWILLIAMS23-15,26SEP27LARDEN,Kyren Williams,8150,RB,receiving yards,THRESHOLD,15+,12.61,0.3686,0.42,0.45,0.58,1829,6,
KXNFLRECYDS-26SEP27NYJDET-NYJKSADIQ16-90,26SEP27NYJDET,Kenyon Sadiq,13330,TE,receiving yards,THRESHOLD,90+,27.37,0.0258,0.03,0.05,0.97,12500,5000,
KXNFLRECYDS-26SEP27NYJDET-NYJKSADIQ16-80,26SEP27NYJDET,Kenyon Sadiq,13330,TE,receiving yards,THRESHOLD,80+,27.37,0.0308,0.05,0.06,0.95,12500,5000,
KXNFLRECYDS-26SEP27NYJDET-NYJKSADIQ16-70,26SEP27NYJDET,Kenyon Sadiq,13330,TE,receiving yards,THRESHOLD,70+,27.37,0.0458,0.08,0.10,0.92,14966,3525,
KXNFLRECYDS-26SEP27NYJDET-NYJKSADIQ16-60,26SEP27NYJDET,Kenyon Sadiq,13330,TE,receiving yards,THRESHOLD,60+,27.37,0.0824,0.13,0.14,0.87,1039,2,
KXNFLRECYDS-26SEP27NYJDET-NYJKSADIQ16-50,26SEP27NYJDET,Kenyon Sadiq,13330,TE,receiving yards,THRESHOLD,50+,27.37,0.1506,0.21,0.22,0.79,307,12,
KXNFLRECYDS-26SEP27NYJDET-NYJKSADIQ16-40,26SEP27NYJDET,Kenyon Sadiq,13330,TE,receiving yards,THRESHOLD,40+,27.37,0.2471,0.31,0.32,0.69,799,2010,
KXNFLRECYDS-26SEP27NYJDET-NYJKSADIQ16-25,26SEP27NYJDET,Kenyon Sadiq,13330,TE,receiving yards,THRESHOLD,25+,27.37,0.4634,0.56,0.57,0.44,2606,25,
KXNFLRECYDS-26SEP27CARCLE-CLEJJEUDY3-80,26SEP27CARCLE,Jerry Jeudy,6783,WR,receiving yards,THRESHOLD,80+,28.52,0.0607,0.05,0.06,0.95,8500,30,
KXNFLRECYDS-26SEP27NYJDET-NYJKSADIQ16-15,26SEP27NYJDET,Kenyon Sadiq,13330,TE,receiving yards,THRESHOLD,15+,27.37,0.6481,0.72,0.73,0.28,194,1,
KXNFLRECYDS-26SEP27CARCLE-CLEJJEUDY3-70,26SEP27CARCLE,Jerry Jeudy,6783,WR,receiving yards,THRESHOLD,70+,28.52,0.0857,0.04,0.08,0.96,7000,127,
KXNFLRECYDS-26SEP27NYJDET-NYJIWILLIAMS18-70,26SEP27NYJDET,Isaiah Williams,11608,WR,receiving yards,THRESHOLD,70+,24.17,0.0607,0.05,0.08,0.95,12503,25,
KXNFLRECYDS-26SEP27CARCLE-CLEJJEUDY3-60,26SEP27CARCLE,Jerry Jeudy,6783,WR,receiving yards,THRESHOLD,60+,28.52,0.1290,0.09,0.10,0.91,1000,256,
KXNFLRECYDS-26SEP27NYJDET-NYJIWILLIAMS18-60,26SEP27NYJDET,Isaiah Williams,11608,WR,receiving yards,THRESHOLD,60+,24.17,0.0973,0.08,0.12,0.92,10000,25,
KXNFLRECYDS-26SEP27CARCLE-CLEJJEUDY3-50,26SEP27CARCLE,Jerry Jeudy,6783,WR,receiving yards,THRESHOLD,50+,28.52,0.1922,0.14,0.16,0.86,124,220,
KXNFLRECYDS-26SEP27NYJDET-NYJIWILLIAMS18-50,26SEP27NYJDET,Isaiah Williams,11608,WR,receiving yards,THRESHOLD,50+,24.17,0.1373,0.18,0.19,0.82,408,3,
KXNFLRECYDS-26SEP27CARCLE-CLEJJEUDY3-40,26SEP27CARCLE,Jerry Jeudy,6783,WR,receiving yards,THRESHOLD,40+,28.52,0.2720,0.23,0.25,0.77,20,2,
KXNFLRECYDS-26SEP27NYJDET-NYJIWILLIAMS18-40,26SEP27NYJDET,Isaiah Williams,11608,WR,receiving yards,THRESHOLD,40+,24.17,0.2072,0.29,0.30,0.71,11234,31,
KXNFLRECYDS-26SEP27CARCLE-CLEJJEUDY3-25,26SEP27CARCLE,Jerry Jeudy,6783,WR,receiving yards,THRESHOLD,25+,28.52,0.4418,0.40,0.42,0.60,11,2139,
KXNFLRECYDS-26SEP27NYJDET-NYJIWILLIAMS18-25,26SEP27NYJDET,Isaiah Williams,11608,WR,receiving yards,THRESHOLD,25+,24.17,0.3569,0.51,0.52,0.49,131,51,
KXNFLRECYDS-26SEP27CARCLE-CLEJJEUDY3-15,26SEP27CARCLE,Jerry Jeudy,6783,WR,receiving yards,THRESHOLD,15+,28.52,0.6115,0.59,0.60,0.41,1000,1,
KXNFLRECYDS-26SEP27NYJDET-NYJIWILLIAMS18-15,26SEP27NYJDET,Isaiah Williams,11608,WR,receiving yards,THRESHOLD,15+,24.17,0.5033,0.68,0.69,0.32,150,1,
KXNFLRECYDS-26SEP28PHICHI-CHIRODUNZE15-90,26SEP28PHICHI,Rome Odunze,11620,WR,receiving yards,THRESHOLD,90+,40.82,0.0707,0.03,0.06,0.97,6340,5,
KXNFLRECYDS-26SEP28PHICHI-CHIRODUNZE15-80,26SEP28PHICHI,Rome Odunze,11620,WR,receiving yards,THRESHOLD,80+,40.82,0.1090,0.04,0.09,0.96,6360,26,
KXNFLRECYDS-26SEP28PHICHI-CHIRODUNZE15-70,26SEP28PHICHI,Rome Odunze,11620,WR,receiving yards,THRESHOLD,70+,40.82,0.1639,0.06,0.11,0.94,149,3,
KXNFLRECYDS-26SEP28PHICHI-CHIRODUNZE15-60,26SEP28PHICHI,Rome Odunze,11620,WR,receiving yards,THRESHOLD,60+,40.82,0.2288,0.12,0.16,0.88,1122,408,
KXNFLRECYDS-26SEP28PHICHI-CHIRODUNZE15-50,26SEP28PHICHI,Rome Odunze,11620,WR,receiving yards,THRESHOLD,50+,40.82,0.3087,0.19,0.23,0.81,907,363,
KXNFLRECYDS-26SEP28PHICHI-CHIRODUNZE15-40,26SEP28PHICHI,Rome Odunze,11620,WR,receiving yards,THRESHOLD,40+,40.82,0.4468,0.30,0.33,0.70,1207,91,
KXNFLRECYDS-26SEP28PHICHI-CHIRODUNZE15-25,26SEP28PHICHI,Rome Odunze,11620,WR,receiving yards,THRESHOLD,25+,40.82,0.6298,0.51,0.53,0.49,25,17,
KXNFLRECYDS-26SEP28PHICHI-CHIRODUNZE15-15,26SEP28PHICHI,Rome Odunze,11620,WR,receiving yards,THRESHOLD,15+,40.82,0.7629,0.66,0.70,0.34,150,18,
KXNFLRECYDS-26SEP28PHICHI-CHIKRAYMOND14-80,26SEP28PHICHI,Kalif Raymond,3634,WR,receiving yards,THRESHOLD,80+,27.96,0.0507,0.03,0.06,0.97,5077,25,
KXNFLRECYDS-26SEP28PHICHI-CHIKRAYMOND14-70,26SEP28PHICHI,Kalif Raymond,3634,WR,receiving yards,THRESHOLD,70+,27.96,0.0724,0.04,0.09,0.96,5460,25,
KXNFLRECYDS-26SEP28PHICHI-CHIKRAYMOND14-60,26SEP28PHICHI,Kalif Raymond,3634,WR,receiving yards,THRESHOLD,60+,27.96,0.1090,0.09,0.14,0.91,5460,375,
KXNFLRECYDS-26SEP28PHICHI-CHIKRAYMOND14-50,26SEP28PHICHI,Kalif Raymond,3634,WR,receiving yards,THRESHOLD,50+,27.96,0.1772,0.16,0.21,0.84,9630,38,
KXNFLRECYDS-26SEP28PHICHI-CHIKRAYMOND14-40,26SEP28PHICHI,Kalif Raymond,3634,WR,receiving yards,THRESHOLD,40+,27.96,0.2521,0.25,0.29,0.75,760,26,
KXNFLRECYDS-26SEP28PHICHI-CHIKRAYMOND14-25,26SEP28PHICHI,Kalif Raymond,3634,WR,receiving yards,THRESHOLD,25+,27.96,0.4201,0.47,0.50,0.53,63,200,
KXNFLRECYDS-26SEP28PHICHI-CHIKRAYMOND14-15,26SEP28PHICHI,Kalif Raymond,3634,WR,receiving yards,THRESHOLD,15+,27.96,0.5865,0.64,0.69,0.36,119,26,
KXNFLRECYDS-26SEP28PHICHI-CHILBURDEN10-90,26SEP28PHICHI,Luther Burden III,12519,WR,receiving yards,THRESHOLD,90+,47.56,0.1140,0.04,0.10,0.96,6660,28,
KXNFLRECYDS-26SEP28PHICHI-CHILBURDEN10-80,26SEP28PHICHI,Luther Burden III,12519,WR,receiving yards,THRESHOLD,80+,47.56,0.1506,0.07,0.12,0.93,47,25,
KXNFLRECYDS-26SEP28PHICHI-CHILBURDEN10-70,26SEP28PHICHI,Luther Burden III,12519,WR,receiving yards,THRESHOLD,70+,47.56,0.2138,0.13,0.16,0.87,11,127,
KXNFLRECYDS-26SEP28PHICHI-CHILBURDEN10-60,26SEP28PHICHI,Luther Burden III,12519,WR,receiving yards,THRESHOLD,60+,47.56,0.2887,0.19,0.24,0.81,38,28,
KXNFLRECYDS-26SEP28PHICHI-CHILBURDEN10-50,26SEP28PHICHI,Luther Burden III,12519,WR,receiving yards,THRESHOLD,50+,47.56,0.3769,0.28,0.34,0.72,760,60,
KXNFLRECYDS-26SEP28PHICHI-CHILBURDEN10-40,26SEP28PHICHI,Luther Burden III,12519,WR,receiving yards,THRESHOLD,40+,47.56,0.5200,0.40,0.44,0.60,24,784,
KXNFLRECYDS-26SEP28PHICHI-CHILBURDEN10-25,26SEP28PHICHI,Luther Burden III,12519,WR,receiving yards,THRESHOLD,25+,47.56,0.6880,0.63,0.64,0.37,66,33,
KXNFLRECYDS-26SEP28PHICHI-CHILBURDEN10-15,26SEP28PHICHI,Luther Burden III,12519,WR,receiving yards,THRESHOLD,15+,47.56,0.8245,0.76,0.77,0.24,11,25,
KXNFLRECYDS-26SEP28PHICHI-CHICLOVELAND84-100,26SEP28PHICHI,Colston Loveland,12517,TE,receiving yards,THRESHOLD,100+,38.29,0.0291,0.03,0.06,0.97,86,24,
KXNFLRECYDS-26SEP28PHICHI-CHICLOVELAND84-90,26SEP28PHICHI,Colston Loveland,12517,TE,receiving yards,THRESHOLD,90+,38.29,0.0474,0.06,0.09,0.94,5445,5,
KXNFLRECYDS-26SEP28PHICHI-CHICLOVELAND84-80,26SEP28PHICHI,Colston Loveland,12517,TE,receiving yards,THRESHOLD,80+,38.29,0.0691,0.07,0.12,0.93,69,60,
KXNFLRECYDS-26SEP28PHICHI-CHICLOVELAND84-70,26SEP28PHICHI,Colston Loveland,12517,TE,receiving yards,THRESHOLD,70+,38.29,0.1173,0.12,0.17,0.88,130,166,
KXNFLRECYDS-26SEP28PHICHI-CHICLOVELAND84-60,26SEP28PHICHI,Colston Loveland,12517,TE,receiving yards,THRESHOLD,60+,38.29,0.1972,0.20,0.22,0.80,25,138,
KXNFLRECYDS-26SEP28PHICHI-CHICLOVELAND84-50,26SEP28PHICHI,Colston Loveland,12517,TE,receiving yards,THRESHOLD,50+,38.29,0.2704,0.31,0.33,0.69,48,1800,
KXNFLRECYDS-26SEP28PHICHI-CHICLOVELAND84-40,26SEP28PHICHI,Colston Loveland,12517,TE,receiving yards,THRESHOLD,40+,38.29,0.3885,0.42,0.45,0.58,51,28,
KXNFLRECYDS-26SEP28PHICHI-CHICLOVELAND84-25,26SEP28PHICHI,Colston Loveland,12517,TE,receiving yards,THRESHOLD,25+,38.29,0.6348,0.63,0.66,0.37,128,300,
KXNFLRECYDS-26SEP28PHICHI-CHICLOVELAND84-15,26SEP28PHICHI,Colston Loveland,12517,TE,receiving yards,THRESHOLD,15+,38.29,0.7696,0.78,0.79,0.22,119,1300,
KXNFLRECYDS-26SEP27LARDEN-LARDADAMS17-160,26SEP27LARDEN,Davante Adams,2133,WR,receiving yards,THRESHOLD,160+,64.11,0.0141,0.02,0.05,0.98,4800,125,
KXNFLRECYDS-26SEP27LARDEN-LARDADAMS17-150,26SEP27LARDEN,Davante Adams,2133,WR,receiving yards,THRESHOLD,150+,64.11,0.0225,0.02,0.06,0.98,25,131,
KXNFLRECYDS-26SEP27LARDEN-LARDADAMS17-140,26SEP27LARDEN,Davante Adams,2133,WR,receiving yards,THRESHOLD,140+,64.11,0.0374,0.03,0.09,0.97,8570,25,
KXNFLRECYDS-26SEP27LARDEN-LARDADAMS17-130,26SEP27LARDEN,Davante Adams,2133,WR,receiving yards,THRESHOLD,130+,64.11,0.0524,0.06,0.11,0.94,1883,61,
KXNFLRECYDS-26SEP27LARDEN-LARDADAMS17-120,26SEP27LARDEN,Davante Adams,2133,WR,receiving yards,THRESHOLD,120+,64.11,0.0724,0.09,0.15,0.91,760,25,
KXNFLRECYDS-26SEP27LARDEN-LARDADAMS17-110,26SEP27LARDEN,Davante Adams,2133,WR,receiving yards,THRESHOLD,110+,64.11,0.1007,0.16,0.19,0.84,35,18,
KXNFLRECYDS-26SEP27LARDEN-LARDADAMS17-100,26SEP27LARDEN,Davante Adams,2133,WR,receiving yards,THRESHOLD,100+,64.11,0.1556,0.23,0.26,0.77,53,1,
KXNFLRECYDS-26SEP27LARDEN-LARDADAMS17-90,26SEP27LARDEN,Davante Adams,2133,WR,receiving yards,THRESHOLD,90+,64.11,0.2055,0.30,0.31,0.70,25,13,
KXNFLRECYDS-26SEP27LARDEN-LARDADAMS17-80,26SEP27LARDEN,Davante Adams,2133,WR,receiving yards,THRESHOLD,80+,64.11,0.2604,0.39,0.41,0.61,50,12,
KXNFLRECYDS-26SEP27LARDEN-LARDADAMS17-70,26SEP27LARDEN,Davante Adams,2133,WR,receiving yards,THRESHOLD,70+,64.11,0.3403,0.49,0.50,0.51,78,1,
KXNFLRECYDS-26SEP27LARDEN-LARDADAMS17-60,26SEP27LARDEN,Davante Adams,2133,WR,receiving yards,THRESHOLD,60+,64.11,0.4418,0.60,0.62,0.40,140,100,
KXNFLRECYDS-26SEP27LARDEN-LARDADAMS17-50,26SEP27LARDEN,Davante Adams,2133,WR,receiving yards,THRESHOLD,50+,64.11,0.5549,0.67,0.71,0.33,148,27,
KXNFLRECYDS-26SEP27LARDEN-LARDADAMS17-40,26SEP27LARDEN,Davante Adams,2133,WR,receiving yards,THRESHOLD,40+,64.11,0.6714,0.75,0.80,0.25,260,27,
KXNFLRECYDS-26SEP27ARISF-ARIJLOVE4-60,26SEP27ARISF,Jeremiyah Love,13287,RB,receiving yards,THRESHOLD,60+,24.68,0.0624,0.05,0.06,0.95,11650,30,
KXNFLRECYDS-26SEP27ARISF-ARIJLOVE4-50,26SEP27ARISF,Jeremiyah Love,13287,RB,receiving yards,THRESHOLD,50+,24.68,0.0957,0.05,0.08,0.95,959,25,
KXNFLRECYDS-26SEP27ARISF-ARIJLOVE4-40,26SEP27ARISF,Jeremiyah Love,13287,RB,receiving yards,THRESHOLD,40+,24.68,0.1705,0.11,0.12,0.89,2,108,
KXNFLRECYDS-26SEP27ARISF-ARIJLOVE4-25,26SEP27ARISF,Jeremiyah Love,13287,RB,receiving yards,THRESHOLD,25+,24.68,0.3602,0.28,0.29,0.72,11408,66,
KXNFLRECYDS-26SEP27ARISF-ARIJLOVE4-15,26SEP27ARISF,Jeremiyah Love,13287,RB,receiving yards,THRESHOLD,15+,24.68,0.5765,0.50,0.51,0.50,2974,519,
KXNFLRECYDS-26SEP27SEAWAS-SEACKUPP10-80,26SEP27SEAWAS,Cooper Kupp,4039,WR,receiving yards,THRESHOLD,80+,35.24,0.0707,0.02,0.05,0.98,14417,225,
KXNFLRECYDS-26SEP27ARISF-ARIKBOURNE17-70,26SEP27ARISF,Kendrick Bourne,4454,WR,receiving yards,THRESHOLD,70+,26.23,0.0591,0.06,0.08,0.94,11069,3,
KXNFLRECYDS-26SEP27SEAWAS-SEACKUPP10-70,26SEP27SEAWAS,Cooper Kupp,4039,WR,receiving yards,THRESHOLD,70+,35.24,0.1057,0.04,0.07,0.96,16250,125,
KXNFLRECYDS-26SEP27ARISF-ARIKBOURNE17-60,26SEP27ARISF,Kendrick Bourne,4454,WR,receiving yards,THRESHOLD,60+,26.23,0.0973,0.11,0.12,0.89,10606,199,
KXNFLRECYDS-26SEP27SEAWAS-SEACKUPP10-60,26SEP27SEAWAS,Cooper Kupp,4039,WR,receiving yards,THRESHOLD,60+,35.24,0.1722,0.07,0.10,0.93,10500,125,
KXNFLRECYDS-26SEP27ARISF-ARIKBOURNE17-50,26SEP27ARISF,Kendrick Bourne,4454,WR,receiving yards,THRESHOLD,50+,26.23,0.1705,0.17,0.18,0.83,11240,325,
KXNFLRECYDS-26SEP27SEAWAS-SEACKUPP10-50,26SEP27SEAWAS,Cooper Kupp,4039,WR,receiving yards,THRESHOLD,50+,35.24,0.2537,0.13,0.16,0.87,16600,298,
KXNFLRECYDS-26SEP27ARISF-ARIKBOURNE17-40,26SEP27ARISF,Kendrick Bourne,4454,WR,receiving yards,THRESHOLD,40+,26.23,0.2537,0.25,0.28,0.75,10695,92,
KXNFLRECYDS-26SEP27SEAWAS-SEACKUPP10-40,26SEP27SEAWAS,Cooper Kupp,4039,WR,receiving yards,THRESHOLD,40+,35.24,0.3319,0.22,0.25,0.78,1000,191,
KXNFLRECYDS-26SEP27ARISF-ARIKBOURNE17-25,26SEP27ARISF,Kendrick Bourne,4454,WR,receiving yards,THRESHOLD,25+,26.23,0.4151,0.48,0.49,0.52,11980,555,
KXNFLRECYDS-26SEP27SEAWAS-SEACKUPP10-25,26SEP27SEAWAS,Cooper Kupp,4039,WR,receiving yards,THRESHOLD,25+,35.24,0.5200,0.42,0.45,0.58,2812,38,
KXNFLRECYDS-26SEP27ARISF-ARIKBOURNE17-15,26SEP27ARISF,Kendrick Bourne,4454,WR,receiving yards,THRESHOLD,15+,26.23,0.5699,0.63,0.65,0.37,1,13,
KXNFLRECYDS-26SEP27SEAWAS-SEACKUPP10-15,26SEP27SEAWAS,Cooper Kupp,4039,WR,receiving yards,THRESHOLD,15+,35.24,0.6830,0.59,0.60,0.41,9,3175,
KXNFLRECYDS-26SEP28PHICHI-PHIMLEMON9-90,26SEP28PHICHI,Makai Lemon,13294,WR,receiving yards,THRESHOLD,90+,26.06,0.0324,0.02,0.06,0.98,25,125,
KXNFLRECYDS-26SEP28PHICHI-PHIMLEMON9-80,26SEP28PHICHI,Makai Lemon,13294,WR,receiving yards,THRESHOLD,80+,26.06,0.0474,0.04,0.09,0.96,25,25,
KXNFLRECYDS-26SEP28PHICHI-PHIMLEMON9-70,26SEP28PHICHI,Makai Lemon,13294,WR,receiving yards,THRESHOLD,70+,26.06,0.0624,0.07,0.12,0.93,25,25,
KXNFLRECYDS-26SEP27HOUIND-HOUJWAYNE17-60,26SEP27HOUIND,Jared Wayne,11056,WR,receiving yards,THRESHOLD,60+,16.59,0.0574,0.07,0.08,0.93,12016,5,
KXNFLRECYDS-26SEP28PHICHI-PHIMLEMON9-60,26SEP28PHICHI,Makai Lemon,13294,WR,receiving yards,THRESHOLD,60+,26.06,0.1040,0.12,0.16,0.88,306,25,
KXNFLRECYDS-26SEP27HOUIND-HOUJWAYNE17-50,26SEP27HOUIND,Jared Wayne,11056,WR,receiving yards,THRESHOLD,50+,16.59,0.0840,0.10,0.12,0.90,5,311,
KXNFLRECYDS-26SEP28PHICHI-PHIMLEMON9-50,26SEP28PHICHI,Makai Lemon,13294,WR,receiving yards,THRESHOLD,50+,26.06,0.1722,0.21,0.24,0.79,760,13,
KXNFLRECYDS-26SEP27HOUIND-HOUJWAYNE17-40,26SEP27HOUIND,Jared Wayne,11056,WR,receiving yards,THRESHOLD,40+,16.59,0.1489,0.17,0.18,0.83,25,306,
KXNFLRECYDS-26SEP28PHICHI-PHIMLEMON9-40,26SEP28PHICHI,Makai Lemon,13294,WR,receiving yards,THRESHOLD,40+,26.06,0.2571,0.29,0.32,0.71,5,105,
KXNFLRECYDS-26SEP27HOUIND-HOUJWAYNE17-25,26SEP27HOUIND,Jared Wayne,11056,WR,receiving yards,THRESHOLD,25+,16.59,0.2820,0.33,0.34,0.67,75,425,
KXNFLRECYDS-26SEP28PHICHI-PHIMLEMON9-25,26SEP28PHICHI,Makai Lemon,13294,WR,receiving yards,THRESHOLD,25+,26.06,0.4151,0.55,0.56,0.45,6851,2006,
KXNFLRECYDS-26SEP27HOUIND-HOUJWAYNE17-15,26SEP27HOUIND,Jared Wayne,11056,WR,receiving yards,THRESHOLD,15+,16.59,0.4101,0.49,0.50,0.51,135,2000,
KXNFLRECYDS-26SEP28PHICHI-PHIMLEMON9-15,26SEP28PHICHI,Makai Lemon,13294,WR,receiving yards,THRESHOLD,15+,26.06,0.5649,0.64,0.68,0.36,79,84,
KXNFLRECYDS-26SEP27HOUIND-INDDSLAYTON11-60,26SEP27HOUIND,Darius Slayton,6149,WR,receiving yards,THRESHOLD,60+,11.11,0.0391,0.03,0.05,0.97,2500,25,
KXNFLRECYDS-26SEP27HOUIND-INDDSLAYTON11-50,26SEP27HOUIND,Darius Slayton,6149,WR,receiving yards,THRESHOLD,50+,11.11,0.0707,0.06,0.08,0.94,1136,106,
KXNFLRECYDS-26SEP27HOUIND-INDDSLAYTON11-40,26SEP27HOUIND,Darius Slayton,6149,WR,receiving yards,THRESHOLD,40+,11.11,0.0990,0.13,0.14,0.87,4900,4,
KXNFLRECYDS-26SEP27HOUIND-INDDSLAYTON11-25,26SEP27HOUIND,Darius Slayton,6149,WR,receiving yards,THRESHOLD,25+,11.11,0.1972,0.26,0.27,0.74,5000,2,
KXNFLRECYDS-26SEP27HOUIND-INDDSLAYTON11-15,26SEP27HOUIND,Darius Slayton,6149,WR,receiving yards,THRESHOLD,15+,11.11,0.2804,0.41,0.42,0.59,1060,513,
KXNFLRECYDS-26SEP27HOUIND-INDLTREADWELL13-70,26SEP27HOUIND,Laquon Treadwell,3155,WR,receiving yards,THRESHOLD,70+,20.88,0.0408,0.04,0.07,0.96,7000,25,
KXNFLRECYDS-26SEP27HOUIND-INDLTREADWELL13-60,26SEP27HOUIND,Laquon Treadwell,3155,WR,receiving yards,THRESHOLD,60+,20.88,0.0657,0.07,0.10,0.93,2500,25,
KXNFLRECYDS-26SEP27HOUIND-INDLTREADWELL13-50,26SEP27HOUIND,Laquon Treadwell,3155,WR,receiving yards,THRESHOLD,50+,20.88,0.1156,0.13,0.14,0.87,2087,70,
KXNFLRECYDS-26SEP27HOUIND-INDLTREADWELL13-40,26SEP27HOUIND,Laquon Treadwell,3155,WR,receiving yards,THRESHOLD,40+,20.88,0.1722,0.20,0.21,0.80,2265,36,
KXNFLRECYDS-26SEP27HOUIND-INDLTREADWELL13-25,26SEP27HOUIND,Laquon Treadwell,3155,WR,receiving yards,THRESHOLD,25+,20.88,0.3087,0.37,0.39,0.63,1000,31,
KXNFLRECYDS-26SEP27HOUIND-INDLTREADWELL13-15,26SEP27HOUIND,Laquon Treadwell,3155,WR,receiving yards,THRESHOLD,15+,20.88,0.4484,0.54,0.55,0.46,12542,196,
KXNFLRECYDS-26SEP27BALDAL-BALLWESTER10-80,26SEP27BALDAL,LaJohntay Wester,12699,WR,receiving yards,THRESHOLD,80+,11.43,0.0175,0.02,0.06,0.98,6120,125,
KXNFLRECYDS-26SEP27BALDAL-BALLWESTER10-70,26SEP27BALDAL,LaJohntay Wester,12699,WR,receiving yards,THRESHOLD,70+,11.43,0.0258,0.03,0.08,0.97,25,487,
KXNFLRECYDS-26SEP27BALDAL-BALLWESTER10-60,26SEP27BALDAL,LaJohntay Wester,12699,WR,receiving yards,THRESHOLD,60+,11.43,0.0374,0.06,0.10,0.94,2,576,
KXNFLRECYDS-26SEP27BALDAL-BALLWESTER10-50,26SEP27BALDAL,LaJohntay Wester,12699,WR,receiving yards,THRESHOLD,50+,11.43,0.0691,0.12,0.14,0.88,200,171,
KXNFLRECYDS-26SEP27BALDAL-BALLWESTER10-40,26SEP27BALDAL,LaJohntay Wester,12699,WR,receiving yards,THRESHOLD,40+,11.43,0.0973,0.20,0.22,0.80,95,321,
KXNFLRECYDS-26SEP27BALDAL-BALLWESTER10-25,26SEP27BALDAL,LaJohntay Wester,12699,WR,receiving yards,THRESHOLD,25+,11.43,0.1889,0.37,0.39,0.63,1,300,
KXNFLRECYDS-26SEP27BALDAL-BALLWESTER10-15,26SEP27BALDAL,LaJohntay Wester,12699,WR,receiving yards,THRESHOLD,15+,11.43,0.2720,0.54,0.56,0.46,1643,100,
KXNFLRECYDS-26SEP27BALDAL-BALMANDREWS89-130,26SEP27BALDAL,Mark Andrews,5012,TE,receiving yards,THRESHOLD,130+,50.48,0.0175,0.02,0.04,0.98,6200,50,
KXNFLRECYDS-26SEP27BALDAL-BALMANDREWS89-120,26SEP27BALDAL,Mark Andrews,5012,TE,receiving yards,THRESHOLD,120+,50.48,0.0258,0.02,0.05,0.98,6088,50,
KXNFLRECYDS-26SEP27BALDAL-BALMANDREWS89-110,26SEP27BALDAL,Mark Andrews,5012,TE,receiving yards,THRESHOLD,110+,50.48,0.0424,0.02,0.07,0.98,6416,50,
KXNFLRECYDS-26SEP27BALDAL-BALMANDREWS89-100,26SEP27BALDAL,Mark Andrews,5012,TE,receiving yards,THRESHOLD,100+,50.48,0.0624,0.03,0.06,0.97,37,37,
KXNFLRECYDS-26SEP27BALDAL-BALMANDREWS89-90,26SEP27BALDAL,Mark Andrews,5012,TE,receiving yards,THRESHOLD,90+,50.48,0.0973,0.09,0.10,0.91,2442,347,
KXNFLRECYDS-26SEP27BALDAL-BALMANDREWS89-80,26SEP27BALDAL,Mark Andrews,5012,TE,receiving yards,THRESHOLD,80+,50.48,0.1506,0.13,0.14,0.87,2507,464,
KXNFLRECYDS-26SEP27BALDAL-BALMANDREWS89-70,26SEP27BALDAL,Mark Andrews,5012,TE,receiving yards,THRESHOLD,70+,50.48,0.2171,0.18,0.19,0.82,3347,877,
KXNFLRECYDS-26SEP27BALDAL-BALMANDREWS89-60,26SEP27BALDAL,Mark Andrews,5012,TE,receiving yards,THRESHOLD,60+,50.48,0.3020,0.26,0.27,0.74,2364,14,
KXNFLRECYDS-26SEP27MINTB-MINJOLIVER84-50,26SEP27MINTB,Josh Oliver,5973,TE,receiving yards,THRESHOLD,50+,10.46,0.0241,0.02,0.06,0.98,7227,1650,
KXNFLRECYDS-26SEP27BALDAL-BALMANDREWS89-50,26SEP27BALDAL,Mark Andrews,5012,TE,receiving yards,THRESHOLD,50+,50.48,0.3902,0.36,0.37,0.64,3350,134,
KXNFLRECYDS-26SEP27MINTB-MINJOLIVER84-40,26SEP27MINTB,Josh Oliver,5973,TE,receiving yards,THRESHOLD,40+,10.46,0.0557,0.07,0.10,0.93,15500,25,
KXNFLRECYDS-26SEP27BALDAL-BALMANDREWS89-40,26SEP27BALDAL,Mark Andrews,5012,TE,receiving yards,THRESHOLD,40+,50.48,0.5283,0.49,0.50,0.51,663,166,
KXNFLRECYDS-26SEP27MINTB-MINJOLIVER84-25,26SEP27MINTB,Josh Oliver,5973,TE,receiving yards,THRESHOLD,25+,10.46,0.1356,0.20,0.23,0.80,765,25,
KXNFLRECYDS-26SEP27BALDAL-BALMANDREWS89-25,26SEP27BALDAL,Mark Andrews,5012,TE,receiving yards,THRESHOLD,25+,50.48,0.7446,0.69,0.70,0.31,96,3,
KXNFLRECYDS-26SEP27HOUIND-HOUWMARKS4-50,26SEP27HOUIND,Woody Marks,12474,RB,receiving yards,THRESHOLD,50+,13.14,0.0408,0.02,0.05,0.98,6000,50,
KXNFLRECYDS-26SEP27MINTB-MINJOLIVER84-15,26SEP27MINTB,Josh Oliver,5973,TE,receiving yards,THRESHOLD,15+,10.46,0.2903,0.38,0.41,0.62,1635,27,
KXNFLRECYDS-26SEP27BALDAL-BALMANDREWS89-15,26SEP27BALDAL,Mark Andrews,5012,TE,receiving yards,THRESHOLD,15+,50.48,0.8844,0.80,0.83,0.20,171,26,
KXNFLRECYDS-26SEP27HOUIND-HOUWMARKS4-40,26SEP27HOUIND,Woody Marks,12474,RB,receiving yards,THRESHOLD,40+,13.14,0.0740,0.05,0.08,0.95,4700,74,
KXNFLRECYDS-26SEP27MINTB-MINJJENNINGS14-60,26SEP27MINTB,Jauan Jennings,7049,WR,receiving yards,THRESHOLD,60+,28.06,0.1123,0.05,0.06,0.95,5800,30,
KXNFLRECYDS-26SEP27HOUIND-HOUWMARKS4-25,26SEP27HOUIND,Woody Marks,12474,RB,receiving yards,THRESHOLD,25+,13.14,0.2005,0.19,0.22,0.81,6503,26,
KXNFLRECYDS-26SEP27MINTB-MINJJENNINGS14-50,26SEP27MINTB,Jauan Jennings,7049,WR,receiving yards,THRESHOLD,50+,28.06,0.1755,0.06,0.09,0.94,6868,630,
KXNFLRECYDS-26SEP27TENNYG-NYGMNABERS1-130,26SEP27TENNYG,Malik Nabers,11632,WR,receiving yards,THRESHOLD,130+,59.88,0.0458,0.03,0.06,0.97,15100,115,
KXNFLRECYDS-26SEP27HOUIND-HOUWMARKS4-15,26SEP27HOUIND,Woody Marks,12474,RB,receiving yards,THRESHOLD,15+,13.14,0.3519,0.38,0.41,0.62,2650,170,
KXNFLRECYDS-26SEP27MINTB-MINJJENNINGS14-40,26SEP27MINTB,Jauan Jennings,7049,WR,receiving yards,THRESHOLD,40+,28.06,0.2521,0.14,0.15,0.86,6035,228,
KXNFLRECYDS-26SEP27HOUIND-HOUDMONTGOMERY32-50,26SEP27HOUIND,David Montgomery,5892,RB,receiving yards,THRESHOLD,50+,15.38,0.0557,0.02,0.04,0.98,9600,125,
KXNFLRECYDS-26SEP27TENNYG-NYGMNABERS1-120,26SEP27TENNYG,Malik Nabers,11632,WR,receiving yards,THRESHOLD,120+,59.88,0.0691,0.04,0.08,0.96,29750,25,
KXNFLRECYDS-26SEP27MINTB-MINJJENNINGS14-25,26SEP27MINTB,Jauan Jennings,7049,WR,receiving yards,THRESHOLD,25+,28.06,0.4218,0.30,0.31,0.70,991,2,
KXNFLRECYDS-26SEP27HOUIND-HOUDMONTGOMERY32-40,26SEP27HOUIND,David Montgomery,5892,RB,receiving yards,THRESHOLD,40+,15.38,0.0907,0.04,0.07,0.96,7300,25,
KXNFLRECYDS-26SEP27TENNYG-NYGMNABERS1-110,26SEP27TENNYG,Malik Nabers,11632,WR,receiving yards,THRESHOLD,110+,59.88,0.1173,0.07,0.11,0.93,27333,125,
KXNFLRECYDS-26SEP27MINTB-MINJJENNINGS14-15,26SEP27MINTB,Jauan Jennings,7049,WR,receiving yards,THRESHOLD,15+,28.06,0.5882,0.49,0.50,0.51,2000,2077,
KXNFLRECYDS-26SEP27HOUIND-HOUDMONTGOMERY32-25,26SEP27HOUIND,David Montgomery,5892,RB,receiving yards,THRESHOLD,25+,15.38,0.2354,0.15,0.16,0.85,2549,30,
KXNFLRECYDS-26SEP27TENNYG-NYGMNABERS1-100,26SEP27TENNYG,Malik Nabers,11632,WR,receiving yards,THRESHOLD,100+,59.88,0.1589,0.12,0.13,0.88,1174,5,
KXNFLRECYDS-26SEP27HOUIND-HOUDMONTGOMERY32-15,26SEP27HOUIND,David Montgomery,5892,RB,receiving yards,THRESHOLD,15+,15.38,0.4151,0.33,0.35,0.67,6518,25,
KXNFLRECYDS-26SEP27TENNYG-NYGMNABERS1-90,26SEP27TENNYG,Malik Nabers,11632,WR,receiving yards,THRESHOLD,90+,59.88,0.2105,0.18,0.19,0.82,104,4,
KXNFLRECYDS-26SEP27TENNYG-NYGMNABERS1-80,26SEP27TENNYG,Malik Nabers,11632,WR,receiving yards,THRESHOLD,80+,59.88,0.2671,0.24,0.25,0.76,551,1,
KXNFLRECYDS-26SEP27TENNYG-NYGMNABERS1-70,26SEP27TENNYG,Malik Nabers,11632,WR,receiving yards,THRESHOLD,70+,59.88,0.3569,0.33,0.34,0.67,11035,25,
KXNFLRECYDS-26SEP27TENNYG-NYGMNABERS1-60,26SEP27TENNYG,Malik Nabers,11632,WR,receiving yards,THRESHOLD,60+,59.88,0.4451,0.42,0.43,0.58,85,31,
KXNFLRECYDS-26SEP27TENNYG-NYGMNABERS1-50,26SEP27TENNYG,Malik Nabers,11632,WR,receiving yards,THRESHOLD,50+,59.88,0.5383,0.53,0.54,0.47,2083,6,
KXNFLRECYDS-26SEP27TENNYG-NYGMNABERS1-40,26SEP27TENNYG,Malik Nabers,11632,WR,receiving yards,THRESHOLD,40+,59.88,0.6331,0.64,0.66,0.36,63,20,
KXNFLRECYDS-26SEP27TENNYG-NYGMNABERS1-25,26SEP27TENNYG,Malik Nabers,11632,WR,receiving yards,THRESHOLD,25+,59.88,0.7845,0.79,0.82,0.21,4621,300,
KXNFLRECYDS-26SEP27MINTB-TBKGAINWELL1-50,26SEP27MINTB,Kenny Gainwell,7567,RB,receiving yards,THRESHOLD,50+,12.96,0.0441,0.05,0.06,0.95,5680,30,
KXNFLRECYDS-26SEP27MINTB-TBKGAINWELL1-40,26SEP27MINTB,Kenny Gainwell,7567,RB,receiving yards,THRESHOLD,40+,12.96,0.0790,0.05,0.07,0.95,980,6,
KXNFLRECYDS-26SEP27MINTB-TBKGAINWELL1-25,26SEP27MINTB,Kenny Gainwell,7567,RB,receiving yards,THRESHOLD,25+,12.96,0.2105,0.17,0.19,0.83,16714,3,
KXNFLRECYDS-26SEP27MINTB-TBKGAINWELL1-15,26SEP27MINTB,Kenny Gainwell,7567,RB,receiving yards,THRESHOLD,15+,12.96,0.3552,0.35,0.36,0.65,29,14,
KXNFLRECYDS-26SEP27MINTB-TBBIRVING7-60,26SEP27MINTB,Bucky Irving,11584,RB,receiving yards,THRESHOLD,60+,23.41,0.0507,0.03,0.05,0.97,5800,25,
KXNFLRECYDS-26SEP27LARDEN-DENEENGRAM1-70,26SEP27LARDEN,Evan Engram,4066,TE,receiving yards,THRESHOLD,70+,21.41,0.0424,0.02,0.06,0.98,25,100,
KXNFLRECYDS-26SEP27MINTB-TBBIRVING7-50,26SEP27MINTB,Bucky Irving,11584,RB,receiving yards,THRESHOLD,50+,23.41,0.0691,0.05,0.08,0.95,14500,25,
KXNFLRECYDS-26SEP27LARDEN-DENEENGRAM1-60,26SEP27LARDEN,Evan Engram,4066,TE,receiving yards,THRESHOLD,60+,21.41,0.0691,0.04,0.09,0.96,10000,25,
KXNFLRECYDS-26SEP27MINTB-TBBIRVING7-40,26SEP27MINTB,Bucky Irving,11584,RB,receiving yards,THRESHOLD,40+,23.41,0.1273,0.10,0.14,0.90,16000,25,
KXNFLRECYDS-26SEP27LARDEN-DENEENGRAM1-50,26SEP27LARDEN,Evan Engram,4066,TE,receiving yards,THRESHOLD,50+,21.41,0.1206,0.10,0.14,0.90,10760,5000,
KXNFLRECYDS-26SEP27MINTB-TBBIRVING7-25,26SEP27MINTB,Bucky Irving,11584,RB,receiving yards,THRESHOLD,25+,23.41,0.2903,0.30,0.32,0.70,201,2,
KXNFLRECYDS-26SEP27LARDEN-DENEENGRAM1-40,26SEP27LARDEN,Evan Engram,4066,TE,receiving yards,THRESHOLD,40+,21.41,0.1938,0.18,0.21,0.82,3,54,
KXNFLRECYDS-26SEP27MINTB-TBBIRVING7-15,26SEP27MINTB,Bucky Irving,11584,RB,receiving yards,THRESHOLD,15+,23.41,0.5133,0.52,0.53,0.48,341,267,
KXNFLRECYDS-26SEP27LARDEN-DENEENGRAM1-25,26SEP27LARDEN,Evan Engram,4066,TE,receiving yards,THRESHOLD,25+,21.41,0.3619,0.39,0.44,0.61,1785,31,
KXNFLRECYDS-26SEP27MINTB-TBJMCMILLAN11-70,26SEP27MINTB,Jalen McMillan,11618,WR,receiving yards,THRESHOLD,70+,10.23,0.0208,0.02,0.04,0.98,396,791,
KXNFLRECYDS-26SEP27LARDEN-DENEENGRAM1-15,26SEP27LARDEN,Evan Engram,4066,TE,receiving yards,THRESHOLD,15+,21.41,0.5366,0.60,0.64,0.40,11,300,
KXNFLRECYDS-26SEP27MINTB-TBJMCMILLAN11-60,26SEP27MINTB,Jalen McMillan,11618,WR,receiving yards,THRESHOLD,60+,10.23,0.0324,0.05,0.09,0.95,2500,125,
KXNFLRECYDS-26SEP27LARDEN-DENPBRYANT13-80,26SEP27LARDEN,Pat Bryant,12492,WR,receiving yards,THRESHOLD,80+,33.23,0.0724,0.03,0.06,0.97,25,33,
KXNFLRECYDS-26SEP27MINTB-TBJMCMILLAN11-50,26SEP27MINTB,Jalen McMillan,11618,WR,receiving yards,THRESHOLD,50+,10.23,0.0541,0.09,0.12,0.91,53,251,
KXNFLRECYDS-26SEP27LARDEN-DENPBRYANT13-70,26SEP27LARDEN,Pat Bryant,12492,WR,receiving yards,THRESHOLD,70+,33.23,0.1273,0.04,0.09,0.96,11642,25,
KXNFLRECYDS-26SEP27MINTB-TBJMCMILLAN11-40,26SEP27MINTB,Jalen McMillan,11618,WR,receiving yards,THRESHOLD,40+,10.23,0.0840,0.16,0.17,0.84,200,1,
KXNFLRECYDS-26SEP27LARDEN-DENPBRYANT13-60,26SEP27LARDEN,Pat Bryant,12492,WR,receiving yards,THRESHOLD,60+,33.23,0.2055,0.09,0.13,0.91,10760,448,
KXNFLRECYDS-26SEP27MINTB-TBJMCMILLAN11-25,26SEP27MINTB,Jalen McMillan,11618,WR,receiving yards,THRESHOLD,25+,10.23,0.1772,0.30,0.32,0.70,200,2,
KXNFLRECYDS-26SEP27LARDEN-DENPBRYANT13-50,26SEP27LARDEN,Pat Bryant,12492,WR,receiving yards,THRESHOLD,50+,33.23,0.2787,0.16,0.20,0.84,13413,522,
KXNFLRECYDS-26SEP27MINTB-TBJMCMILLAN11-15,26SEP27MINTB,Jalen McMillan,11618,WR,receiving yards,THRESHOLD,15+,10.23,0.2737,0.49,0.51,0.51,20748,16,
KXNFLRECYDS-26SEP27LARDEN-DENPBRYANT13-40,26SEP27LARDEN,Pat Bryant,12492,WR,receiving yards,THRESHOLD,40+,33.23,0.3586,0.26,0.28,0.74,975,27,
KXNFLRECYDS-26SEP27MINTB-TBTHURST17-80,26SEP27MINTB,Ted Hurst III,13317,WR,receiving yards,THRESHOLD,80+,27.13,0.0574,0.04,0.08,0.96,14017,125,
KXNFLRECYDS-26SEP27LARDEN-DENPBRYANT13-25,26SEP27LARDEN,Pat Bryant,12492,WR,receiving yards,THRESHOLD,25+,33.23,0.5183,0.49,0.50,0.51,11,866,
KXNFLRECYDS-26SEP27MINTB-TBTHURST17-70,26SEP27MINTB,Ted Hurst III,13317,WR,receiving yards,THRESHOLD,70+,27.13,0.0757,0.07,0.10,0.93,20899,50,
KXNFLRECYDS-26SEP27LARDEN-DENPBRYANT13-15,26SEP27LARDEN,Pat Bryant,12492,WR,receiving yards,THRESHOLD,15+,33.23,0.6664,0.65,0.69,0.35,177,42,
KXNFLRECYDS-26SEP27MINTB-TBTHURST17-60,26SEP27MINTB,Ted Hurst III,13317,WR,receiving yards,THRESHOLD,60+,27.13,0.1140,0.11,0.14,0.89,20000,433,
KXNFLRECYDS-26SEP27MINTB-TBTHURST17-50,26SEP27MINTB,Ted Hurst III,13317,WR,receiving yards,THRESHOLD,50+,27.13,0.1822,0.18,0.21,0.82,520,423,
KXNFLRECYDS-26SEP27MINTB-TBTHURST17-40,26SEP27MINTB,Ted Hurst III,13317,WR,receiving yards,THRESHOLD,40+,27.13,0.2604,0.28,0.30,0.72,20,2,
KXNFLRECYDS-26SEP27MINTB-TBTHURST17-25,26SEP27MINTB,Ted Hurst III,13317,WR,receiving yards,THRESHOLD,25+,27.13,0.4135,0.48,0.51,0.52,13727,521,
KXNFLRECYDS-26SEP27MINTB-TBTHURST17-15,26SEP27MINTB,Ted Hurst III,13317,WR,receiving yards,THRESHOLD,15+,27.13,0.5732,0.64,0.65,0.36,69,3,
KXNFLRECYDS-26SEP27CARCLE-CARTTREMBLE82-50,26SEP27CARCLE,Tommy Tremble,7694,TE,receiving yards,THRESHOLD,50+,10.26,0.0258,0.02,0.05,0.98,7311,50,
KXNFLRECYDS-26SEP27CARCLE-CARTTREMBLE82-40,26SEP27CARCLE,Tommy Tremble,7694,TE,receiving yards,THRESHOLD,40+,10.26,0.0541,0.05,0.07,0.95,1742,23,
KXNFLRECYDS-26SEP27CARCLE-CARTTREMBLE82-25,26SEP27CARCLE,Tommy Tremble,7694,TE,receiving yards,THRESHOLD,25+,10.26,0.1323,0.17,0.18,0.83,375,243,
KXNFLRECYDS-26SEP27CARCLE-CARTTREMBLE82-15,26SEP27CARCLE,Tommy Tremble,7694,TE,receiving yards,THRESHOLD,15+,10.26,0.2987,0.35,0.36,0.65,11000,23,
KXNFLRECYDS-26SEP27CARCLE-CARTTREMBLE82-10,26SEP27CARCLE,Tommy Tremble,7694,TE,receiving yards,THRESHOLD,10+,10.26,0.3802,0.49,0.50,0.51,2000,621,
KXNFLRECYDS-26SEP27BALDAL-BALRBATEMAN7-140,26SEP27BALDAL,Rashod Bateman,7571,WR,receiving yards,THRESHOLD,140+,50.46,0.0191,0.03,0.04,0.97,4700,22,
KXNFLRECYDS-26SEP27BALDAL-BALRBATEMAN7-130,26SEP27BALDAL,Rashod Bateman,7571,WR,receiving yards,THRESHOLD,130+,50.46,0.0258,0.03,0.05,0.97,63,21,
KXNFLRECYDS-26SEP27BALDAL-BALRBATEMAN7-120,26SEP27BALDAL,Rashod Bateman,7571,WR,receiving yards,THRESHOLD,120+,50.46,0.0324,0.03,0.06,0.97,25,25,
KXNFLRECYDS-26SEP27BALDAL-BALRBATEMAN7-110,26SEP27BALDAL,Rashod Bateman,7571,WR,receiving yards,THRESHOLD,110+,50.46,0.0557,0.05,0.08,0.95,25,25,
KXNFLRECYDS-26SEP27BALDAL-BALRBATEMAN7-100,26SEP27BALDAL,Rashod Bateman,7571,WR,receiving yards,THRESHOLD,100+,50.46,0.0740,0.09,0.11,0.91,263,8,
KXNFLRECYDS-26SEP27BALDAL-BALRBATEMAN7-90,26SEP27BALDAL,Rashod Bateman,7571,WR,receiving yards,THRESHOLD,90+,50.46,0.1206,0.11,0.14,0.89,200,40,
KXNFLRECYDS-26SEP27BALDAL-BALRBATEMAN7-80,26SEP27BALDAL,Rashod Bateman,7571,WR,receiving yards,THRESHOLD,80+,50.46,0.1755,0.17,0.20,0.83,66,1,
KXNFLRECYDS-26SEP27BALDAL-BALRBATEMAN7-70,26SEP27BALDAL,Rashod Bateman,7571,WR,receiving yards,THRESHOLD,70+,50.46,0.2488,0.24,0.26,0.76,49,2,
KXNFLRECYDS-26SEP27BALDAL-BALRBATEMAN7-60,26SEP27BALDAL,Rashod Bateman,7571,WR,receiving yards,THRESHOLD,60+,50.46,0.3120,0.31,0.32,0.69,21,803,
KXNFLRECYDS-26SEP27BALDAL-BALRBATEMAN7-50,26SEP27BALDAL,Rashod Bateman,7571,WR,receiving yards,THRESHOLD,50+,50.46,0.4118,0.43,0.45,0.57,397,1,
KXNFLRECYDS-26SEP27BALDAL-BALRBATEMAN7-40,26SEP27BALDAL,Rashod Bateman,7571,WR,receiving yards,THRESHOLD,40+,50.46,0.5549,0.53,0.55,0.47,316,21,
KXNFLRECYDS-26SEP27BALDAL-BALRBATEMAN7-25,26SEP27BALDAL,Rashod Bateman,7571,WR,receiving yards,THRESHOLD,25+,50.46,0.7280,0.66,0.73,0.34,127,2,
KXNFLRECYDS-26SEP27BALDAL-BALRBATEMAN7-15,26SEP27BALDAL,Rashod Bateman,7571,WR,receiving yards,THRESHOLD,15+,50.46,0.8361,0.83,0.84,0.17,338,3,
KXNFLRECYDS-26SEP27BALDAL-BALDHENRY22-60,26SEP27BALDAL,Derrick Henry,3198,RB,receiving yards,THRESHOLD,60+,14.85,0.0275,0.02,0.05,0.98,6300,50,
KXNFLRECYDS-26SEP27BALDAL-BALDHENRY22-50,26SEP27BALDAL,Derrick Henry,3198,RB,receiving yards,THRESHOLD,50+,14.85,0.0491,0.03,0.08,0.97,6878,25,
KXNFLRECYDS-26SEP27BALDAL-BALDHENRY22-40,26SEP27BALDAL,Derrick Henry,3198,RB,receiving yards,THRESHOLD,40+,14.85,0.0824,0.07,0.11,0.93,12949,25,
KXNFLRECYDS-26SEP27BALDAL-BALDHENRY22-25,26SEP27BALDAL,Derrick Henry,3198,RB,receiving yards,THRESHOLD,25+,14.85,0.2321,0.21,0.22,0.79,1319,1,
KXNFLRECYDS-26SEP27BALDAL-BALDHENRY22-15,26SEP27BALDAL,Derrick Henry,3198,RB,receiving yards,THRESHOLD,15+,14.85,0.3985,0.38,0.39,0.62,60,2,
KXNFLRECYDS-26SEP27BALDAL-BALDHENRY22-10,26SEP27BALDAL,Derrick Henry,3198,RB,receiving yards,THRESHOLD,10+,14.85,0.5466,0.50,0.51,0.50,70,30,
KXNFLRECYDS-26SEP27BALDAL-BALJHILL43-70,26SEP27BALDAL,Justice Hill,5995,RB,receiving yards,THRESHOLD,70+,18.18,0.0308,0.02,0.05,0.98,6254,50,
KXNFLRECYDS-26SEP27BALDAL-BALJHILL43-60,26SEP27BALDAL,Justice Hill,5995,RB,receiving yards,THRESHOLD,60+,18.18,0.0358,0.02,0.05,0.98,25,50,
KXNFLRECYDS-26SEP27BALDAL-BALJHILL43-50,26SEP27BALDAL,Justice Hill,5995,RB,receiving yards,THRESHOLD,50+,18.18,0.0674,0.04,0.09,0.96,11400,25,
KXNFLRECYDS-26SEP27BALDAL-BALJHILL43-40,26SEP27BALDAL,Justice Hill,5995,RB,receiving yards,THRESHOLD,40+,18.18,0.1190,0.09,0.12,0.91,10909,241,
KXNFLRECYDS-26SEP27KCMIA-MIAMWASHINGTON6-100,26SEP27KCMIA,Malik Washington,11610,WR,receiving yards,THRESHOLD,100+,40.09,0.0374,0.05,0.06,0.95,27256,30,
KXNFLRECYDS-26SEP27BALDAL-BALJHILL43-25,26SEP27BALDAL,Justice Hill,5995,RB,receiving yards,THRESHOLD,25+,18.18,0.2820,0.25,0.28,0.75,11000,2,
KXNFLRECYDS-26SEP27KCMIA-MIAMWASHINGTON6-90,26SEP27KCMIA,Malik Washington,11610,WR,receiving yards,THRESHOLD,90+,40.09,0.0591,0.04,0.08,0.96,20000,25,
KXNFLRECYDS-26SEP27BALDAL-BALJHILL43-15,26SEP27BALDAL,Justice Hill,5995,RB,receiving yards,THRESHOLD,15+,18.18,0.4667,0.44,0.45,0.56,2515,466,
KXNFLRECYDS-26SEP27KCMIA-MIAMWASHINGTON6-80,26SEP27KCMIA,Malik Washington,11610,WR,receiving yards,THRESHOLD,80+,40.09,0.0923,0.07,0.11,0.93,2123,438,
KXNFLRECYDS-26SEP27BALDAL-DALRFLOURNOY19-90,26SEP27BALDAL,Ryan Flournoy,11783,WR,receiving yards,THRESHOLD,90+,35.26,0.0474,0.02,0.05,0.98,2754,125,
KXNFLRECYDS-26SEP27KCMIA-MIAMWASHINGTON6-70,26SEP27KCMIA,Malik Washington,11610,WR,receiving yards,THRESHOLD,70+,40.09,0.1456,0.13,0.15,0.87,25,46,
KXNFLRECYDS-26SEP27BALDAL-DALRFLOURNOY19-80,26SEP27BALDAL,Ryan Flournoy,11783,WR,receiving yards,THRESHOLD,80+,35.26,0.0707,0.05,0.07,0.95,21100,30,
KXNFLRECYDS-26SEP27KCMIA-MIAMWASHINGTON6-60,26SEP27KCMIA,Malik Washington,11610,WR,receiving yards,THRESHOLD,60+,40.09,0.2155,0.20,0.24,0.80,21003,25,
KXNFLRECYDS-26SEP27BALDAL-DALRFLOURNOY19-70,26SEP27BALDAL,Ryan Flournoy,11783,WR,receiving yards,THRESHOLD,70+,35.26,0.1057,0.07,0.10,0.93,11500,25,
KXNFLRECYDS-26SEP27KCMIA-MIAMWASHINGTON6-50,26SEP27KCMIA,Malik Washington,11610,WR,receiving yards,THRESHOLD,50+,40.09,0.2903,0.31,0.33,0.69,32,114,
KXNFLRECYDS-26SEP27BALDAL-DALRFLOURNOY19-60,26SEP27BALDAL,Ryan Flournoy,11783,WR,receiving yards,THRESHOLD,60+,35.26,0.1722,0.13,0.14,0.87,11063,246,
KXNFLRECYDS-26SEP27KCMIA-MIAMWASHINGTON6-40,26SEP27KCMIA,Malik Washington,11610,WR,receiving yards,THRESHOLD,40+,40.09,0.4118,0.45,0.46,0.55,52,19,
KXNFLRECYDS-26SEP27BALDAL-DALRFLOURNOY19-50,26SEP27BALDAL,Ryan Flournoy,11783,WR,receiving yards,THRESHOLD,50+,35.26,0.2537,0.23,0.24,0.77,12351,100,
KXNFLRECYDS-26SEP27KCMIA-MIAMWASHINGTON6-25,26SEP27KCMIA,Malik Washington,11610,WR,receiving yards,THRESHOLD,25+,40.09,0.5982,0.65,0.67,0.35,11,26,
KXNFLRECYDS-26SEP27BALDAL-DALRFLOURNOY19-40,26SEP27BALDAL,Ryan Flournoy,11783,WR,receiving yards,THRESHOLD,40+,35.26,0.3319,0.35,0.36,0.65,12973,216,
KXNFLRECYDS-26SEP27KCMIA-MIAMWASHINGTON6-15,26SEP27KCMIA,Malik Washington,11610,WR,receiving yards,THRESHOLD,15+,40.09,0.7363,0.80,0.83,0.20,441,16,
KXNFLRECYDS-26SEP27BALDAL-DALRFLOURNOY19-25,26SEP27BALDAL,Ryan Flournoy,11783,WR,receiving yards,THRESHOLD,25+,35.26,0.5200,0.57,0.58,0.43,1156,921,
KXNFLRECYDS-26SEP27KCMIA-MIAGDULCICH85-70,26SEP27KCMIA,Greg Dulcich,8172,TE,receiving yards,THRESHOLD,70+,31.64,0.0724,0.04,0.07,0.96,6810,25,
KXNFLRECYDS-26SEP27BALDAL-DALRFLOURNOY19-15,26SEP27BALDAL,Ryan Flournoy,11783,WR,receiving yards,THRESHOLD,15+,35.26,0.6830,0.72,0.74,0.28,95,25,
KXNFLRECYDS-26SEP27KCMIA-MIAGDULCICH85-60,26SEP27KCMIA,Greg Dulcich,8172,TE,receiving yards,THRESHOLD,60+,31.64,0.1389,0.07,0.10,0.93,10000,25,
KXNFLRECYDS-26SEP27KCMIA-MIAGDULCICH85-50,26SEP27KCMIA,Greg Dulcich,8172,TE,receiving yards,THRESHOLD,50+,31.64,0.2072,0.13,0.16,0.87,10003,3,
KXNFLRECYDS-26SEP27KCMIA-MIAGDULCICH85-40,26SEP27KCMIA,Greg Dulcich,8172,TE,receiving yards,THRESHOLD,40+,31.64,0.3220,0.23,0.24,0.77,20,2,
KXNFLRECYDS-26SEP27KCMIA-MIAGDULCICH85-25,26SEP27KCMIA,Greg Dulcich,8172,TE,receiving yards,THRESHOLD,25+,31.64,0.4933,0.45,0.46,0.55,47,5,
KXNFLRECYDS-26SEP27KCMIA-MIAGDULCICH85-15,26SEP27KCMIA,Greg Dulcich,8172,TE,receiving yards,THRESHOLD,15+,31.64,0.6780,0.63,0.65,0.37,2085,304,
KXNFLRECYDS-26SEP27KCMIA-KCTTHORNTON2-80,26SEP27KCMIA,Tyquan Thornton,8188,WR,receiving yards,THRESHOLD,80+,33.01,0.0724,0.03,0.07,0.97,3587,25,
KXNFLRECYDS-26SEP27KCMIA-KCTTHORNTON2-70,26SEP27KCMIA,Tyquan Thornton,8188,WR,receiving yards,THRESHOLD,70+,33.01,0.1206,0.06,0.10,0.94,31000,25,
KXNFLRECYDS-26SEP27KCMIA-KCTTHORNTON2-60,26SEP27KCMIA,Tyquan Thornton,8188,WR,receiving yards,THRESHOLD,60+,33.01,0.1955,0.11,0.12,0.89,661,2,
KXNFLRECYDS-26SEP27KCMIA-KCTTHORNTON2-50,26SEP27KCMIA,Tyquan Thornton,8188,WR,receiving yards,THRESHOLD,50+,33.01,0.2704,0.16,0.18,0.84,42,33,
KXNFLRECYDS-26SEP27KCMIA-KCTTHORNTON2-40,26SEP27KCMIA,Tyquan Thornton,8188,WR,receiving yards,THRESHOLD,40+,33.01,0.3502,0.24,0.25,0.76,25,4,
KXNFLRECYDS-26SEP27KCMIA-KCTTHORNTON2-25,26SEP27KCMIA,Tyquan Thornton,8188,WR,receiving yards,THRESHOLD,25+,33.01,0.5166,0.40,0.42,0.60,1000,20,
KXNFLRECYDS-26SEP27KCMIA-KCTTHORNTON2-15,26SEP27KCMIA,Tyquan Thornton,8188,WR,receiving yards,THRESHOLD,15+,33.01,0.6697,0.57,0.58,0.43,4007,500,
KXNFLRECYDS-26SEP27CINPIT-CINMGESICKI88-80,26SEP27CINPIT,Mike Gesicki,4993,TE,receiving yards,THRESHOLD,80+,27.74,0.0308,0.02,0.05,0.98,16091,125,
KXNFLRECYDS-26SEP27CINPIT-CINMGESICKI88-70,26SEP27CINPIT,Mike Gesicki,4993,TE,receiving yards,THRESHOLD,70+,27.74,0.0491,0.04,0.07,0.96,10000,25,
KXNFLRECYDS-26SEP27CINPIT-CINMGESICKI88-60,26SEP27CINPIT,Mike Gesicki,4993,TE,receiving yards,THRESHOLD,60+,27.74,0.0907,0.08,0.11,0.92,11400,25,
KXNFLRECYDS-26SEP27CINPIT-CINMGESICKI88-50,26SEP27CINPIT,Mike Gesicki,4993,TE,receiving yards,THRESHOLD,50+,27.74,0.1572,0.16,0.17,0.84,10995,191,
KXNFLRECYDS-26SEP27CINPIT-CINMGESICKI88-40,26SEP27CINPIT,Mike Gesicki,4993,TE,receiving yards,THRESHOLD,40+,27.74,0.2587,0.24,0.26,0.76,10995,246,
KXNFLRECYDS-26SEP27CINPIT-CINMGESICKI88-25,26SEP27CINPIT,Mike Gesicki,4993,TE,receiving yards,THRESHOLD,25+,27.74,0.4734,0.48,0.49,0.52,11020,1854,
KXNFLRECYDS-26SEP27CINPIT-CINMGESICKI88-15,26SEP27CINPIT,Mike Gesicki,4993,TE,receiving yards,THRESHOLD,15+,27.74,0.6631,0.65,0.67,0.35,135,25,
KXNFLRECYDS-26SEP27CARCLE-CARXLEGETTE17-60,26SEP27CARCLE,Xavier Legette,11626,WR,receiving yards,THRESHOLD,60+,18.42,0.0674,0.03,0.06,0.97,8498,25,Questionable
KXNFLRECYDS-26SEP27CARCLE-CARXLEGETTE17-50,26SEP27CARCLE,Xavier Legette,11626,WR,receiving yards,THRESHOLD,50+,18.42,0.1007,0.04,0.09,0.96,6325,600,Questionable
KXNFLRECYDS-26SEP27CARCLE-CARXLEGETTE17-40,26SEP27CARCLE,Xavier Legette,11626,WR,receiving yards,THRESHOLD,40+,18.42,0.1622,0.11,0.13,0.89,975,10,Questionable
KXNFLRECYDS-26SEP27CARCLE-CARXLEGETTE17-25,26SEP27CARCLE,Xavier Legette,11626,WR,receiving yards,THRESHOLD,25+,18.42,0.2754,0.24,0.28,0.76,975,39,Questionable
KXNFLRECYDS-26SEP27CARCLE-CARXLEGETTE17-15,26SEP27CARCLE,Xavier Legette,11626,WR,receiving yards,THRESHOLD,15+,18.42,0.4185,0.47,0.48,0.53,5743,217,Questionable
KXNFLRECYDS-26SEP27HOUIND-HOUJNOEL13-80,26SEP27HOUIND,Jaylin Noel,12536,WR,receiving yards,THRESHOLD,80+,29.69,0.0574,0.05,0.08,0.95,12070,25,
KXNFLRECYDS-26SEP27HOUIND-HOUJNOEL13-70,26SEP27HOUIND,Jaylin Noel,12536,WR,receiving yards,THRESHOLD,70+,29.69,0.0857,0.08,0.12,0.92,13672,61,
KXNFLRECYDS-26SEP27HOUIND-HOUJNOEL13-60,26SEP27HOUIND,Jaylin Noel,12536,WR,receiving yards,THRESHOLD,60+,29.69,0.1240,0.14,0.17,0.86,3,3,
KXNFLRECYDS-26SEP27HOUIND-HOUJNOEL13-50,26SEP27HOUIND,Jaylin Noel,12536,WR,receiving yards,THRESHOLD,50+,29.69,0.1855,0.21,0.23,0.79,20,3,
KXNFLRECYDS-26SEP27HOUIND-HOUJNOEL13-40,26SEP27HOUIND,Jaylin Noel,12536,WR,receiving yards,THRESHOLD,40+,29.69,0.2587,0.31,0.33,0.69,5,308,
KXNFLRECYDS-26SEP27HOUIND-HOUJNOEL13-25,26SEP27HOUIND,Jaylin Noel,12536,WR,receiving yards,THRESHOLD,25+,29.69,0.4251,0.54,0.55,0.46,4390,1507,
KXNFLRECYDS-26SEP27HOUIND-HOUJNOEL13-15,26SEP27HOUIND,Jaylin Noel,12536,WR,receiving yards,THRESHOLD,15+,29.69,0.5948,0.68,0.71,0.32,182,25,
KXNFLRECYDS-26SEP27HOUIND-INDJDOWNS2-120,26SEP27HOUIND,Josh Downs,9500,WR,receiving yards,THRESHOLD,120+,51.41,0.0341,0.03,0.05,0.97,2500,25,
KXNFLRECYDS-26SEP27HOUIND-INDJDOWNS2-110,26SEP27HOUIND,Josh Downs,9500,WR,receiving yards,THRESHOLD,110+,51.41,0.0557,0.05,0.08,0.95,12500,30,
KXNFLRECYDS-26SEP27HOUIND-INDJDOWNS2-100,26SEP27HOUIND,Josh Downs,9500,WR,receiving yards,THRESHOLD,100+,51.41,0.0824,0.07,0.11,0.93,10000,25,
KXNFLRECYDS-26SEP27HOUIND-INDJDOWNS2-90,26SEP27HOUIND,Josh Downs,9500,WR,receiving yards,THRESHOLD,90+,51.41,0.1206,0.13,0.14,0.87,20,4,
KXNFLRECYDS-26SEP27HOUIND-INDJDOWNS2-80,26SEP27HOUIND,Josh Downs,9500,WR,receiving yards,THRESHOLD,80+,51.41,0.1755,0.19,0.20,0.81,20,3,
KXNFLRECYDS-26SEP27HOUIND-INDJDOWNS2-70,26SEP27HOUIND,Josh Downs,9500,WR,receiving yards,THRESHOLD,70+,51.41,0.2354,0.26,0.29,0.74,2428,24,
KXNFLRECYDS-26SEP27HOUIND-INDJDOWNS2-60,26SEP27HOUIND,Josh Downs,9500,WR,receiving yards,THRESHOLD,60+,51.41,0.3103,0.38,0.39,0.62,1662,1,
KXNFLRECYDS-26SEP27HOUIND-INDJDOWNS2-50,26SEP27HOUIND,Josh Downs,9500,WR,receiving yards,THRESHOLD,50+,51.41,0.4035,0.50,0.51,0.50,33,40,
KXNFLRECYDS-26SEP27HOUIND-INDJDOWNS2-40,26SEP27HOUIND,Josh Downs,9500,WR,receiving yards,THRESHOLD,40+,51.41,0.5433,0.62,0.63,0.38,112,1,
KXNFLRECYDS-26SEP27HOUIND-INDJDOWNS2-25,26SEP27HOUIND,Josh Downs,9500,WR,receiving yards,THRESHOLD,25+,51.41,0.7280,0.80,0.81,0.20,784,2,
KXNFLRECYDS-26SEP27HOUIND-INDKALLEN10-100,26SEP27HOUIND,Keenan Allen,1479,WR,receiving yards,THRESHOLD,100+,32.70,0.0225,0.02,0.04,0.98,2500,50,
KXNFLRECYDS-26SEP27HOUIND-INDKALLEN10-90,26SEP27HOUIND,Keenan Allen,1479,WR,receiving yards,THRESHOLD,90+,32.70,0.0408,0.03,0.06,0.97,12500,25,
KXNFLRECYDS-26SEP27HOUIND-INDKALLEN10-80,26SEP27HOUIND,Keenan Allen,1479,WR,receiving yards,THRESHOLD,80+,32.70,0.0674,0.05,0.09,0.95,24161,125,
KXNFLRECYDS-26SEP27HOUIND-INDKALLEN10-70,26SEP27HOUIND,Keenan Allen,1479,WR,receiving yards,THRESHOLD,70+,32.70,0.1140,0.11,0.12,0.89,200,2,
KXNFLRECYDS-26SEP27HOUIND-INDKALLEN10-60,26SEP27HOUIND,Keenan Allen,1479,WR,receiving yards,THRESHOLD,60+,32.70,0.1889,0.15,0.18,0.85,11000,35,
KXNFLRECYDS-26SEP27HOUIND-INDKALLEN10-50,26SEP27HOUIND,Keenan Allen,1479,WR,receiving yards,THRESHOLD,50+,32.70,0.2687,0.26,0.28,0.74,21000,2,
KXNFLRECYDS-26SEP27HOUIND-INDKALLEN10-40,26SEP27HOUIND,Keenan Allen,1479,WR,receiving yards,THRESHOLD,40+,32.70,0.3552,0.39,0.40,0.61,11068,20,
KXNFLRECYDS-26SEP27HOUIND-INDKALLEN10-25,26SEP27HOUIND,Keenan Allen,1479,WR,receiving yards,THRESHOLD,25+,32.70,0.5133,0.62,0.63,0.38,175,1,
KXNFLRECYDS-26SEP27HOUIND-INDKALLEN10-15,26SEP27HOUIND,Keenan Allen,1479,WR,receiving yards,THRESHOLD,15+,32.70,0.6730,0.77,0.78,0.23,214,2,
KXNFLRECYDS-26SEP27HOUIND-HOUKBOUTTE14-35,26SEP27HOUIND,Kayshon Boutte,9504,WR,receiving yards,THRESHOLD,35+,45.68,0.5732,0.53,0.54,0.47,4500,500,
KXNFLRECYDS-26SEP27HOUIND-INDTWARREN84-45,26SEP27HOUIND,Tyler Warren,12518,TE,receiving yards,THRESHOLD,45+,39.26,0.3336,0.50,0.52,0.50,2600,1,
KXNFLRECYDS-26SEP27LACBUF-LACOGADSDEN86-100,26SEP27LACBUF,Oronde Gadsden,12493,TE,receiving yards,THRESHOLD,100+,42.13,0.0491,0.04,0.05,0.96,2525,28,
KXNFLRECYDS-26SEP27LACBUF-LACOGADSDEN86-90,26SEP27LACBUF,Oronde Gadsden,12493,TE,receiving yards,THRESHOLD,90+,42.13,0.0774,0.05,0.08,0.95,15698,5645,
KXNFLRECYDS-26SEP27LACBUF-LACOGADSDEN86-80,26SEP27LACBUF,Oronde Gadsden,12493,TE,receiving yards,THRESHOLD,80+,42.13,0.1123,0.09,0.10,0.91,2086,3500,
KXNFLRECYDS-26SEP27LACBUF-LACOGADSDEN86-70,26SEP27LACBUF,Oronde Gadsden,12493,TE,receiving yards,THRESHOLD,70+,42.13,0.1755,0.14,0.15,0.86,25,2500,
KXNFLRECYDS-26SEP27LACBUF-LACOGADSDEN86-60,26SEP27LACBUF,Oronde Gadsden,12493,TE,receiving yards,THRESHOLD,60+,42.13,0.2421,0.23,0.24,0.77,17569,50,
KXNFLRECYDS-26SEP27LACBUF-LACOGADSDEN86-50,26SEP27LACBUF,Oronde Gadsden,12493,TE,receiving yards,THRESHOLD,50+,42.13,0.3469,0.32,0.33,0.68,16277,75,
KXNFLRECYDS-26SEP27LACBUF-LACOGADSDEN86-40,26SEP27LACBUF,Oronde Gadsden,12493,TE,receiving yards,THRESHOLD,40+,42.13,0.4933,0.45,0.46,0.55,2505,84,
KXNFLRECYDS-26SEP27LACBUF-LACOGADSDEN86-25,26SEP27LACBUF,Oronde Gadsden,12493,TE,receiving yards,THRESHOLD,25+,42.13,0.7030,0.66,0.67,0.34,157,25,
KXNFLRECYDS-26SEP27LACBUF-LACOGADSDEN86-15,26SEP27LACBUF,Oronde Gadsden,12493,TE,receiving yards,THRESHOLD,15+,42.13,0.8311,0.80,0.81,0.20,318,9,
KXNFLRECYDS-26SEP27LACBUF-BUFJCOOK4-50,26SEP27LACBUF,James Cook III,8138,RB,receiving yards,THRESHOLD,50+,17.15,0.0624,0.05,0.06,0.95,11063,30,
KXNFLRECYDS-26SEP27LACBUF-BUFJCOOK4-40,26SEP27LACBUF,James Cook III,8138,RB,receiving yards,THRESHOLD,40+,17.15,0.1040,0.07,0.09,0.93,25,998,
KXNFLRECYDS-26SEP27LACBUF-BUFJCOOK4-25,26SEP27LACBUF,James Cook III,8138,RB,receiving yards,THRESHOLD,25+,17.15,0.2571,0.22,0.23,0.78,4790,303,
KXNFLRECYDS-26SEP27LACBUF-BUFJCOOK4-15,26SEP27LACBUF,James Cook III,8138,RB,receiving yards,THRESHOLD,15+,17.15,0.4301,0.42,0.43,0.58,17456,28,
KXNFLRECYDS-26SEP27LACBUF-BUFDKINCAID86-140,26SEP27LACBUF,Dalton Kincaid,10236,TE,receiving yards,THRESHOLD,140+,63.82,0.0291,0.02,0.06,0.98,11747,133,
KXNFLRECYDS-26SEP27LACBUF-BUFDKINCAID86-130,26SEP27LACBUF,Dalton Kincaid,10236,TE,receiving yards,THRESHOLD,130+,63.82,0.0374,0.05,0.07,0.95,5003,30,
KXNFLRECYDS-26SEP27LACBUF-BUFDKINCAID86-120,26SEP27LACBUF,Dalton Kincaid,10236,TE,receiving yards,THRESHOLD,120+,63.82,0.0574,0.05,0.09,0.95,3,34,
KXNFLRECYDS-26SEP27LACBUF-BUFDKINCAID86-110,26SEP27LACBUF,Dalton Kincaid,10236,TE,receiving yards,THRESHOLD,110+,63.82,0.0874,0.08,0.12,0.92,13309,36,
KXNFLRECYDS-26SEP27LACBUF-BUFDKINCAID86-100,26SEP27LACBUF,Dalton Kincaid,10236,TE,receiving yards,THRESHOLD,100+,63.82,0.1273,0.13,0.15,0.87,1176,2,
KXNFLRECYDS-26SEP27LACBUF-BUFDKINCAID86-90,26SEP27LACBUF,Dalton Kincaid,10236,TE,receiving yards,THRESHOLD,90+,63.82,0.1839,0.18,0.20,0.82,1322,10,
KXNFLRECYDS-26SEP27LACBUF-BUFDKINCAID86-80,26SEP27LACBUF,Dalton Kincaid,10236,TE,receiving yards,THRESHOLD,80+,63.82,0.2438,0.27,0.28,0.73,11071,1,
KXNFLRECYDS-26SEP27LACBUF-BUFDKINCAID86-70,26SEP27LACBUF,Dalton Kincaid,10236,TE,receiving yards,THRESHOLD,70+,63.82,0.3186,0.34,0.36,0.66,12,2,
KXNFLRECYDS-26SEP27LACBUF-BUFDKINCAID86-60,26SEP27LACBUF,Dalton Kincaid,10236,TE,receiving yards,THRESHOLD,60+,63.82,0.4135,0.45,0.46,0.55,71,20,
KXNFLRECYDS-26SEP27LACBUF-BUFDKINCAID86-50,26SEP27LACBUF,Dalton Kincaid,10236,TE,receiving yards,THRESHOLD,50+,63.82,0.5200,0.56,0.57,0.44,2126,27,
KXNFLRECYDS-26SEP27LACBUF-BUFDKINCAID86-40,26SEP27LACBUF,Dalton Kincaid,10236,TE,receiving yards,THRESHOLD,40+,63.82,0.6481,0.66,0.67,0.34,304,15,
KXNFLRECYDS-26SEP27LACBUF-BUFDKINCAID86-25,26SEP27LACBUF,Dalton Kincaid,10236,TE,receiving yards,THRESHOLD,25+,63.82,0.8062,0.78,0.84,0.22,1000,8,
KXNFLRECYDS-26SEP27LACBUF-BUFKSHAKIR10-110,26SEP27LACBUF,Khalil Shakir,8134,WR,receiving yards,THRESHOLD,110+,50.77,0.0541,0.03,0.06,0.97,19500,25,
KXNFLRECYDS-26SEP27LACBUF-BUFKSHAKIR10-100,26SEP27LACBUF,Khalil Shakir,8134,WR,receiving yards,THRESHOLD,100+,50.77,0.0757,0.06,0.08,0.94,15000,30,
KXNFLRECYDS-26SEP27LACBUF-BUFKSHAKIR10-90,26SEP27LACBUF,Khalil Shakir,8134,WR,receiving yards,THRESHOLD,90+,50.77,0.1190,0.07,0.11,0.93,8365,25,
KXNFLRECYDS-26SEP27LACBUF-BUFKSHAKIR10-80,26SEP27LACBUF,Khalil Shakir,8134,WR,receiving yards,THRESHOLD,80+,50.77,0.1755,0.13,0.15,0.87,6176,2,
KXNFLRECYDS-26SEP27LACBUF-BUFKSHAKIR10-70,26SEP27LACBUF,Khalil Shakir,8134,WR,receiving yards,THRESHOLD,70+,50.77,0.2354,0.18,0.21,0.82,1265,3,
KXNFLRECYDS-26SEP27LACBUF-BUFKSHAKIR10-60,26SEP27LACBUF,Khalil Shakir,8134,WR,receiving yards,THRESHOLD,60+,50.77,0.3070,0.28,0.29,0.72,5020,1,
KXNFLRECYDS-26SEP27LACBUF-BUFKSHAKIR10-50,26SEP27LACBUF,Khalil Shakir,8134,WR,receiving yards,THRESHOLD,50+,50.77,0.4068,0.38,0.39,0.62,20,6,
KXNFLRECYDS-26SEP27LACBUF-BUFKSHAKIR10-40,26SEP27LACBUF,Khalil Shakir,8134,WR,receiving yards,THRESHOLD,40+,50.77,0.5466,0.51,0.52,0.49,2041,20,
KXNFLRECYDS-26SEP27LACBUF-BUFKSHAKIR10-25,26SEP27LACBUF,Khalil Shakir,8134,WR,receiving yards,THRESHOLD,25+,50.77,0.7163,0.71,0.73,0.29,2120,2,
KXNFLRECYDS-26SEP27LACBUF-BUFKSHAKIR10-15,26SEP27LACBUF,Khalil Shakir,8134,WR,receiving yards,THRESHOLD,15+,50.77,0.8328,0.84,0.85,0.16,2154,8,
KXNFLRECYDS-26SEP27TENNYG-TENWROBINSON4-90,26SEP27TENNYG,Wan'Dale Robinson,8126,WR,receiving yards,THRESHOLD,90+,35.59,0.0491,0.03,0.05,0.97,7300,35,
KXNFLRECYDS-26SEP27TENNYG-TENWROBINSON4-80,26SEP27TENNYG,Wan'Dale Robinson,8126,WR,receiving yards,THRESHOLD,80+,35.59,0.0774,0.05,0.08,0.95,22290,30,
KXNFLRECYDS-26SEP27TENNYG-TENWROBINSON4-70,26SEP27TENNYG,Wan'Dale Robinson,8126,WR,receiving yards,THRESHOLD,70+,35.59,0.1106,0.09,0.10,0.91,25,258,
KXNFLRECYDS-26SEP27TENNYG-TENWROBINSON4-60,26SEP27TENNYG,Wan'Dale Robinson,8126,WR,receiving yards,THRESHOLD,60+,35.59,0.1705,0.15,0.17,0.85,6020,2,
KXNFLRECYDS-26SEP27TENNYG-TENWROBINSON4-50,26SEP27TENNYG,Wan'Dale Robinson,8126,WR,receiving yards,THRESHOLD,50+,35.59,0.2488,0.25,0.26,0.75,16135,112,
KXNFLRECYDS-26SEP27TENNYG-TENWROBINSON4-40,26SEP27TENNYG,Wan'Dale Robinson,8126,WR,receiving yards,THRESHOLD,40+,35.59,0.3336,0.34,0.35,0.66,1538,180,
KXNFLRECYDS-26SEP27TENNYG-TENWROBINSON4-25,26SEP27TENNYG,Wan'Dale Robinson,8126,WR,receiving yards,THRESHOLD,25+,35.59,0.5233,0.58,0.60,0.42,2069,1,
KXNFLRECYDS-26SEP27TENNYG-TENWROBINSON4-15,26SEP27TENNYG,Wan'Dale Robinson,8126,WR,receiving yards,THRESHOLD,15+,35.59,0.6864,0.76,0.77,0.24,169,2,
KXNFLRECYDS-26SEP27TENNYG-TENGHELM84-80,26SEP27TENNYG,Gunnar Helm,12502,TE,receiving yards,THRESHOLD,80+,25.38,0.0308,0.02,0.04,0.98,16975,50,
KXNFLRECYDS-26SEP27TENNYG-TENGHELM84-70,26SEP27TENNYG,Gunnar Helm,12502,TE,receiving yards,THRESHOLD,70+,25.38,0.0507,0.03,0.05,0.97,2500,25,
KXNFLRECYDS-26SEP27TENNYG-TENGHELM84-60,26SEP27TENNYG,Gunnar Helm,12502,TE,receiving yards,THRESHOLD,60+,25.38,0.0940,0.04,0.08,0.96,20000,25,
KXNFLRECYDS-26SEP27TENNYG-TENGHELM84-50,26SEP27TENNYG,Gunnar Helm,12502,TE,receiving yards,THRESHOLD,50+,25.38,0.1423,0.10,0.12,0.90,10000,25,
KXNFLRECYDS-26SEP27TENNYG-TENGHELM84-40,26SEP27TENNYG,Gunnar Helm,12502,TE,receiving yards,THRESHOLD,40+,25.38,0.2371,0.19,0.21,0.81,11000,2,
KXNFLRECYDS-26SEP27TENNYG-TENGHELM84-25,26SEP27TENNYG,Gunnar Helm,12502,TE,receiving yards,THRESHOLD,25+,25.38,0.4368,0.41,0.42,0.59,1719,2,
KXNFLRECYDS-26SEP27TENNYG-TENGHELM84-15,26SEP27TENNYG,Gunnar Helm,12502,TE,receiving yards,THRESHOLD,15+,25.38,0.6065,0.61,0.64,0.39,4620,26,
KXNFLRECYDS-26SEP27TENNYG-TENEAYOMANOR5-70,26SEP27TENNYG,Elic Ayomanor,12499,WR,receiving yards,THRESHOLD,70+,19.40,0.0408,0.02,0.04,0.98,4800,125,
KXNFLRECYDS-26SEP27TENNYG-TENEAYOMANOR5-60,26SEP27TENNYG,Elic Ayomanor,12499,WR,receiving yards,THRESHOLD,60+,19.40,0.0641,0.04,0.06,0.96,4600,25,
KXNFLRECYDS-26SEP27TENNYG-TENEAYOMANOR5-50,26SEP27TENNYG,Elic Ayomanor,12499,WR,receiving yards,THRESHOLD,50+,19.40,0.1123,0.09,0.10,0.91,4800,256,
KXNFLRECYDS-26SEP27TENNYG-TENEAYOMANOR5-40,26SEP27TENNYG,Elic Ayomanor,12499,WR,receiving yards,THRESHOLD,40+,19.40,0.1656,0.16,0.17,0.84,24200,40,
KXNFLRECYDS-26SEP27TENNYG-TENEAYOMANOR5-25,26SEP27TENNYG,Elic Ayomanor,12499,WR,receiving yards,THRESHOLD,25+,19.40,0.2770,0.31,0.32,0.69,23500,35,
KXNFLRECYDS-26SEP27TENNYG-TENEAYOMANOR5-15,26SEP27TENNYG,Elic Ayomanor,12499,WR,receiving yards,THRESHOLD,15+,19.40,0.4235,0.48,0.49,0.52,11700,2,
KXNFLRECYDS-26SEP27TENNYG-TENCTATE14-90,26SEP27TENNYG,Carnell Tate,13279,WR,receiving yards,THRESHOLD,90+,38.10,0.0524,0.07,0.08,0.93,1520,15,
KXNFLRECYDS-26SEP27TENNYG-TENCTATE14-80,26SEP27TENNYG,Carnell Tate,13279,WR,receiving yards,THRESHOLD,80+,38.10,0.0890,0.11,0.13,0.89,6203,3,
KXNFLRECYDS-26SEP27TENNYG-TENCTATE14-70,26SEP27TENNYG,Carnell Tate,13279,WR,receiving yards,THRESHOLD,70+,38.10,0.1290,0.16,0.18,0.84,816,2,
KXNFLRECYDS-26SEP27TENNYG-TENCTATE14-60,26SEP27TENNYG,Carnell Tate,13279,WR,receiving yards,THRESHOLD,60+,38.10,0.1872,0.24,0.25,0.76,206,2,
KXNFLRECYDS-26SEP27TENNYG-TENCTATE14-50,26SEP27TENNYG,Carnell Tate,13279,WR,receiving yards,THRESHOLD,50+,38.10,0.2637,0.34,0.36,0.66,300,45,
KXNFLRECYDS-26SEP27TENNYG-TENCTATE14-40,26SEP27TENNYG,Carnell Tate,13279,WR,receiving yards,THRESHOLD,40+,38.10,0.3719,0.46,0.48,0.54,61,20,
KXNFLRECYDS-26SEP27TENNYG-TENCTATE14-25,26SEP27TENNYG,Carnell Tate,13279,WR,receiving yards,THRESHOLD,25+,38.10,0.5632,0.68,0.69,0.32,80,296,
KXNFLRECYDS-26SEP27TENNYG-TENCTATE14-15,26SEP27TENNYG,Carnell Tate,13279,WR,receiving yards,THRESHOLD,15+,38.10,0.7146,0.79,0.81,0.21,11,26,
KXNFLRECYDS-26SEP27TENNYG-TENCTATE14-110,26SEP27TENNYG,Carnell Tate,13279,WR,receiving yards,THRESHOLD,110+,38.10,0.0208,0.02,0.04,0.98,1280,219,
KXNFLRECYDS-26SEP27TENNYG-TENCTATE14-100,26SEP27TENNYG,Carnell Tate,13279,WR,receiving yards,THRESHOLD,100+,38.10,0.0374,0.05,0.06,0.95,1434,30,
KXNFLRECYDS-26SEP27TENNYG-TENCRIDLEY0-70,26SEP27TENNYG,Calvin Ridley,4981,WR,receiving yards,THRESHOLD,70+,23.26,0.0641,0.02,0.05,0.98,16500,125,
KXNFLRECYDS-26SEP27TENNYG-TENCRIDLEY0-60,26SEP27TENNYG,Calvin Ridley,4981,WR,receiving yards,THRESHOLD,60+,23.26,0.0940,0.04,0.07,0.96,15300,35,
KXNFLRECYDS-26SEP27TENNYG-TENCRIDLEY0-50,26SEP27TENNYG,Calvin Ridley,4981,WR,receiving yards,THRESHOLD,50+,23.26,0.1306,0.07,0.10,0.93,10000,25,
KXNFLRECYDS-26SEP27TENNYG-TENCRIDLEY0-40,26SEP27TENNYG,Calvin Ridley,4981,WR,receiving yards,THRESHOLD,40+,23.26,0.1872,0.14,0.16,0.86,200,3,
KXNFLRECYDS-26SEP27TENNYG-TENCRIDLEY0-25,26SEP27TENNYG,Calvin Ridley,4981,WR,receiving yards,THRESHOLD,25+,23.26,0.3253,0.30,0.32,0.70,19200,2,
KXNFLRECYDS-26SEP27TENNYG-TENCRIDLEY0-15,26SEP27TENNYG,Calvin Ridley,4981,WR,receiving yards,THRESHOLD,15+,23.26,0.4767,0.47,0.49,0.53,19965,1025,
KXNFLRECYDS-26SEP27TENNYG-NYGMFIELDS88-80,26SEP27TENNYG,Malachi Fields,13285,WR,receiving yards,THRESHOLD,80+,26.88,0.0507,0.04,0.06,0.96,16619,28,
KXNFLRECYDS-26SEP27TENNYG-NYGMFIELDS88-70,26SEP27TENNYG,Malachi Fields,13285,WR,receiving yards,THRESHOLD,70+,26.88,0.0641,0.05,0.09,0.95,17828,1997,
KXNFLRECYDS-26SEP27TENNYG-NYGMFIELDS88-60,26SEP27TENNYG,Malachi Fields,13285,WR,receiving yards,THRESHOLD,60+,26.88,0.1057,0.09,0.12,0.91,11400,471,
KXNFLRECYDS-26SEP27TENNYG-NYGMFIELDS88-50,26SEP27TENNYG,Malachi Fields,13285,WR,receiving yards,THRESHOLD,50+,26.88,0.1739,0.17,0.18,0.83,11500,2,
KXNFLRECYDS-26SEP27TENNYG-NYGMFIELDS88-40,26SEP27TENNYG,Malachi Fields,13285,WR,receiving yards,THRESHOLD,40+,26.88,0.2537,0.24,0.26,0.76,12851,1,
KXNFLRECYDS-26SEP27TENNYG-NYGMFIELDS88-25,26SEP27TENNYG,Malachi Fields,13285,WR,receiving yards,THRESHOLD,25+,26.88,0.4118,0.44,0.45,0.56,17355,17,
KXNFLRECYDS-26SEP27TENNYG-NYGMFIELDS88-15,26SEP27TENNYG,Malachi Fields,13285,WR,receiving yards,THRESHOLD,15+,26.88,0.5666,0.64,0.65,0.36,13764,20,
KXNFLRECYDS-26SEP27TENNYG-NYGILIKELY9-90,26SEP27TENNYG,Isaiah Likely,8131,TE,receiving yards,THRESHOLD,90+,38.54,0.0491,0.06,0.10,0.94,12661,125,
KXNFLRECYDS-26SEP27TENNYG-NYGILIKELY9-80,26SEP27TENNYG,Isaiah Likely,8131,TE,receiving yards,THRESHOLD,80+,38.54,0.0691,0.11,0.13,0.89,130,12,
KXNFLRECYDS-26SEP27TENNYG-NYGILIKELY9-70,26SEP27TENNYG,Isaiah Likely,8131,TE,receiving yards,THRESHOLD,70+,38.54,0.1223,0.16,0.19,0.84,35,5,
KXNFLRECYDS-26SEP27TENNYG-NYGILIKELY9-60,26SEP27TENNYG,Isaiah Likely,8131,TE,receiving yards,THRESHOLD,60+,38.54,0.1938,0.24,0.26,0.76,35,22,
KXNFLRECYDS-26SEP27TENNYG-NYGILIKELY9-50,26SEP27TENNYG,Isaiah Likely,8131,TE,receiving yards,THRESHOLD,50+,38.54,0.2720,0.35,0.37,0.65,98,20,
KXNFLRECYDS-26SEP27TENNYG-NYGILIKELY9-40,26SEP27TENNYG,Isaiah Likely,8131,TE,receiving yards,THRESHOLD,40+,38.54,0.3902,0.49,0.50,0.51,507,79,
KXNFLRECYDS-26SEP27TENNYG-NYGILIKELY9-25,26SEP27TENNYG,Isaiah Likely,8131,TE,receiving yards,THRESHOLD,25+,38.54,0.6381,0.68,0.70,0.32,77,32,
KXNFLRECYDS-26SEP27TENNYG-NYGILIKELY9-15,26SEP27TENNYG,Isaiah Likely,8131,TE,receiving yards,THRESHOLD,15+,38.54,0.7712,0.83,0.85,0.17,1000,9,
KXNFLRECYDS-26SEP27TENNYG-NYGILIKELY9-110,26SEP27TENNYG,Isaiah Likely,8131,TE,receiving yards,THRESHOLD,110+,38.54,0.0158,0.02,0.06,0.98,25494,125,
KXNFLRECYDS-26SEP27TENNYG-NYGILIKELY9-100,26SEP27TENNYG,Isaiah Likely,8131,TE,receiving yards,THRESHOLD,100+,38.54,0.0308,0.03,0.08,0.97,34300,25,
KXNFLRECYDS-26SEP27TENNYG-NYGDMOONEY17-80,26SEP27TENNYG,Darnell Mooney,7090,WR,receiving yards,THRESHOLD,80+,23.35,0.0507,0.04,0.05,0.96,263,9,
KXNFLRECYDS-26SEP27TENNYG-NYGDMOONEY17-70,26SEP27TENNYG,Darnell Mooney,7090,WR,receiving yards,THRESHOLD,70+,23.35,0.0691,0.05,0.07,0.95,442,15,
KXNFLRECYDS-26SEP27TENNYG-NYGDMOONEY17-60,26SEP27TENNYG,Darnell Mooney,7090,WR,receiving yards,THRESHOLD,60+,23.35,0.0957,0.07,0.09,0.93,15,1512,
KXNFLRECYDS-26SEP27TENNYG-NYGDMOONEY17-50,26SEP27TENNYG,Darnell Mooney,7090,WR,receiving yards,THRESHOLD,50+,23.35,0.1306,0.12,0.13,0.88,7928,1000,
KXNFLRECYDS-26SEP27TENNYG-NYGDMOONEY17-40,26SEP27TENNYG,Darnell Mooney,7090,WR,receiving yards,THRESHOLD,40+,23.35,0.1855,0.19,0.20,0.81,19069,2,
KXNFLRECYDS-26SEP27TENNYG-NYGDMOONEY17-25,26SEP27TENNYG,Darnell Mooney,7090,WR,receiving yards,THRESHOLD,25+,23.35,0.3286,0.36,0.37,0.64,11487,300,
KXNFLRECYDS-26SEP27TENNYG-NYGDMOONEY17-15,26SEP27TENNYG,Darnell Mooney,7090,WR,receiving yards,THRESHOLD,15+,23.35,0.4734,0.52,0.54,0.48,2051,10,
KXNFLRECYDS-26SEP27TENNYG-NYGCSKATTEBO44-60,26SEP27TENNYG,Cam Skattebo,12481,RB,receiving yards,THRESHOLD,60+,15.69,0.0308,0.02,0.05,0.98,17194,55,
KXNFLRECYDS-26SEP27TENNYG-NYGCSKATTEBO44-50,26SEP27TENNYG,Cam Skattebo,12481,RB,receiving yards,THRESHOLD,50+,15.69,0.0591,0.02,0.07,0.98,24148,1511,
KXNFLRECYDS-26SEP27TENNYG-NYGCSKATTEBO44-40,26SEP27TENNYG,Cam Skattebo,12481,RB,receiving yards,THRESHOLD,40+,15.69,0.0990,0.06,0.10,0.94,9003,2151,
KXNFLRECYDS-26SEP27TENNYG-NYGCSKATTEBO44-25,26SEP27TENNYG,Cam Skattebo,12481,RB,receiving yards,THRESHOLD,25+,15.69,0.2338,0.20,0.23,0.80,1003,27,
KXNFLRECYDS-26SEP27TENNYG-NYGCSKATTEBO44-15,26SEP27TENNYG,Cam Skattebo,12481,RB,receiving yards,THRESHOLD,15+,15.69,0.4135,0.40,0.42,0.60,89,10,
KXNFLRECYDS-26SEP27SEAWAS-SEAABARNER88-70,26SEP27SEAWAS,AJ Barner,11603,TE,receiving yards,THRESHOLD,70+,31.74,0.0707,0.02,0.06,0.98,10100,368,
KXNFLRECYDS-26SEP27SEAWAS-SEAABARNER88-60,26SEP27SEAWAS,AJ Barner,11603,TE,receiving yards,THRESHOLD,60+,31.74,0.1339,0.05,0.09,0.95,11703,30,
KXNFLRECYDS-26SEP27SEAWAS-SEAABARNER88-50,26SEP27SEAWAS,AJ Barner,11603,TE,receiving yards,THRESHOLD,50+,31.74,0.2022,0.10,0.13,0.90,11400,28,
KXNFLRECYDS-26SEP27SEAWAS-SEAABARNER88-40,26SEP27SEAWAS,AJ Barner,11603,TE,receiving yards,THRESHOLD,40+,31.74,0.3203,0.20,0.21,0.80,11000,2,
KXNFLRECYDS-26SEP27SEAWAS-SEAABARNER88-25,26SEP27SEAWAS,AJ Barner,11603,TE,receiving yards,THRESHOLD,25+,31.74,0.4900,0.41,0.42,0.59,1749,1,
KXNFLRECYDS-26SEP27SEAWAS-SEAABARNER88-15,26SEP27SEAWAS,AJ Barner,11603,TE,receiving yards,THRESHOLD,15+,31.74,0.6747,0.63,0.64,0.37,3066,1,
KXNFLRECYDS-26SEP27SEAWAS-SEARSHAHEED22-90,26SEP27SEAWAS,Rashid Shaheed,8676,WR,receiving yards,THRESHOLD,90+,39.16,0.0591,0.05,0.06,0.95,9931,130,
KXNFLRECYDS-26SEP27SEAWAS-SEARSHAHEED22-80,26SEP27SEAWAS,Rashid Shaheed,8676,WR,receiving yards,THRESHOLD,80+,39.16,0.0874,0.08,0.09,0.92,13358,100,
KXNFLRECYDS-26SEP27SEAWAS-SEARSHAHEED22-70,26SEP27SEAWAS,Rashid Shaheed,8676,WR,receiving yards,THRESHOLD,70+,39.16,0.1290,0.11,0.12,0.89,11856,100,
KXNFLRECYDS-26SEP27SEAWAS-SEARSHAHEED22-60,26SEP27SEAWAS,Rashid Shaheed,8676,WR,receiving yards,THRESHOLD,60+,39.16,0.1855,0.16,0.17,0.84,28,102,
KXNFLRECYDS-26SEP27SEAWAS-SEARSHAHEED22-50,26SEP27SEAWAS,Rashid Shaheed,8676,WR,receiving yards,THRESHOLD,50+,39.16,0.2554,0.25,0.26,0.75,15345,100,
KXNFLRECYDS-26SEP27SEAWAS-SEARSHAHEED22-40,26SEP27SEAWAS,Rashid Shaheed,8676,WR,receiving yards,THRESHOLD,40+,39.16,0.3602,0.35,0.36,0.65,10946,100,
KXNFLRECYDS-26SEP27SEAWAS-SEARSHAHEED22-25,26SEP27SEAWAS,Rashid Shaheed,8676,WR,receiving yards,THRESHOLD,25+,39.16,0.5516,0.56,0.57,0.44,8443,100,
KXNFLRECYDS-26SEP27SEAWAS-SEARSHAHEED22-15,26SEP27SEAWAS,Rashid Shaheed,8676,WR,receiving yards,THRESHOLD,15+,39.16,0.7047,0.70,0.71,0.30,7128,150,
KXNFLRECYDS-26SEP27SEAWAS-WASSDIGGS3-100,26SEP27SEAWAS,Stefon Diggs,2449,WR,receiving yards,THRESHOLD,100+,43.97,0.0474,0.02,0.05,0.98,20050,50,
KXNFLRECYDS-26SEP27SEAWAS-WASSDIGGS3-90,26SEP27SEAWAS,Stefon Diggs,2449,WR,receiving yards,THRESHOLD,90+,43.97,0.0774,0.05,0.06,0.95,52,30,
KXNFLRECYDS-26SEP27SEAWAS-WASSDIGGS3-80,26SEP27SEAWAS,Stefon Diggs,2449,WR,receiving yards,THRESHOLD,80+,43.97,0.1140,0.06,0.08,0.94,5,2774,
KXNFLRECYDS-26SEP27SEAWAS-WASSDIGGS3-70,26SEP27SEAWAS,Stefon Diggs,2449,WR,receiving yards,THRESHOLD,70+,43.97,0.1689,0.11,0.13,0.89,1149,18,
KXNFLRECYDS-26SEP27SEAWAS-WASSDIGGS3-60,26SEP27SEAWAS,Stefon Diggs,2449,WR,receiving yards,THRESHOLD,60+,43.97,0.2554,0.18,0.20,0.82,20,2,
KXNFLRECYDS-26SEP27SEAWAS-WASSDIGGS3-50,26SEP27SEAWAS,Stefon Diggs,2449,WR,receiving yards,THRESHOLD,50+,43.97,0.3469,0.28,0.29,0.72,11408,5,
KXNFLRECYDS-26SEP27SEAWAS-WASSDIGGS3-40,26SEP27SEAWAS,Stefon Diggs,2449,WR,receiving yards,THRESHOLD,40+,43.97,0.4584,0.42,0.43,0.58,1371,18,
KXNFLRECYDS-26SEP27SEAWAS-WASSDIGGS3-25,26SEP27SEAWAS,Stefon Diggs,2449,WR,receiving yards,THRESHOLD,25+,43.97,0.6664,0.62,0.65,0.38,100,25,
KXNFLRECYDS-26SEP27SEAWAS-WASSDIGGS3-15,26SEP27SEAWAS,Stefon Diggs,2449,WR,receiving yards,THRESHOLD,15+,43.97,0.7995,0.77,0.80,0.23,396,386,
KXNFLRECYDS-26SEP27SEAWAS-WASTMCLAURIN17-110,26SEP27SEAWAS,Terry McLaurin,5927,WR,receiving yards,THRESHOLD,110+,52.67,0.0807,0.03,0.06,0.97,7300,25,
KXNFLRECYDS-26SEP27SEAWAS-WASTMCLAURIN17-100,26SEP27SEAWAS,Terry McLaurin,5927,WR,receiving yards,THRESHOLD,100+,52.67,0.1023,0.05,0.07,0.95,2500,25,
KXNFLRECYDS-26SEP27SEAWAS-WASTMCLAURIN17-90,26SEP27SEAWAS,Terry McLaurin,5927,WR,receiving yards,THRESHOLD,90+,52.67,0.1406,0.08,0.10,0.92,4800,25,
KXNFLRECYDS-26SEP27SEAWAS-WASTMCLAURIN17-80,26SEP27SEAWAS,Terry McLaurin,5927,WR,receiving yards,THRESHOLD,80+,52.67,0.1872,0.14,0.15,0.86,2176,5,
KXNFLRECYDS-26SEP27SEAWAS-WASTMCLAURIN17-70,26SEP27SEAWAS,Terry McLaurin,5927,WR,receiving yards,THRESHOLD,70+,52.67,0.2388,0.21,0.22,0.79,220,1,
KXNFLRECYDS-26SEP27SEAWAS-WASTMCLAURIN17-60,26SEP27SEAWAS,Terry McLaurin,5927,WR,receiving yards,THRESHOLD,60+,52.67,0.3170,0.28,0.30,0.72,707,22,
KXNFLRECYDS-26SEP27SEAWAS-WASTMCLAURIN17-50,26SEP27SEAWAS,Terry McLaurin,5927,WR,receiving yards,THRESHOLD,50+,52.67,0.4168,0.38,0.40,0.62,55,1,
KXNFLRECYDS-26SEP27SEAWAS-WASTMCLAURIN17-40,26SEP27SEAWAS,Terry McLaurin,5927,WR,receiving yards,THRESHOLD,40+,52.67,0.5250,0.50,0.52,0.50,2063,21,
KXNFLRECYDS-26SEP27SEAWAS-WASTMCLAURIN17-25,26SEP27SEAWAS,Terry McLaurin,5927,WR,receiving yards,THRESHOLD,25+,52.67,0.7280,0.69,0.70,0.31,11,77,
KXNFLRECYDS-26SEP27SEAWAS-WASTMCLAURIN17-15,26SEP27SEAWAS,Terry McLaurin,5927,WR,receiving yards,THRESHOLD,15+,52.67,0.8461,0.82,0.84,0.18,127,75,
KXNFLRECYDS-26SEP27HOUIND-INDJTAYLOR28-70,26SEP27HOUIND,Jonathan Taylor,6813,RB,receiving yards,THRESHOLD,70+,19.97,0.0341,0.05,0.06,0.95,439,30,
KXNFLRECYDS-26SEP27HOUIND-INDJTAYLOR28-60,26SEP27HOUIND,Jonathan Taylor,6813,RB,receiving yards,THRESHOLD,60+,19.97,0.0491,0.06,0.09,0.94,20000,25,
KXNFLRECYDS-26SEP27HOUIND-INDJTAYLOR28-50,26SEP27HOUIND,Jonathan Taylor,6813,RB,receiving yards,THRESHOLD,50+,19.97,0.0890,0.11,0.13,0.89,25,25,
KXNFLRECYDS-26SEP27HOUIND-INDJTAYLOR28-40,26SEP27HOUIND,Jonathan Taylor,6813,RB,receiving yards,THRESHOLD,40+,19.97,0.1506,0.20,0.21,0.80,28,1,
KXNFLRECYDS-26SEP27HOUIND-INDJTAYLOR28-25,26SEP27HOUIND,Jonathan Taylor,6813,RB,receiving yards,THRESHOLD,25+,19.97,0.3336,0.42,0.44,0.58,1865,1,
KXNFLRECYDS-26SEP27HOUIND-INDJTAYLOR28-20,26SEP27HOUIND,Jonathan Taylor,6813,RB,receiving yards,THRESHOLD,20+,19.97,0.3952,0.53,0.54,0.47,2874,965,
KXNFLRECYDS-26SEP27HOUIND-INDJTAYLOR28-15,26SEP27HOUIND,Jonathan Taylor,6813,RB,receiving yards,THRESHOLD,15+,19.97,0.4983,0.63,0.64,0.37,89,1,
KXNFLRECYDS-26SEP27HOUIND-HOUXHUTCHINSON19-40,26SEP27HOUIND,Xavier Hutchinson,10218,WR,receiving yards,THRESHOLD,40+,41.34,0.4484,0.49,0.50,0.51,7432,275,
KXNFLRECYDS-26SEP27HOUIND-HOUDSCHULTZ86-50,26SEP27HOUIND,Dalton Schultz,5001,TE,receiving yards,THRESHOLD,50+,53.01,0.4101,0.52,0.53,0.48,26944,150,
KXNFLRECYDS-26SEP27SEAWAS-SEAJSMITHNJIGBA11-90,26SEP27SEAWAS,Jaxon Smith-Njigba,9488,WR,receiving yards,THRESHOLD,90+,104.19,0.4434,0.52,0.53,0.48,13511,5,
KXNFLRECYDS-26SEP27SEAWAS-SEAJSMITHNJIGBA11-80,26SEP27SEAWAS,Jaxon Smith-Njigba,9488,WR,receiving yards,THRESHOLD,80+,104.19,0.5166,0.59,0.60,0.41,3084,3,
KXNFLRECYDS-26SEP27SEAWAS-SEAJSMITHNJIGBA11-70,26SEP27SEAWAS,Jaxon Smith-Njigba,9488,WR,receiving yards,THRESHOLD,70+,104.19,0.6082,0.67,0.69,0.33,2109,18,
KXNFLRECYDS-26SEP27SEAWAS-SEAJSMITHNJIGBA11-60,26SEP27SEAWAS,Jaxon Smith-Njigba,9488,WR,receiving yards,THRESHOLD,60+,104.19,0.6947,0.75,0.76,0.25,108,8,
KXNFLRECYDS-26SEP27SEAWAS-SEAJSMITHNJIGBA11-50,26SEP27SEAWAS,Jaxon Smith-Njigba,9488,WR,receiving yards,THRESHOLD,50+,104.19,0.7795,0.82,0.83,0.18,1722,30,
KXNFLRECYDS-26SEP27SEAWAS-SEAJSMITHNJIGBA11-180,26SEP27SEAWAS,Jaxon Smith-Njigba,9488,WR,receiving yards,THRESHOLD,180+,104.19,0.0374,0.06,0.07,0.94,1588,5,
KXNFLRECYDS-26SEP27SEAWAS-SEAJSMITHNJIGBA11-170,26SEP27SEAWAS,Jaxon Smith-Njigba,9488,WR,receiving yards,THRESHOLD,170+,104.19,0.0524,0.07,0.08,0.93,852,100,
KXNFLRECYDS-26SEP27SEAWAS-SEAJSMITHNJIGBA11-160,26SEP27SEAWAS,Jaxon Smith-Njigba,9488,WR,receiving yards,THRESHOLD,160+,104.19,0.0740,0.10,0.11,0.90,976,200,
KXNFLRECYDS-26SEP27SEAWAS-SEAJSMITHNJIGBA11-150,26SEP27SEAWAS,Jaxon Smith-Njigba,9488,WR,receiving yards,THRESHOLD,150+,104.19,0.0957,0.11,0.14,0.89,13411,120,
KXNFLRECYDS-26SEP27SEAWAS-SEAJSMITHNJIGBA11-140,26SEP27SEAWAS,Jaxon Smith-Njigba,9488,WR,receiving yards,THRESHOLD,140+,104.19,0.1290,0.16,0.18,0.84,950,10,
KXNFLRECYDS-26SEP27SEAWAS-SEAJSMITHNJIGBA11-130,26SEP27SEAWAS,Jaxon Smith-Njigba,9488,WR,receiving yards,THRESHOLD,130+,104.19,0.1772,0.23,0.24,0.77,1042,7,
KXNFLRECYDS-26SEP27SEAWAS-SEAJSMITHNJIGBA11-120,26SEP27SEAWAS,Jaxon Smith-Njigba,9488,WR,receiving yards,THRESHOLD,120+,104.19,0.2321,0.29,0.30,0.71,52,1,
KXNFLRECYDS-26SEP27SEAWAS-SEAJSMITHNJIGBA11-110,26SEP27SEAWAS,Jaxon Smith-Njigba,9488,WR,receiving yards,THRESHOLD,110+,104.19,0.3003,0.34,0.36,0.66,10902,81,
KXNFLRECYDS-26SEP27SEAWAS-SEAJSMITHNJIGBA11-100,26SEP27SEAWAS,Jaxon Smith-Njigba,9488,WR,receiving yards,THRESHOLD,100+,104.19,0.3719,0.42,0.43,0.58,11533,91,
KXNFLRECYDS-26SEP27CARCLE-CLEQJUDKINS10-50,26SEP27CARCLE,Quinshon Judkins,12512,RB,receiving yards,THRESHOLD,50+,11.54,0.0458,0.03,0.06,0.97,5300,25,
KXNFLRECYDS-26SEP27CARCLE-CLEQJUDKINS10-40,26SEP27CARCLE,Quinshon Judkins,12512,RB,receiving yards,THRESHOLD,40+,11.54,0.0674,0.08,0.09,0.92,821,214,
KXNFLRECYDS-26SEP27CARCLE-CLEQJUDKINS10-25,26SEP27CARCLE,Quinshon Judkins,12512,RB,receiving yards,THRESHOLD,25+,11.54,0.1938,0.24,0.25,0.76,4900,942,
KXNFLRECYDS-26SEP27CARCLE-CLEQJUDKINS10-15,26SEP27CARCLE,Quinshon Judkins,12512,RB,receiving yards,THRESHOLD,15+,11.54,0.3619,0.48,0.49,0.52,5856,71,
KXNFLRECYDS-26SEP27CARCLE-CLEHFANNIN44-90,26SEP27CARCLE,Harold Fannin Jr.,12506,TE,receiving yards,THRESHOLD,90+,35.98,0.0225,0.04,0.08,0.96,17000,125,
KXNFLRECYDS-26SEP27CARCLE-CLEHFANNIN44-80,26SEP27CARCLE,Harold Fannin Jr.,12506,TE,receiving yards,THRESHOLD,80+,35.98,0.0424,0.07,0.11,0.93,24739,75,
KXNFLRECYDS-26SEP27CARCLE-CLEHFANNIN44-70,26SEP27CARCLE,Harold Fannin Jr.,12506,TE,receiving yards,THRESHOLD,70+,35.98,0.0824,0.15,0.16,0.85,10020,100,
KXNFLRECYDS-26SEP27CARCLE-CLEHFANNIN44-60,26SEP27CARCLE,Harold Fannin Jr.,12506,TE,receiving yards,THRESHOLD,60+,35.98,0.1572,0.23,0.24,0.77,11220,40,
KXNFLRECYDS-26SEP27CARCLE-CLEHFANNIN44-50,26SEP27CARCLE,Harold Fannin Jr.,12506,TE,receiving yards,THRESHOLD,50+,35.98,0.2304,0.33,0.34,0.67,11262,70,
KXNFLRECYDS-26SEP27CARCLE-CLEHFANNIN44-40,26SEP27CARCLE,Harold Fannin Jr.,12506,TE,receiving yards,THRESHOLD,40+,35.98,0.3353,0.44,0.46,0.56,20,2,
KXNFLRECYDS-26SEP27CARCLE-CLEHFANNIN44-25,26SEP27CARCLE,Harold Fannin Jr.,12506,TE,receiving yards,THRESHOLD,25+,35.98,0.5765,0.67,0.68,0.33,31,2,
KXNFLRECYDS-26SEP27CARCLE-CLEHFANNIN44-15,26SEP27CARCLE,Harold Fannin Jr.,12506,TE,receiving yards,THRESHOLD,15+,35.98,0.7246,0.82,0.84,0.18,3023,1,
KXNFLRECYDS-26SEP27CARCLE-CLEHFANNIN44-100,26SEP27CARCLE,Harold Fannin Jr.,12506,TE,receiving yards,THRESHOLD,100+,35.98,0.0125,0.04,0.05,0.96,12500,300,
KXNFLRECYDS-26SEP27CARCLE-CLEDBOSTON12-90,26SEP27CARCLE,Denzel Boston,13346,WR,receiving yards,THRESHOLD,90+,44.59,0.0890,0.13,0.15,0.87,1000,5,
KXNFLRECYDS-26SEP27CARCLE-CLEDBOSTON12-80,26SEP27CARCLE,Denzel Boston,13346,WR,receiving yards,THRESHOLD,80+,44.59,0.1356,0.18,0.21,0.82,1000,2,
KXNFLRECYDS-26SEP27CARCLE-CLEDBOSTON12-70,26SEP27CARCLE,Denzel Boston,13346,WR,receiving yards,THRESHOLD,70+,44.59,0.1988,0.25,0.27,0.75,28,3,
KXNFLRECYDS-26SEP27CARCLE-CLEDBOSTON12-60,26SEP27CARCLE,Denzel Boston,13346,WR,receiving yards,THRESHOLD,60+,44.59,0.2787,0.35,0.36,0.65,1594,1,
KXNFLRECYDS-26SEP27CARCLE-CLEDBOSTON12-50,26SEP27CARCLE,Denzel Boston,13346,WR,receiving yards,THRESHOLD,50+,44.59,0.3702,0.46,0.47,0.54,1965,28,
KXNFLRECYDS-26SEP27CARCLE-CLEDBOSTON12-40,26SEP27CARCLE,Denzel Boston,13346,WR,receiving yards,THRESHOLD,40+,44.59,0.4917,0.57,0.58,0.43,115,21,
KXNFLRECYDS-26SEP27CARCLE-CLEDBOSTON12-25,26SEP27CARCLE,Denzel Boston,13346,WR,receiving yards,THRESHOLD,25+,44.59,0.6847,0.75,0.76,0.25,186,2,
KXNFLRECYDS-26SEP27CARCLE-CLEDBOSTON12-15,26SEP27CARCLE,Denzel Boston,13346,WR,receiving yards,THRESHOLD,15+,44.59,0.8078,0.86,0.87,0.14,2591,4,
KXNFLRECYDS-26SEP27CARCLE-CLEDBOSTON12-120,26SEP27CARCLE,Denzel Boston,13346,WR,receiving yards,THRESHOLD,120+,44.59,0.0241,0.03,0.06,0.97,8000,25,
KXNFLRECYDS-26SEP27CARCLE-CLEDBOSTON12-110,26SEP27CARCLE,Denzel Boston,13346,WR,receiving yards,THRESHOLD,110+,44.59,0.0408,0.06,0.08,0.94,14500,15,
KXNFLRECYDS-26SEP27CARCLE-CLEDBOSTON12-100,26SEP27CARCLE,Denzel Boston,13346,WR,receiving yards,THRESHOLD,100+,44.59,0.0557,0.09,0.11,0.91,200,13,
KXNFLRECYDS-26SEP27CARCLE-CARTMCMILLAN4-90,26SEP27CARCLE,Tetairoa McMillan,12526,WR,receiving yards,THRESHOLD,90+,71.03,0.2804,0.23,0.25,0.77,46,25,
KXNFLRECYDS-26SEP27CARCLE-CARTMCMILLAN4-80,26SEP27CARCLE,Tetairoa McMillan,12526,WR,receiving yards,THRESHOLD,80+,71.03,0.3536,0.30,0.33,0.70,52,447,
KXNFLRECYDS-26SEP27CARCLE-CARTMCMILLAN4-70,26SEP27CARCLE,Tetairoa McMillan,12526,WR,receiving yards,THRESHOLD,70+,71.03,0.4401,0.41,0.42,0.59,23,25,
KXNFLRECYDS-26SEP27CARCLE-CARTMCMILLAN4-60,26SEP27CARCLE,Tetairoa McMillan,12526,WR,receiving yards,THRESHOLD,60+,71.03,0.5250,0.53,0.54,0.47,4605,1065,
KXNFLRECYDS-26SEP27CARCLE-CARTMCMILLAN4-50,26SEP27CARCLE,Tetairoa McMillan,12526,WR,receiving yards,THRESHOLD,50+,71.03,0.6364,0.60,0.62,0.40,20,80,
KXNFLRECYDS-26SEP27CARCLE-CARTMCMILLAN4-40,26SEP27CARCLE,Tetairoa McMillan,12526,WR,receiving yards,THRESHOLD,40+,71.03,0.7313,0.71,0.72,0.29,619,13,
KXNFLRECYDS-26SEP27CARCLE-CARTMCMILLAN4-25,26SEP27CARCLE,Tetairoa McMillan,12526,WR,receiving yards,THRESHOLD,25+,71.03,0.8677,0.83,0.86,0.17,3,41,
KXNFLRECYDS-26SEP27CARCLE-CARTMCMILLAN4-150,26SEP27CARCLE,Tetairoa McMillan,12526,WR,receiving yards,THRESHOLD,150+,71.03,0.0374,0.02,0.05,0.98,17000,125,
KXNFLRECYDS-26SEP27CARCLE-CARTMCMILLAN4-140,26SEP27CARCLE,Tetairoa McMillan,12526,WR,receiving yards,THRESHOLD,140+,71.03,0.0557,0.03,0.06,0.97,1692,25,
KXNFLRECYDS-26SEP27CARCLE-CARTMCMILLAN4-130,26SEP27CARCLE,Tetairoa McMillan,12526,WR,receiving yards,THRESHOLD,130+,71.03,0.0757,0.04,0.08,0.96,25,25,
KXNFLRECYDS-26SEP27CARCLE-CARTMCMILLAN4-120,26SEP27CARCLE,Tetairoa McMillan,12526,WR,receiving yards,THRESHOLD,120+,71.03,0.1073,0.07,0.10,0.93,1000,79,
KXNFLRECYDS-26SEP27CARCLE-CARTMCMILLAN4-110,26SEP27CARCLE,Tetairoa McMillan,12526,WR,receiving yards,THRESHOLD,110+,71.03,0.1622,0.11,0.15,0.89,12621,25,
KXNFLRECYDS-26SEP27CARCLE-CARTMCMILLAN4-100,26SEP27CARCLE,Tetairoa McMillan,12526,WR,receiving yards,THRESHOLD,100+,71.03,0.2155,0.16,0.19,0.84,2189,664,
KXNFLRECYDS-26SEP27CARCLE-CARDWALLER88-70,26SEP27CARCLE,Darren Waller,2505,TE,receiving yards,THRESHOLD,70+,28.79,0.0574,0.03,0.06,0.97,10000,25,
KXNFLRECYDS-26SEP27CARCLE-CARDWALLER88-60,26SEP27CARCLE,Darren Waller,2505,TE,receiving yards,THRESHOLD,60+,28.79,0.1007,0.06,0.09,0.94,21931,25,
KXNFLRECYDS-26SEP27CARCLE-CARDWALLER88-50,26SEP27CARCLE,Darren Waller,2505,TE,receiving yards,THRESHOLD,50+,28.79,0.1739,0.11,0.13,0.89,10000,2201,
KXNFLRECYDS-26SEP27CARCLE-CARDWALLER88-40,26SEP27CARCLE,Darren Waller,2505,TE,receiving yards,THRESHOLD,40+,28.79,0.2754,0.19,0.22,0.81,16481,654,
KXNFLRECYDS-26SEP27CARCLE-CARDWALLER88-25,26SEP27CARCLE,Darren Waller,2505,TE,receiving yards,THRESHOLD,25+,28.79,0.4567,0.39,0.42,0.61,38,2,
KXNFLRECYDS-26SEP27CARCLE-CARDWALLER88-20,26SEP27CARCLE,Darren Waller,2505,TE,receiving yards,THRESHOLD,20+,28.79,0.5316,0.51,0.52,0.49,104,20,
KXNFLRECYDS-26SEP27CARCLE-CARDWALLER88-15,26SEP27CARCLE,Darren Waller,2505,TE,receiving yards,THRESHOLD,15+,28.79,0.6398,0.58,0.61,0.42,162,25,
KXNFLRECYDS-26SEP27CARCLE-CARCHUBBARD30-50,26SEP27CARCLE,Chuba Hubbard,7594,RB,receiving yards,THRESHOLD,50+,15.54,0.0591,0.05,0.07,0.95,6004,30,
KXNFLRECYDS-26SEP27CARCLE-CARCHUBBARD30-40,26SEP27CARCLE,Chuba Hubbard,7594,RB,receiving yards,THRESHOLD,40+,15.54,0.0990,0.10,0.11,0.90,25,3,
KXNFLRECYDS-26SEP27CARCLE-CARCHUBBARD30-25,26SEP27CARCLE,Chuba Hubbard,7594,RB,receiving yards,THRESHOLD,25+,15.54,0.2371,0.27,0.29,0.73,27,13,
KXNFLRECYDS-26SEP27CARCLE-CARCHUBBARD30-15,26SEP27CARCLE,Chuba Hubbard,7594,RB,receiving yards,THRESHOLD,15+,15.54,0.4251,0.49,0.50,0.51,92,25,
KXNFLRECYDS-26SEP27LVNO-LVTTUCKER1-120,26SEP27LVNO,Tre Tucker,10213,WR,receiving yards,THRESHOLD,120+,39.67,0.0158,0.02,0.05,0.98,8439,125,
KXNFLRECYDS-26SEP27LVNO-LVTTUCKER1-110,26SEP27LVNO,Tre Tucker,10213,WR,receiving yards,THRESHOLD,110+,39.67,0.0225,0.03,0.06,0.97,25,25,
KXNFLRECYDS-26SEP27LVNO-LVTTUCKER1-100,26SEP27LVNO,Tre Tucker,10213,WR,receiving yards,THRESHOLD,100+,39.67,0.0358,0.07,0.09,0.93,15415,3,
KXNFLRECYDS-26SEP27LVNO-LVTTUCKER1-90,26SEP27LVNO,Tre Tucker,10213,WR,receiving yards,THRESHOLD,90+,39.67,0.0541,0.08,0.12,0.92,5636,61,
KXNFLRECYDS-26SEP27LVNO-LVTTUCKER1-80,26SEP27LVNO,Tre Tucker,10213,WR,receiving yards,THRESHOLD,80+,39.67,0.0874,0.15,0.17,0.85,8578,2,
KXNFLRECYDS-26SEP27LVNO-LVTTUCKER1-70,26SEP27LVNO,Tre Tucker,10213,WR,receiving yards,THRESHOLD,70+,39.67,0.1423,0.20,0.23,0.80,51,3,
KXNFLRECYDS-26SEP27LVNO-LVTTUCKER1-60,26SEP27LVNO,Tre Tucker,10213,WR,receiving yards,THRESHOLD,60+,39.67,0.2055,0.30,0.32,0.70,12702,1,
KXNFLRECYDS-26SEP27LVNO-LVTTUCKER1-50,26SEP27LVNO,Tre Tucker,10213,WR,receiving yards,THRESHOLD,50+,39.67,0.2770,0.40,0.41,0.60,1729,15,
KXNFLRECYDS-26SEP27LVNO-LVTTUCKER1-40,26SEP27LVNO,Tre Tucker,10213,WR,receiving yards,THRESHOLD,40+,39.67,0.3918,0.52,0.53,0.48,2032,25,
KXNFLRECYDS-26SEP27LVNO-LVTTUCKER1-25,26SEP27LVNO,Tre Tucker,10213,WR,receiving yards,THRESHOLD,25+,39.67,0.5865,0.71,0.72,0.29,1529,2,
KXNFLRECYDS-26SEP27LVNO-LVTTUCKER1-15,26SEP27LVNO,Tre Tucker,10213,WR,receiving yards,THRESHOLD,15+,39.67,0.7296,0.84,0.85,0.16,2778,3,
KXNFLRECYDS-26SEP27LVNO-LVAJEANTY2-80,26SEP27LVNO,Ashton Jeanty,12527,RB,receiving yards,THRESHOLD,80+,21.37,0.0125,0.02,0.05,0.98,13372,50,
KXNFLRECYDS-26SEP27LVNO-LVAJEANTY2-70,26SEP27LVNO,Ashton Jeanty,12527,RB,receiving yards,THRESHOLD,70+,21.37,0.0241,0.03,0.07,0.97,11865,25,
KXNFLRECYDS-26SEP27LVNO-LVAJEANTY2-60,26SEP27LVNO,Ashton Jeanty,12527,RB,receiving yards,THRESHOLD,60+,21.37,0.0424,0.06,0.10,0.94,17400,25,
KXNFLRECYDS-26SEP27LVNO-LVAJEANTY2-50,26SEP27LVNO,Ashton Jeanty,12527,RB,receiving yards,THRESHOLD,50+,21.37,0.0774,0.12,0.15,0.88,11000,5,
KXNFLRECYDS-26SEP27LVNO-LVAJEANTY2-40,26SEP27LVNO,Ashton Jeanty,12527,RB,receiving yards,THRESHOLD,40+,21.37,0.1223,0.21,0.24,0.79,11131,78,
KXNFLRECYDS-26SEP27LVNO-LVAJEANTY2-25,26SEP27LVNO,Ashton Jeanty,12527,RB,receiving yards,THRESHOLD,25+,21.37,0.2903,0.43,0.47,0.57,12936,3,
KXNFLRECYDS-26SEP27LVNO-LVAJEANTY2-15,26SEP27LVNO,Ashton Jeanty,12527,RB,receiving yards,THRESHOLD,15+,21.37,0.4601,0.64,0.67,0.36,2125,1,
KXNFLRECYDS-26SEP27LVNO-NOJJOHNSON83-100,26SEP27LVNO,Juwan Johnson,7002,TE,receiving yards,THRESHOLD,100+,46.33,0.0441,0.02,0.04,0.98,1041,181,
KXNFLRECYDS-26SEP27LVNO-NOJJOHNSON83-90,26SEP27LVNO,Juwan Johnson,7002,TE,receiving yards,THRESHOLD,90+,46.33,0.0724,0.04,0.07,0.96,22045,125,
KXNFLRECYDS-26SEP27LVNO-NOJJOHNSON83-80,26SEP27LVNO,Juwan Johnson,7002,TE,receiving yards,THRESHOLD,80+,46.33,0.1206,0.07,0.10,0.93,25,125,
KXNFLRECYDS-26SEP27LVNO-NOJJOHNSON83-70,26SEP27LVNO,Juwan Johnson,7002,TE,receiving yards,THRESHOLD,70+,46.33,0.1905,0.12,0.14,0.88,25,3,
KXNFLRECYDS-26SEP27LVNO-NOJJOHNSON83-60,26SEP27LVNO,Juwan Johnson,7002,TE,receiving yards,THRESHOLD,60+,46.33,0.2604,0.19,0.21,0.81,31,23,
KXNFLRECYDS-26SEP27LVNO-NOJJOHNSON83-50,26SEP27LVNO,Juwan Johnson,7002,TE,receiving yards,THRESHOLD,50+,46.33,0.3619,0.30,0.31,0.70,2055,28,
KXNFLRECYDS-26SEP27LVNO-NOJJOHNSON83-40,26SEP27LVNO,Juwan Johnson,7002,TE,receiving yards,THRESHOLD,40+,46.33,0.5150,0.41,0.44,0.59,1864,130,
KXNFLRECYDS-26SEP27LVNO-NOJJOHNSON83-35,26SEP27LVNO,Juwan Johnson,7002,TE,receiving yards,THRESHOLD,35+,46.33,0.5982,0.50,0.51,0.50,83,25,
KXNFLRECYDS-26SEP27LVNO-NOJJOHNSON83-25,26SEP27LVNO,Juwan Johnson,7002,TE,receiving yards,THRESHOLD,25+,46.33,0.7446,0.67,0.68,0.33,912,5,
KXNFLRECYDS-26SEP28PHICHI-PHIDWICKS13-90,26SEP28PHICHI,Dontayvion Wicks,9486,WR,receiving yards,THRESHOLD,90+,43.58,0.0757,0.08,0.12,0.92,25,25,
KXNFLRECYDS-26SEP28PHICHI-PHIDWICKS13-80,26SEP28PHICHI,Dontayvion Wicks,9486,WR,receiving yards,THRESHOLD,80+,43.58,0.1073,0.14,0.16,0.86,23,203,
KXNFLRECYDS-26SEP28PHICHI-PHIDWICKS13-70,26SEP28PHICHI,Dontayvion Wicks,9486,WR,receiving yards,THRESHOLD,70+,43.58,0.1622,0.21,0.23,0.79,37,5,
KXNFLRECYDS-26SEP28PHICHI-PHIDWICKS13-60,26SEP28PHICHI,Dontayvion Wicks,9486,WR,receiving yards,THRESHOLD,60+,43.58,0.2454,0.32,0.33,0.68,5320,303,
KXNFLRECYDS-26SEP28PHICHI-PHIDWICKS13-50,26SEP28PHICHI,Dontayvion Wicks,9486,WR,receiving yards,THRESHOLD,50+,43.58,0.3369,0.39,0.41,0.61,72,7,
KXNFLRECYDS-26SEP28PHICHI-PHIDWICKS13-40,26SEP28PHICHI,Dontayvion Wicks,9486,WR,receiving yards,THRESHOLD,40+,43.58,0.4517,0.52,0.55,0.48,5456,56,
KXNFLRECYDS-26SEP28PHICHI-PHIDWICKS13-25,26SEP28PHICHI,Dontayvion Wicks,9486,WR,receiving yards,THRESHOLD,25+,43.58,0.6614,0.67,0.71,0.33,139,32,
KXNFLRECYDS-26SEP28PHICHI-PHIDWICKS13-15,26SEP28PHICHI,Dontayvion Wicks,9486,WR,receiving yards,THRESHOLD,15+,43.58,0.7962,0.78,0.81,0.22,3,26,
KXNFLRECYDS-26SEP28PHICHI-PHIDWICKS13-110,26SEP28PHICHI,Dontayvion Wicks,9486,WR,receiving yards,THRESHOLD,110+,43.58,0.0324,0.03,0.07,0.97,5305,25,
KXNFLRECYDS-26SEP28PHICHI-PHIDWICKS13-100,26SEP28PHICHI,Dontayvion Wicks,9486,WR,receiving yards,THRESHOLD,100+,43.58,0.0458,0.05,0.09,0.95,25,85,
KXNFLRECYDS-26SEP28PHICHI-PHIDSMITH6-90,26SEP28PHICHI,DeVonta Smith,7525,WR,receiving yards,THRESHOLD,90+,77.99,0.3303,0.29,0.33,0.71,44,60,
KXNFLRECYDS-26SEP28PHICHI-PHIDSMITH6-80,26SEP28PHICHI,DeVonta Smith,7525,WR,receiving yards,THRESHOLD,80+,77.99,0.4052,0.38,0.43,0.62,107,58,
KXNFLRECYDS-26SEP28PHICHI-PHIDSMITH6-70,26SEP28PHICHI,DeVonta Smith,7525,WR,receiving yards,THRESHOLD,70+,77.99,0.5033,0.49,0.53,0.51,134,157,
KXNFLRECYDS-26SEP28PHICHI-PHIDSMITH6-60,26SEP28PHICHI,DeVonta Smith,7525,WR,receiving yards,THRESHOLD,60+,77.99,0.5998,0.59,0.63,0.41,172,219,
KXNFLRECYDS-26SEP28PHICHI-PHIDSMITH6-50,26SEP28PHICHI,DeVonta Smith,7525,WR,receiving yards,THRESHOLD,50+,77.99,0.7080,0.67,0.72,0.33,166,2,
KXNFLRECYDS-26SEP28PHICHI-PHIDSMITH6-40,26SEP28PHICHI,DeVonta Smith,7525,WR,receiving yards,THRESHOLD,40+,77.99,0.7978,0.79,0.80,0.21,144,5,
KXNFLRECYDS-26SEP28PHICHI-PHIDSMITH6-160,26SEP28PHICHI,DeVonta Smith,7525,WR,receiving yards,THRESHOLD,160+,77.99,0.0424,0.03,0.06,0.97,5860,25,
KXNFLRECYDS-26SEP28PHICHI-PHIDSMITH6-150,26SEP28PHICHI,DeVonta Smith,7525,WR,receiving yards,THRESHOLD,150+,77.99,0.0591,0.03,0.08,0.97,4700,25,
KXNFLRECYDS-26SEP28PHICHI-PHIDSMITH6-140,26SEP28PHICHI,DeVonta Smith,7525,WR,receiving yards,THRESHOLD,140+,77.99,0.0807,0.04,0.09,0.96,25,25,
KXNFLRECYDS-26SEP28PHICHI-PHIDSMITH6-130,26SEP28PHICHI,DeVonta Smith,7525,WR,receiving yards,THRESHOLD,130+,77.99,0.1040,0.07,0.12,0.93,1159,25,
KXNFLRECYDS-26SEP28PHICHI-PHIDSMITH6-120,26SEP28PHICHI,DeVonta Smith,7525,WR,receiving yards,THRESHOLD,120+,77.99,0.1439,0.11,0.16,0.89,1165,40,
KXNFLRECYDS-26SEP28PHICHI-PHIDSMITH6-110,26SEP28PHICHI,DeVonta Smith,7525,WR,receiving yards,THRESHOLD,110+,77.99,0.2055,0.16,0.21,0.84,122,85,
KXNFLRECYDS-26SEP28PHICHI-PHIDSMITH6-100,26SEP28PHICHI,DeVonta Smith,7525,WR,receiving yards,THRESHOLD,100+,77.99,0.2637,0.22,0.26,0.78,9,56,
KXNFLRECYDS-26SEP27LVNO-NOJJOHNSON83-15,26SEP27LVNO,Juwan Johnson,7002,TE,receiving yards,THRESHOLD,15+,46.33,0.8694,0.80,0.81,0.20,1459,9,
KXNFLRECYDS-26SEP27LVNO-NODVELE14-90,26SEP27LVNO,Devaughn Vele,11834,WR,receiving yards,THRESHOLD,90+,42.65,0.0824,0.11,0.15,0.89,13189,138,
KXNFLRECYDS-26SEP27LVNO-NODVELE14-80,26SEP27LVNO,Devaughn Vele,11834,WR,receiving yards,THRESHOLD,80+,42.65,0.1156,0.16,0.20,0.84,42,436,
KXNFLRECYDS-26SEP27LVNO-NODVELE14-70,26SEP27LVNO,Devaughn Vele,11834,WR,receiving yards,THRESHOLD,70+,42.65,0.1672,0.24,0.27,0.76,51,2,
KXNFLRECYDS-26SEP27LVNO-NODVELE14-60,26SEP27LVNO,Devaughn Vele,11834,WR,receiving yards,THRESHOLD,60+,42.65,0.2404,0.34,0.36,0.66,1522,20,
KXNFLRECYDS-26SEP27LVNO-NODVELE14-50,26SEP27LVNO,Devaughn Vele,11834,WR,receiving yards,THRESHOLD,50+,42.65,0.3419,0.45,0.46,0.55,416,44,
KXNFLRECYDS-26SEP27LVNO-NODVELE14-40,26SEP27LVNO,Devaughn Vele,11834,WR,receiving yards,THRESHOLD,40+,42.65,0.4651,0.57,0.58,0.43,123,452,
KXNFLRECYDS-26SEP27LVNO-NODVELE14-25,26SEP27LVNO,Devaughn Vele,11834,WR,receiving yards,THRESHOLD,25+,42.65,0.6564,0.74,0.75,0.26,162,828,
KXNFLRECYDS-26SEP27LVNO-NODVELE14-120,26SEP27LVNO,Devaughn Vele,11834,WR,receiving yards,THRESHOLD,120+,42.65,0.0241,0.03,0.05,0.97,1052,88,
KXNFLRECYDS-26SEP27LVNO-NODVELE14-110,26SEP27LVNO,Devaughn Vele,11834,WR,receiving yards,THRESHOLD,110+,42.65,0.0374,0.04,0.08,0.96,14700,136,
KXNFLRECYDS-26SEP27LVNO-NODVELE14-100,26SEP27LVNO,Devaughn Vele,11834,WR,receiving yards,THRESHOLD,100+,42.65,0.0574,0.07,0.11,0.93,17453,133,
KXNFLRECYDS-26SEP27LVNO-NOCOLAVE12-90,26SEP27LVNO,Chris Olave,8144,WR,receiving yards,THRESHOLD,90+,79.69,0.3303,0.34,0.37,0.66,35,103,
KXNFLRECYDS-26SEP27LVNO-NOCOLAVE12-80,26SEP27LVNO,Chris Olave,8144,WR,receiving yards,THRESHOLD,80+,79.69,0.4151,0.46,0.47,0.54,102,255,
KXNFLRECYDS-26SEP27LVNO-NOCOLAVE12-70,26SEP27LVNO,Chris Olave,8144,WR,receiving yards,THRESHOLD,70+,79.69,0.5033,0.55,0.56,0.45,4,200,
KXNFLRECYDS-26SEP27LVNO-NOCOLAVE12-60,26SEP27LVNO,Chris Olave,8144,WR,receiving yards,THRESHOLD,60+,79.69,0.5982,0.63,0.65,0.37,59,840,
KXNFLRECYDS-26SEP27LVNO-NOCOLAVE12-50,26SEP27LVNO,Chris Olave,8144,WR,receiving yards,THRESHOLD,50+,79.69,0.6997,0.72,0.73,0.28,124,50,
KXNFLRECYDS-26SEP27LVNO-NOCOLAVE12-40,26SEP27LVNO,Chris Olave,8144,WR,receiving yards,THRESHOLD,40+,79.69,0.7945,0.82,0.83,0.18,231,12,
KXNFLRECYDS-26SEP27LVNO-NOCOLAVE12-170,26SEP27LVNO,Chris Olave,8144,WR,receiving yards,THRESHOLD,170+,79.69,0.0258,0.02,0.04,0.98,1041,195,
KXNFLRECYDS-26SEP27LVNO-NOCOLAVE12-160,26SEP27LVNO,Chris Olave,8144,WR,receiving yards,THRESHOLD,160+,79.69,0.0408,0.02,0.05,0.98,15,65,
KXNFLRECYDS-26SEP27LVNO-NOCOLAVE12-150,26SEP27LVNO,Chris Olave,8144,WR,receiving yards,THRESHOLD,150+,79.69,0.0574,0.05,0.06,0.95,1063,48,
KXNFLRECYDS-26SEP27LVNO-NOCOLAVE12-140,26SEP27LVNO,Chris Olave,8144,WR,receiving yards,THRESHOLD,140+,79.69,0.0790,0.06,0.10,0.94,1311,76,
KXNFLRECYDS-26SEP27LVNO-NOCOLAVE12-130,26SEP27LVNO,Chris Olave,8144,WR,receiving yards,THRESHOLD,130+,79.69,0.1057,0.11,0.12,0.89,1329,16,
KXNFLRECYDS-26SEP27LVNO-NOCOLAVE12-120,26SEP27LVNO,Chris Olave,8144,WR,receiving yards,THRESHOLD,120+,79.69,0.1489,0.15,0.16,0.85,662,24,
KXNFLRECYDS-26SEP27LVNO-NOCOLAVE12-110,26SEP27LVNO,Chris Olave,8144,WR,receiving yards,THRESHOLD,110+,79.69,0.2022,0.21,0.22,0.79,20,23,
KXNFLRECYDS-26SEP27LVNO-NOCOLAVE12-100,26SEP27LVNO,Chris Olave,8144,WR,receiving yards,THRESHOLD,100+,79.69,0.2604,0.28,0.30,0.72,1742,20,
KXNFLRECYDS-26SEP27KCMIA-MIADACHANE28-80,26SEP27KCMIA,De'Von Achane,9226,RB,receiving yards,THRESHOLD,80+,26.88,0.0241,0.02,0.06,0.98,22501,125,
KXNFLRECYDS-26SEP27KCMIA-MIADACHANE28-70,26SEP27KCMIA,De'Von Achane,9226,RB,receiving yards,THRESHOLD,70+,26.88,0.0374,0.05,0.08,0.95,33727,85,
KXNFLRECYDS-26SEP27KCMIA-MIADACHANE28-60,26SEP27KCMIA,De'Von Achane,9226,RB,receiving yards,THRESHOLD,60+,26.88,0.0607,0.09,0.12,0.91,20000,2619,
KXNFLRECYDS-26SEP27KCMIA-MIADACHANE28-50,26SEP27KCMIA,De'Von Achane,9226,RB,receiving yards,THRESHOLD,50+,26.88,0.1123,0.17,0.18,0.83,200,1220,
KXNFLRECYDS-26SEP27KCMIA-MIADACHANE28-40,26SEP27KCMIA,De'Von Achane,9226,RB,receiving yards,THRESHOLD,40+,26.88,0.2005,0.28,0.29,0.72,1408,1200,
KXNFLRECYDS-26SEP27KCMIA-MIADACHANE28-25,26SEP27KCMIA,De'Von Achane,9226,RB,receiving yards,THRESHOLD,25+,26.88,0.4151,0.53,0.54,0.47,21,2,
KXNFLRECYDS-26SEP27KCMIA-MIADACHANE28-15,26SEP27KCMIA,De'Von Achane,9226,RB,receiving yards,THRESHOLD,15+,26.88,0.5965,0.71,0.72,0.29,25,5,
KXNFLRECYDS-26SEP27KCMIA-KCXWORTHY1-90,26SEP27KCMIA,Xavier Worthy,11624,WR,receiving yards,THRESHOLD,90+,41.55,0.0674,0.05,0.08,0.95,6886,2045,
KXNFLRECYDS-26SEP27KCMIA-KCXWORTHY1-80,26SEP27KCMIA,Xavier Worthy,11624,WR,receiving yards,THRESHOLD,80+,41.55,0.1040,0.09,0.12,0.91,20600,29,
KXNFLRECYDS-26SEP27KCMIA-KCXWORTHY1-70,26SEP27KCMIA,Xavier Worthy,11624,WR,receiving yards,THRESHOLD,70+,41.55,0.1506,0.16,0.18,0.84,41220,1,
KXNFLRECYDS-26SEP27KCMIA-KCXWORTHY1-60,26SEP27KCMIA,Xavier Worthy,11624,WR,receiving yards,THRESHOLD,60+,41.55,0.2238,0.23,0.24,0.77,20,1,
KXNFLRECYDS-26SEP27KCMIA-KCXWORTHY1-50,26SEP27KCMIA,Xavier Worthy,11624,WR,receiving yards,THRESHOLD,50+,41.55,0.3053,0.33,0.35,0.67,20,1,
KXNFLRECYDS-26SEP27KCMIA-KCXWORTHY1-40,26SEP27KCMIA,Xavier Worthy,11624,WR,receiving yards,THRESHOLD,40+,41.55,0.4384,0.48,0.49,0.52,2077,702,
KXNFLRECYDS-26SEP27KCMIA-KCXWORTHY1-25,26SEP27KCMIA,Xavier Worthy,11624,WR,receiving yards,THRESHOLD,25+,41.55,0.6348,0.67,0.68,0.33,273,2,
KXNFLRECYDS-26SEP27KCMIA-KCXWORTHY1-15,26SEP27KCMIA,Xavier Worthy,11624,WR,receiving yards,THRESHOLD,15+,41.55,0.7662,0.81,0.82,0.19,5,3,
KXNFLRECYDS-26SEP27KCMIA-KCXWORTHY1-100,26SEP27KCMIA,Xavier Worthy,11624,WR,receiving yards,THRESHOLD,100+,41.55,0.0424,0.03,0.05,0.97,1,25,
KXNFLRECYDS-26SEP27KCMIA-KCTKELCE87-90,26SEP27KCMIA,Travis Kelce,1466,TE,receiving yards,THRESHOLD,90+,50.35,0.0957,0.13,0.14,0.87,20,2,
KXNFLRECYDS-26SEP27KCMIA-KCTKELCE87-80,26SEP27KCMIA,Travis Kelce,1466,TE,receiving yards,THRESHOLD,80+,50.35,0.1489,0.18,0.20,0.82,20,6,
KXNFLRECYDS-26SEP27KCMIA-KCTKELCE87-70,26SEP27KCMIA,Travis Kelce,1466,TE,receiving yards,THRESHOLD,70+,50.35,0.2155,0.28,0.29,0.72,39,1,
KXNFLRECYDS-26SEP27KCMIA-KCTKELCE87-60,26SEP27KCMIA,Travis Kelce,1466,TE,receiving yards,THRESHOLD,60+,50.35,0.3020,0.37,0.38,0.63,45,24,
KXNFLRECYDS-26SEP27KCMIA-KCTKELCE87-50,26SEP27KCMIA,Travis Kelce,1466,TE,receiving yards,THRESHOLD,50+,50.35,0.3902,0.49,0.50,0.51,1925,21,
KXNFLRECYDS-26SEP27KCMIA-KCTKELCE87-40,26SEP27KCMIA,Travis Kelce,1466,TE,receiving yards,THRESHOLD,40+,50.35,0.5300,0.63,0.64,0.37,141,4,
KXNFLRECYDS-26SEP27KCMIA-KCTKELCE87-25,26SEP27KCMIA,Travis Kelce,1466,TE,receiving yards,THRESHOLD,25+,50.35,0.7496,0.81,0.82,0.19,1319,10,
KXNFLRECYDS-26SEP27KCMIA-KCTKELCE87-120,26SEP27KCMIA,Travis Kelce,1466,TE,receiving yards,THRESHOLD,120+,50.35,0.0241,0.05,0.06,0.95,32106,30,
KXNFLRECYDS-26SEP27KCMIA-KCTKELCE87-110,26SEP27KCMIA,Travis Kelce,1466,TE,receiving yards,THRESHOLD,110+,50.35,0.0408,0.04,0.07,0.96,6250,25,
KXNFLRECYDS-26SEP27KCMIA-KCTKELCE87-100,26SEP27KCMIA,Travis Kelce,1466,TE,receiving yards,THRESHOLD,100+,50.35,0.0591,0.08,0.10,0.92,15,260,
KXNFLRECYDS-26SEP27KCMIA-KCRRICE4-90,26SEP27KCMIA,Rashee Rice,10229,WR,receiving yards,THRESHOLD,90+,49.64,0.1057,0.11,0.13,0.89,200,9,
KXNFLRECYDS-26SEP27KCMIA-KCRRICE4-80,26SEP27KCMIA,Rashee Rice,10229,WR,receiving yards,THRESHOLD,80+,49.64,0.1656,0.18,0.19,0.82,11195,4,
KXNFLRECYDS-26SEP27KCMIA-KCRRICE4-70,26SEP27KCMIA,Rashee Rice,10229,WR,receiving yards,THRESHOLD,70+,49.64,0.2338,0.24,0.25,0.76,48,4,
KXNFLRECYDS-26SEP27KCMIA-KCRRICE4-60,26SEP27KCMIA,Rashee Rice,10229,WR,receiving yards,THRESHOLD,60+,49.64,0.3070,0.35,0.36,0.65,11292,2,
KXNFLRECYDS-26SEP27KCMIA-KCRRICE4-50,26SEP27KCMIA,Rashee Rice,10229,WR,receiving yards,THRESHOLD,50+,49.64,0.4052,0.46,0.47,0.54,217,688,
KXNFLRECYDS-26SEP27KCMIA-KCRRICE4-40,26SEP27KCMIA,Rashee Rice,10229,WR,receiving yards,THRESHOLD,40+,49.64,0.5549,0.59,0.60,0.41,3186,2,
KXNFLRECYDS-26SEP27KCMIA-KCRRICE4-25,26SEP27KCMIA,Rashee Rice,10229,WR,receiving yards,THRESHOLD,25+,49.64,0.7180,0.77,0.78,0.23,902,2,
KXNFLRECYDS-26SEP27KCMIA-KCRRICE4-120,26SEP27KCMIA,Rashee Rice,10229,WR,receiving yards,THRESHOLD,120+,49.64,0.0291,0.02,0.05,0.98,6250,125,
KXNFLRECYDS-26SEP27KCMIA-KCRRICE4-110,26SEP27KCMIA,Rashee Rice,10229,WR,receiving yards,THRESHOLD,110+,49.64,0.0524,0.04,0.07,0.96,435,8,
KXNFLRECYDS-26SEP27KCMIA-KCRRICE4-100,26SEP27KCMIA,Rashee Rice,10229,WR,receiving yards,THRESHOLD,100+,49.64,0.0707,0.07,0.09,0.93,2046,8,
KXNFLRECYDS-26SEP27KCMIA-KCKWALKER9-70,26SEP27KCMIA,Kenneth Walker III,8151,RB,receiving yards,THRESHOLD,70+,28.59,0.0408,0.04,0.05,0.96,1052,5,
KXNFLRECYDS-26SEP27KCMIA-KCKWALKER9-60,26SEP27KCMIA,Kenneth Walker III,8151,RB,receiving yards,THRESHOLD,60+,28.59,0.0657,0.06,0.08,0.94,1292,1000,
KXNFLRECYDS-26SEP27KCMIA-KCKWALKER9-50,26SEP27KCMIA,Kenneth Walker III,8151,RB,receiving yards,THRESHOLD,50+,28.59,0.1290,0.11,0.14,0.89,1362,99,
KXNFLRECYDS-26SEP27KCMIA-KCKWALKER9-40,26SEP27KCMIA,Kenneth Walker III,8151,RB,receiving yards,THRESHOLD,40+,28.59,0.2238,0.20,0.23,0.80,30,131,
KXNFLRECYDS-26SEP27KCMIA-KCKWALKER9-25,26SEP27KCMIA,Kenneth Walker III,8151,RB,receiving yards,THRESHOLD,25+,28.59,0.4451,0.46,0.47,0.54,17098,7,
KXNFLRECYDS-26SEP27KCMIA-KCKWALKER9-15,26SEP27KCMIA,Kenneth Walker III,8151,RB,receiving yards,THRESHOLD,15+,28.59,0.6198,0.67,0.68,0.33,2168,1,
KXNFLRECYDS-26SEP27KCMIA-KCEJOHNSON10-50,26SEP27KCMIA,Emmett Johnson,13337,RB,receiving yards,THRESHOLD,50+,10.16,0.0208,0.03,0.05,0.97,20630,24,
KXNFLRECYDS-26SEP27KCMIA-KCEJOHNSON10-40,26SEP27KCMIA,Emmett Johnson,13337,RB,receiving yards,THRESHOLD,40+,10.16,0.0541,0.05,0.08,0.95,5,129,
KXNFLRECYDS-26SEP27KCMIA-KCEJOHNSON10-25,26SEP27KCMIA,Emmett Johnson,13337,RB,receiving yards,THRESHOLD,25+,10.16,0.1339,0.19,0.21,0.81,26,12,
KXNFLRECYDS-26SEP27KCMIA-KCEJOHNSON10-15,26SEP27KCMIA,Emmett Johnson,13337,RB,receiving yards,THRESHOLD,15+,10.16,0.2637,0.38,0.39,0.62,70,24,
KXNFLRECYDS-26SEP27LARDEN-DENCSUTTON14-110,26SEP27LARDEN,Courtland Sutton,5045,WR,receiving yards,THRESHOLD,110+,48.05,0.0507,0.02,0.04,0.98,4800,125,
KXNFLRECYDS-26SEP27LARDEN-DENCSUTTON14-100,26SEP27LARDEN,Courtland Sutton,5045,WR,receiving yards,THRESHOLD,100+,48.05,0.0707,0.03,0.06,0.97,18082,25,
KXNFLRECYDS-26SEP27LARDEN-DENCSUTTON14-90,26SEP27LARDEN,Courtland Sutton,5045,WR,receiving yards,THRESHOLD,90+,48.05,0.1073,0.04,0.08,0.96,4800,25,
KXNFLRECYDS-26SEP27LARDEN-DENCSUTTON14-80,26SEP27LARDEN,Courtland Sutton,5045,WR,receiving yards,THRESHOLD,80+,48.05,0.1506,0.08,0.11,0.92,5,20,
KXNFLRECYDS-26SEP27LARDEN-DENCSUTTON14-70,26SEP27LARDEN,Courtland Sutton,5045,WR,receiving yards,THRESHOLD,70+,48.05,0.2188,0.14,0.17,0.86,5260,27,
KXNFLRECYDS-26SEP27LARDEN-DENCSUTTON14-60,26SEP27LARDEN,Courtland Sutton,5045,WR,receiving yards,THRESHOLD,60+,48.05,0.2887,0.20,0.24,0.80,5260,25,
KXNFLRECYDS-26SEP27LARDEN-DENCSUTTON14-50,26SEP27LARDEN,Courtland Sutton,5045,WR,receiving yards,THRESHOLD,50+,48.05,0.3735,0.29,0.33,0.71,760,25,
KXNFLRECYDS-26SEP27LARDEN-DENCSUTTON14-40,26SEP27LARDEN,Courtland Sutton,5045,WR,receiving yards,THRESHOLD,40+,48.05,0.5250,0.44,0.46,0.56,2611,668,
KXNFLRECYDS-26SEP27LARDEN-DENCSUTTON14-25,26SEP27LARDEN,Courtland Sutton,5045,WR,receiving yards,THRESHOLD,25+,48.05,0.6897,0.62,0.66,0.38,137,25,
KXNFLRECYDS-26SEP27LARDEN-DENCSUTTON14-15,26SEP27LARDEN,Courtland Sutton,5045,WR,receiving yards,THRESHOLD,15+,48.05,0.8278,0.76,0.79,0.24,127,26,
KXNFLRECYDS-26SEP27ARISF-ARITMCBRIDE85-90,26SEP27ARISF,Trey McBride,8130,TE,receiving yards,THRESHOLD,90+,66.38,0.1922,0.24,0.27,0.76,20,3,
KXNFLRECYDS-26SEP27ARISF-ARITMCBRIDE85-80,26SEP27ARISF,Trey McBride,8130,TE,receiving yards,THRESHOLD,80+,66.38,0.2504,0.34,0.36,0.66,25,5,
KXNFLRECYDS-26SEP27ARISF-ARITMCBRIDE85-70,26SEP27ARISF,Trey McBride,8130,TE,receiving yards,THRESHOLD,70+,66.38,0.3319,0.44,0.46,0.56,11,110,
KXNFLRECYDS-26SEP27ARISF-ARITMCBRIDE85-60,26SEP27ARISF,Trey McBride,8130,TE,receiving yards,THRESHOLD,60+,66.38,0.4301,0.55,0.57,0.45,11,2067,
KXNFLRECYDS-26SEP27ARISF-ARITMCBRIDE85-50,26SEP27ARISF,Trey McBride,8130,TE,receiving yards,THRESHOLD,50+,66.38,0.5399,0.68,0.69,0.32,121,25,
KXNFLRECYDS-26SEP27ARISF-ARITMCBRIDE85-40,26SEP27ARISF,Trey McBride,8130,TE,receiving yards,THRESHOLD,40+,66.38,0.6631,0.79,0.80,0.21,2217,5,
KXNFLRECYDS-26SEP27ARISF-ARITMCBRIDE85-140,26SEP27ARISF,Trey McBride,8130,TE,receiving yards,THRESHOLD,140+,66.38,0.0291,0.05,0.06,0.95,8000,30,
KXNFLRECYDS-26SEP27ARISF-ARITMCBRIDE85-130,26SEP27ARISF,Trey McBride,8130,TE,receiving yards,THRESHOLD,130+,66.38,0.0374,0.05,0.08,0.95,5376,25,
KXNFLRECYDS-26SEP27ARISF-ARITMCBRIDE85-120,26SEP27ARISF,Trey McBride,8130,TE,receiving yards,THRESHOLD,120+,66.38,0.0591,0.06,0.11,0.94,6260,75,
KXNFLRECYDS-26SEP27ARISF-ARITMCBRIDE85-110,26SEP27ARISF,Trey McBride,8130,TE,receiving yards,THRESHOLD,110+,66.38,0.0907,0.12,0.15,0.88,11200,2,
KXNFLRECYDS-26SEP27ARISF-ARITMCBRIDE85-100,26SEP27ARISF,Trey McBride,8130,TE,receiving yards,THRESHOLD,100+,66.38,0.1323,0.18,0.19,0.82,200,190,
KXNFLRECYDS-26SEP27ARISF-ARIMWILSON14-90,26SEP27ARISF,Michael Wilson,10232,WR,receiving yards,THRESHOLD,90+,56.23,0.1689,0.11,0.12,0.89,200,4,
KXNFLRECYDS-26SEP27ARISF-ARIMWILSON14-80,26SEP27ARISF,Michael Wilson,10232,WR,receiving yards,THRESHOLD,80+,56.23,0.2338,0.16,0.17,0.84,345,2,
KXNFLRECYDS-26SEP27ARISF-ARIMWILSON14-70,26SEP27ARISF,Michael Wilson,10232,WR,receiving yards,THRESHOLD,70+,56.23,0.2987,0.23,0.24,0.77,454,1,
KXNFLRECYDS-26SEP27ARISF-ARIMWILSON14-60,26SEP27ARISF,Michael Wilson,10232,WR,receiving yards,THRESHOLD,60+,56.23,0.4118,0.31,0.32,0.69,1821,49,
KXNFLRECYDS-26SEP27ARISF-ARIMWILSON14-50,26SEP27ARISF,Michael Wilson,10232,WR,receiving yards,THRESHOLD,50+,56.23,0.5083,0.44,0.45,0.56,11481,65,
KXNFLRECYDS-26SEP27ARISF-ARIMWILSON14-40,26SEP27ARISF,Michael Wilson,10232,WR,receiving yards,THRESHOLD,40+,56.23,0.6248,0.56,0.58,0.44,1033,25,
KXNFLRECYDS-26SEP27ARISF-ARIMWILSON14-25,26SEP27ARISF,Michael Wilson,10232,WR,receiving yards,THRESHOLD,25+,56.23,0.8062,0.74,0.75,0.26,2059,1,
KXNFLRECYDS-26SEP27ARISF-ARIMWILSON14-120,26SEP27ARISF,Michael Wilson,10232,WR,receiving yards,THRESHOLD,120+,56.23,0.0591,0.03,0.04,0.97,331,24,
KXNFLRECYDS-26SEP27ARISF-ARIMWILSON14-110,26SEP27ARISF,Michael Wilson,10232,WR,receiving yards,THRESHOLD,110+,56.23,0.0890,0.03,0.06,0.97,200,110,
KXNFLRECYDS-26SEP27ARISF-ARIMWILSON14-100,26SEP27ARISF,Michael Wilson,10232,WR,receiving yards,THRESHOLD,100+,56.23,0.1240,0.07,0.09,0.93,1737,50,
KXNFLRECYDS-26SEP27ARISF-ARIMHARRISON18-90,26SEP27ARISF,Marvin Harrison Jr.,11628,WR,receiving yards,THRESHOLD,90+,37.85,0.0474,0.06,0.07,0.94,1075,5,
KXNFLRECYDS-26SEP27ARISF-ARIMHARRISON18-80,26SEP27ARISF,Marvin Harrison Jr.,11628,WR,receiving yards,THRESHOLD,80+,37.85,0.0790,0.10,0.11,0.90,200,4,
KXNFLRECYDS-26SEP27ARISF-ARIMHARRISON18-70,26SEP27ARISF,Marvin Harrison Jr.,11628,WR,receiving yards,THRESHOLD,70+,37.85,0.1140,0.14,0.16,0.86,1390,1,
KXNFLRECYDS-26SEP27ARISF-ARIMHARRISON18-60,26SEP27ARISF,Marvin Harrison Jr.,11628,WR,receiving yards,THRESHOLD,60+,37.85,0.1722,0.21,0.23,0.79,213,5,
KXNFLRECYDS-26SEP27ARISF-ARIMHARRISON18-50,26SEP27ARISF,Marvin Harrison Jr.,11628,WR,receiving yards,THRESHOLD,50+,37.85,0.2454,0.29,0.30,0.71,20,13,
KXNFLRECYDS-26SEP27ARISF-ARIMHARRISON18-40,26SEP27ARISF,Marvin Harrison Jr.,11628,WR,receiving yards,THRESHOLD,40+,37.85,0.3569,0.41,0.43,0.59,13075,15,
KXNFLRECYDS-26SEP27ARISF-ARIMHARRISON18-25,26SEP27ARISF,Marvin Harrison Jr.,11628,WR,receiving yards,THRESHOLD,25+,37.85,0.5499,0.60,0.61,0.40,2898,8,
KXNFLRECYDS-26SEP27ARISF-ARIMHARRISON18-15,26SEP27ARISF,Marvin Harrison Jr.,11628,WR,receiving yards,THRESHOLD,15+,37.85,0.7113,0.72,0.75,0.28,507,86,
KXNFLRECYDS-26SEP27MINTB-TBEEGBUKA2-90,26SEP27MINTB,Emeka Egbuka,12514,WR,receiving yards,THRESHOLD,90+,46.58,0.1290,0.15,0.16,0.85,11573,4,
KXNFLRECYDS-26SEP27MINTB-TBEEGBUKA2-80,26SEP27MINTB,Emeka Egbuka,12514,WR,receiving yards,THRESHOLD,80+,46.58,0.1722,0.19,0.21,0.81,1020,5,
KXNFLRECYDS-26SEP27MINTB-TBEEGBUKA2-70,26SEP27MINTB,Emeka Egbuka,12514,WR,receiving yards,THRESHOLD,70+,46.58,0.2354,0.25,0.27,0.75,20,19,
KXNFLRECYDS-26SEP27MINTB-TBEEGBUKA2-60,26SEP27MINTB,Emeka Egbuka,12514,WR,receiving yards,THRESHOLD,60+,46.58,0.3037,0.36,0.37,0.64,20,1,
KXNFLRECYDS-26SEP27MINTB-TBEEGBUKA2-50,26SEP27MINTB,Emeka Egbuka,12514,WR,receiving yards,THRESHOLD,50+,46.58,0.3835,0.49,0.50,0.51,20,1,
KXNFLRECYDS-26SEP27MINTB-TBEEGBUKA2-40,26SEP27MINTB,Emeka Egbuka,12514,WR,receiving yards,THRESHOLD,40+,46.58,0.5266,0.59,0.61,0.41,20,1,
KXNFLRECYDS-26SEP27MINTB-TBEEGBUKA2-25,26SEP27MINTB,Emeka Egbuka,12514,WR,receiving yards,THRESHOLD,25+,46.58,0.6830,0.76,0.80,0.24,303,77,
KXNFLRECYDS-26SEP27MINTB-TBEEGBUKA2-120,26SEP27MINTB,Emeka Egbuka,12514,WR,receiving yards,THRESHOLD,120+,46.58,0.0308,0.04,0.06,0.96,1730,50,
KXNFLRECYDS-26SEP27MINTB-TBEEGBUKA2-110,26SEP27MINTB,Emeka Egbuka,12514,WR,receiving yards,THRESHOLD,110+,46.58,0.0541,0.05,0.09,0.95,29912,25,
KXNFLRECYDS-26SEP27MINTB-TBEEGBUKA2-100,26SEP27MINTB,Emeka Egbuka,12514,WR,receiving yards,THRESHOLD,100+,46.58,0.0840,0.09,0.12,0.91,24811,150,
KXNFLRECYDS-26SEP27MINTB-TBCOTTON88-80,26SEP27MINTB,Cade Otton,8111,TE,receiving yards,THRESHOLD,80+,30.70,0.0391,0.03,0.06,0.97,16431,25,
KXNFLRECYDS-26SEP27MINTB-TBCOTTON88-70,26SEP27MINTB,Cade Otton,8111,TE,receiving yards,THRESHOLD,70+,30.70,0.0674,0.05,0.09,0.95,21744,125,
KXNFLRECYDS-26SEP27MINTB-TBCOTTON88-60,26SEP27MINTB,Cade Otton,8111,TE,receiving yards,THRESHOLD,60+,30.70,0.1190,0.11,0.13,0.89,20000,4,
KXNFLRECYDS-26SEP27MINTB-TBCOTTON88-50,26SEP27MINTB,Cade Otton,8111,TE,receiving yards,THRESHOLD,50+,30.70,0.1905,0.18,0.20,0.82,220,4,
KXNFLRECYDS-26SEP27MINTB-TBCOTTON88-40,26SEP27MINTB,Cade Otton,8111,TE,receiving yards,THRESHOLD,40+,30.70,0.2970,0.28,0.30,0.72,20,40,
KXNFLRECYDS-26SEP27MINTB-TBCOTTON88-25,26SEP27MINTB,Cade Otton,8111,TE,receiving yards,THRESHOLD,25+,30.70,0.4817,0.52,0.54,0.48,4,430,
KXNFLRECYDS-26SEP27MINTB-TBCOTTON88-15,26SEP27MINTB,Cade Otton,8111,TE,receiving yards,THRESHOLD,15+,30.70,0.6697,0.72,0.74,0.28,157,1,
KXNFLRECYDS-26SEP27MINTB-TBCGODWIN14-90,26SEP27MINTB,Chris Godwin Jr.,4037,WR,receiving yards,THRESHOLD,90+,40.90,0.0724,0.05,0.07,0.95,10000,25,
KXNFLRECYDS-26SEP27MINTB-TBCGODWIN14-80,26SEP27MINTB,Chris Godwin Jr.,4037,WR,receiving yards,THRESHOLD,80+,40.90,0.1090,0.08,0.11,0.92,10000,25,
KXNFLRECYDS-26SEP27MINTB-TBCGODWIN14-70,26SEP27MINTB,Chris Godwin Jr.,4037,WR,receiving yards,THRESHOLD,70+,40.90,0.1639,0.14,0.16,0.86,10000,3,
KXNFLRECYDS-26SEP27MINTB-TBCGODWIN14-60,26SEP27MINTB,Chris Godwin Jr.,4037,WR,receiving yards,THRESHOLD,60+,40.90,0.2304,0.20,0.22,0.80,20,3,
KXNFLRECYDS-26SEP27MINTB-TBCGODWIN14-50,26SEP27MINTB,Chris Godwin Jr.,4037,WR,receiving yards,THRESHOLD,50+,40.90,0.3103,0.29,0.31,0.71,20,3,
KXNFLRECYDS-26SEP27MINTB-TBCGODWIN14-40,26SEP27MINTB,Chris Godwin Jr.,4037,WR,receiving yards,THRESHOLD,40+,40.90,0.4468,0.43,0.45,0.57,11000,1,
KXNFLRECYDS-26SEP27MINTB-TBCGODWIN14-25,26SEP27MINTB,Chris Godwin Jr.,4037,WR,receiving yards,THRESHOLD,25+,40.90,0.6314,0.63,0.65,0.37,11,3,
KXNFLRECYDS-26SEP27MINTB-TBCGODWIN14-15,26SEP27MINTB,Chris Godwin Jr.,4037,WR,receiving yards,THRESHOLD,15+,40.90,0.7646,0.78,0.80,0.22,11,3,
KXNFLRECYDS-26SEP27MINTB-TBCGODWIN14-100,26SEP27MINTB,Chris Godwin Jr.,4037,WR,receiving yards,THRESHOLD,100+,40.90,0.0491,0.02,0.04,0.98,5,55,
KXNFLRECYDS-26SEP27MINTB-MINTHOCKENSON87-80,26SEP27MINTB,T.J. Hockenson,5844,TE,receiving yards,THRESHOLD,80+,36.27,0.0441,0.03,0.07,0.97,18303,25,
KXNFLRECYDS-26SEP27MINTB-MINTHOCKENSON87-70,26SEP27MINTB,T.J. Hockenson,5844,TE,receiving yards,THRESHOLD,70+,36.27,0.0840,0.06,0.10,0.94,20221,79,
KXNFLRECYDS-26SEP27MINTB-MINTHOCKENSON87-60,26SEP27MINTB,T.J. Hockenson,5844,TE,receiving yards,THRESHOLD,60+,36.27,0.1622,0.13,0.15,0.87,11949,3,
KXNFLRECYDS-26SEP27MINTB-MINTHOCKENSON87-50,26SEP27MINTB,T.J. Hockenson,5844,TE,receiving yards,THRESHOLD,50+,36.27,0.2388,0.21,0.22,0.79,20,2,
KXNFLRECYDS-26SEP27MINTB-MINTHOCKENSON87-40,26SEP27MINTB,T.J. Hockenson,5844,TE,receiving yards,THRESHOLD,40+,36.27,0.3453,0.33,0.35,0.67,1020,1,
KXNFLRECYDS-26SEP27MINTB-MINTHOCKENSON87-25,26SEP27MINTB,T.J. Hockenson,5844,TE,receiving yards,THRESHOLD,25+,36.27,0.5948,0.60,0.61,0.40,149,654,
KXNFLRECYDS-26SEP27MINTB-MINTHOCKENSON87-15,26SEP27MINTB,T.J. Hockenson,5844,TE,receiving yards,THRESHOLD,15+,36.27,0.7363,0.76,0.78,0.24,788,1,
KXNFLRECYDS-26SEP27MINTB-MINJJEFFERSON18-90,26SEP27MINTB,Justin Jefferson,6794,WR,receiving yards,THRESHOLD,90+,77.94,0.3303,0.30,0.33,0.70,1858,20,
KXNFLRECYDS-26SEP27MINTB-MINJJEFFERSON18-80,26SEP27MINTB,Justin Jefferson,6794,WR,receiving yards,THRESHOLD,80+,77.94,0.4052,0.40,0.41,0.60,48,24,
KXNFLRECYDS-26SEP27MINTB-MINJJEFFERSON18-70,26SEP27MINTB,Justin Jefferson,6794,WR,receiving yards,THRESHOLD,70+,77.94,0.5017,0.52,0.53,0.48,46,51,
KXNFLRECYDS-26SEP27MINTB-MINJJEFFERSON18-60,26SEP27MINTB,Justin Jefferson,6794,WR,receiving yards,THRESHOLD,60+,77.94,0.5982,0.61,0.63,0.39,2199,25,
KXNFLRECYDS-26SEP27MINTB-MINJJEFFERSON18-50,26SEP27MINTB,Justin Jefferson,6794,WR,receiving yards,THRESHOLD,50+,77.94,0.7063,0.69,0.71,0.31,437,356,
KXNFLRECYDS-26SEP27MINTB-MINJJEFFERSON18-40,26SEP27MINTB,Justin Jefferson,6794,WR,receiving yards,THRESHOLD,40+,77.94,0.7962,0.79,0.81,0.21,2201,300,
KXNFLRECYDS-26SEP27MINTB-MINJJEFFERSON18-150,26SEP27MINTB,Justin Jefferson,6794,WR,receiving yards,THRESHOLD,150+,77.94,0.0574,0.03,0.06,0.97,6011,75,
KXNFLRECYDS-26SEP27MINTB-MINJJEFFERSON18-140,26SEP27MINTB,Justin Jefferson,6794,WR,receiving yards,THRESHOLD,140+,77.94,0.0790,0.04,0.07,0.96,1235,13,
KXNFLRECYDS-26SEP27MINTB-MINJJEFFERSON18-130,26SEP27MINTB,Justin Jefferson,6794,WR,receiving yards,THRESHOLD,130+,77.94,0.1023,0.08,0.10,0.92,919,37,
KXNFLRECYDS-26SEP27MINTB-MINJJEFFERSON18-120,26SEP27MINTB,Justin Jefferson,6794,WR,receiving yards,THRESHOLD,120+,77.94,0.1406,0.11,0.13,0.89,1908,9,
KXNFLRECYDS-26SEP27MINTB-MINJJEFFERSON18-110,26SEP27MINTB,Justin Jefferson,6794,WR,receiving yards,THRESHOLD,110+,77.94,0.2022,0.17,0.19,0.83,1454,3,
KXNFLRECYDS-26SEP27MINTB-MINJJEFFERSON18-100,26SEP27MINTB,Justin Jefferson,6794,WR,receiving yards,THRESHOLD,100+,77.94,0.2621,0.24,0.25,0.76,1128,1,
KXNFLRECYDS-26SEP27MINTB-MINJADDISON3-90,26SEP27MINTB,Jordan Addison,9756,WR,receiving yards,THRESHOLD,90+,42.06,0.0740,0.05,0.09,0.95,20000,25,
KXNFLRECYDS-26SEP27MINTB-MINJADDISON3-80,26SEP27MINTB,Jordan Addison,9756,WR,receiving yards,THRESHOLD,80+,42.06,0.1073,0.11,0.12,0.89,10000,4,
KXNFLRECYDS-26SEP27MINTB-MINJADDISON3-70,26SEP27MINTB,Jordan Addison,9756,WR,receiving yards,THRESHOLD,70+,42.06,0.1656,0.15,0.18,0.85,11000,6,
KXNFLRECYDS-26SEP27MINTB-MINJADDISON3-60,26SEP27MINTB,Jordan Addison,9756,WR,receiving yards,THRESHOLD,60+,42.06,0.2371,0.23,0.24,0.77,185,1,
KXNFLRECYDS-26SEP27MINTB-MINJADDISON3-50,26SEP27MINTB,Jordan Addison,9756,WR,receiving yards,THRESHOLD,50+,42.06,0.3319,0.32,0.33,0.68,20,3,
KXNFLRECYDS-26SEP27MINTB-MINJADDISON3-40,26SEP27MINTB,Jordan Addison,9756,WR,receiving yards,THRESHOLD,40+,42.06,0.4567,0.45,0.46,0.55,1861,50,
KXNFLRECYDS-26SEP27MINTB-MINJADDISON3-25,26SEP27MINTB,Jordan Addison,9756,WR,receiving yards,THRESHOLD,25+,42.06,0.6581,0.66,0.67,0.34,947,50,
KXNFLRECYDS-26SEP27MINTB-MINJADDISON3-15,26SEP27MINTB,Jordan Addison,9756,WR,receiving yards,THRESHOLD,15+,42.06,0.7879,0.78,0.79,0.22,203,3,
KXNFLRECYDS-26SEP27MINTB-MINJADDISON3-100,26SEP27MINTB,Jordan Addison,9756,WR,receiving yards,THRESHOLD,100+,42.06,0.0507,0.04,0.07,0.96,14861,23,
KXNFLRECYDS-26SEP27NYJDET-NYJGWILSON5-90,26SEP27NYJDET,Garrett Wilson,8146,WR,receiving yards,THRESHOLD,90+,65.35,0.2138,0.34,0.35,0.66,2713,3473,
KXNFLRECYDS-26SEP27NYJDET-NYJGWILSON5-80,26SEP27NYJDET,Garrett Wilson,8146,WR,receiving yards,THRESHOLD,80+,65.35,0.2754,0.45,0.46,0.55,22595,25,
KXNFLRECYDS-26SEP27NYJDET-NYJGWILSON5-70,26SEP27NYJDET,Garrett Wilson,8146,WR,receiving yards,THRESHOLD,70+,65.35,0.3519,0.57,0.58,0.43,22070,91,
KXNFLRECYDS-26SEP27NYJDET-NYJGWILSON5-60,26SEP27NYJDET,Garrett Wilson,8146,WR,receiving yards,THRESHOLD,60+,65.35,0.4517,0.66,0.67,0.34,13815,224,
KXNFLRECYDS-26SEP27NYJDET-NYJGWILSON5-50,26SEP27NYJDET,Garrett Wilson,8146,WR,receiving yards,THRESHOLD,50+,65.35,0.5699,0.71,0.72,0.29,292,6,
KXNFLRECYDS-26SEP27NYJDET-NYJGWILSON5-40,26SEP27NYJDET,Garrett Wilson,8146,WR,receiving yards,THRESHOLD,40+,65.35,0.6780,0.82,0.83,0.18,2287,13,
KXNFLRECYDS-26SEP27NYJDET-NYJGWILSON5-140,26SEP27NYJDET,Garrett Wilson,8146,WR,receiving yards,THRESHOLD,140+,65.35,0.0324,0.07,0.08,0.93,1000,3837,
KXNFLRECYDS-26SEP27NYJDET-NYJGWILSON5-130,26SEP27NYJDET,Garrett Wilson,8146,WR,receiving yards,THRESHOLD,130+,65.35,0.0441,0.11,0.13,0.89,1454,4,
KXNFLRECYDS-26SEP27NYJDET-NYJGWILSON5-120,26SEP27NYJDET,Garrett Wilson,8146,WR,receiving yards,THRESHOLD,120+,65.35,0.0691,0.14,0.17,0.86,58,3033,
KXNFLRECYDS-26SEP27NYJDET-NYJGWILSON5-110,26SEP27NYJDET,Garrett Wilson,8146,WR,receiving yards,THRESHOLD,110+,65.35,0.1090,0.20,0.21,0.80,281,2500,
KXNFLRECYDS-26SEP27NYJDET-NYJGWILSON5-100,26SEP27NYJDET,Garrett Wilson,8146,WR,receiving yards,THRESHOLD,100+,65.35,0.1656,0.27,0.28,0.73,29,2060,
KXNFLRECYDS-26SEP27NYJDET-NYJBHALL20-70,26SEP27NYJDET,Breece Hall,8155,RB,receiving yards,THRESHOLD,70+,27.47,0.0408,0.03,0.06,0.97,13436,5000,
KXNFLRECYDS-26SEP27NYJDET-NYJBHALL20-60,26SEP27NYJDET,Breece Hall,8155,RB,receiving yards,THRESHOLD,60+,27.47,0.0691,0.06,0.09,0.94,6500,3500,
KXNFLRECYDS-26SEP27NYJDET-NYJBHALL20-50,26SEP27NYJDET,Breece Hall,8155,RB,receiving yards,THRESHOLD,50+,27.47,0.1156,0.12,0.13,0.88,465,200,
KXNFLRECYDS-26SEP27NYJDET-NYJBHALL20-40,26SEP27NYJDET,Breece Hall,8155,RB,receiving yards,THRESHOLD,40+,27.47,0.2038,0.20,0.21,0.80,26,200,
KXNFLRECYDS-26SEP27NYJDET-NYJBHALL20-25,26SEP27NYJDET,Breece Hall,8155,RB,receiving yards,THRESHOLD,25+,27.47,0.4235,0.43,0.44,0.57,91,201,
KXNFLRECYDS-26SEP27NYJDET-NYJBHALL20-15,26SEP27NYJDET,Breece Hall,8155,RB,receiving yards,THRESHOLD,15+,27.47,0.6048,0.63,0.65,0.37,2064,725,
KXNFLRECYDS-26SEP27NYJDET-NYJAMITCHELL15-90,26SEP27NYJDET,Adonai Mitchell,11625,WR,receiving yards,THRESHOLD,90+,48.08,0.1090,0.11,0.12,0.89,378,2938,Questionable
KXNFLRECYDS-26SEP27NYJDET-NYJAMITCHELL15-80,26SEP27NYJDET,Adonai Mitchell,11625,WR,receiving yards,THRESHOLD,80+,48.08,0.1522,0.17,0.18,0.83,14409,2502,Questionable
KXNFLRECYDS-26SEP27NYJDET-NYJAMITCHELL15-70,26SEP27NYJDET,Adonai Mitchell,11625,WR,receiving yards,THRESHOLD,70+,48.08,0.2188,0.23,0.24,0.77,973,2012,Questionable
KXNFLRECYDS-26SEP27NYJDET-NYJAMITCHELL15-60,26SEP27NYJDET,Adonai Mitchell,11625,WR,receiving yards,THRESHOLD,60+,48.08,0.2887,0.32,0.33,0.68,10325,2001,Questionable
KXNFLRECYDS-26SEP27NYJDET-NYJAMITCHELL15-50,26SEP27NYJDET,Adonai Mitchell,11625,WR,receiving yards,THRESHOLD,50+,48.08,0.3752,0.42,0.43,0.58,3001,1500,Questionable
KXNFLRECYDS-26SEP27NYJDET-NYJAMITCHELL15-45,26SEP27NYJDET,Adonai Mitchell,11625,WR,receiving yards,THRESHOLD,45+,48.08,0.4468,0.49,0.50,0.51,15,3,Questionable
KXNFLRECYDS-26SEP27NYJDET-NYJAMITCHELL15-40,26SEP27NYJDET,Adonai Mitchell,11625,WR,receiving yards,THRESHOLD,40+,48.08,0.5250,0.54,0.55,0.46,2923,1,Questionable
KXNFLRECYDS-26SEP27NYJDET-NYJAMITCHELL15-25,26SEP27NYJDET,Adonai Mitchell,11625,WR,receiving yards,THRESHOLD,25+,48.08,0.6897,0.70,0.73,0.30,80,25,Questionable
KXNFLRECYDS-26SEP27NYJDET-NYJAMITCHELL15-15,26SEP27NYJDET,Adonai Mitchell,11625,WR,receiving yards,THRESHOLD,15+,48.08,0.8261,0.82,0.83,0.18,11,394,Questionable
KXNFLRECYDS-26SEP27NYJDET-NYJAMITCHELL15-120,26SEP27NYJDET,Adonai Mitchell,11625,WR,receiving yards,THRESHOLD,120+,48.08,0.0241,0.03,0.05,0.97,1941,5566,Questionable
KXNFLRECYDS-26SEP27NYJDET-NYJAMITCHELL15-110,26SEP27NYJDET,Adonai Mitchell,11625,WR,receiving yards,THRESHOLD,110+,48.08,0.0507,0.05,0.07,0.95,12500,5000,Questionable
KXNFLRECYDS-26SEP27NYJDET-NYJAMITCHELL15-100,26SEP27NYJDET,Adonai Mitchell,11625,WR,receiving yards,THRESHOLD,100+,48.08,0.0707,0.08,0.09,0.92,175,3518,Questionable
KXNFLRECYDS-26SEP27NYJDET-DETSLAPORTA87-90,26SEP27NYJDET,Sam LaPorta,10859,TE,receiving yards,THRESHOLD,90+,49.28,0.0907,0.08,0.12,0.92,11403,125,
KXNFLRECYDS-26SEP27NYJDET-DETSLAPORTA87-80,26SEP27NYJDET,Sam LaPorta,10859,TE,receiving yards,THRESHOLD,80+,49.28,0.1456,0.13,0.16,0.87,11000,3,
KXNFLRECYDS-26SEP27NYJDET-DETSLAPORTA87-70,26SEP27NYJDET,Sam LaPorta,10859,TE,receiving yards,THRESHOLD,70+,49.28,0.2055,0.22,0.24,0.78,11000,1,
KXNFLRECYDS-26SEP27NYJDET-DETSLAPORTA87-60,26SEP27NYJDET,Sam LaPorta,10859,TE,receiving yards,THRESHOLD,60+,49.28,0.2987,0.31,0.32,0.69,20,2,
KXNFLRECYDS-26SEP27NYJDET-DETSLAPORTA87-50,26SEP27NYJDET,Sam LaPorta,10859,TE,receiving yards,THRESHOLD,50+,49.28,0.3885,0.44,0.45,0.56,2521,2,
KXNFLRECYDS-26SEP27NYJDET-DETSLAPORTA87-40,26SEP27NYJDET,Sam LaPorta,10859,TE,receiving yards,THRESHOLD,40+,49.28,0.5300,0.57,0.58,0.43,2023,1,
KXNFLRECYDS-26SEP27NYJDET-DETSLAPORTA87-25,26SEP27NYJDET,Sam LaPorta,10859,TE,receiving yards,THRESHOLD,25+,49.28,0.7529,0.78,0.79,0.22,998,510,
KXNFLRECYDS-26SEP27NYJDET-DETSLAPORTA87-110,26SEP27NYJDET,Sam LaPorta,10859,TE,receiving yards,THRESHOLD,110+,49.28,0.0358,0.05,0.06,0.95,14600,30,
KXNFLRECYDS-26SEP27NYJDET-DETSLAPORTA87-100,26SEP27NYJDET,Sam LaPorta,10859,TE,receiving yards,THRESHOLD,100+,49.28,0.0557,0.05,0.07,0.95,1100,143,
KXNFLRECYDS-26SEP27NYJDET-DETJWILLIAMS1-90,26SEP27NYJDET,Jameson Williams,8148,WR,receiving yards,THRESHOLD,90+,61.45,0.2072,0.18,0.19,0.82,1206,2,
KXNFLRECYDS-26SEP27NYJDET-DETJWILLIAMS1-80,26SEP27NYJDET,Jameson Williams,8148,WR,receiving yards,THRESHOLD,80+,61.45,0.2720,0.25,0.26,0.75,1028,1,
KXNFLRECYDS-26SEP27NYJDET-DETJWILLIAMS1-70,26SEP27NYJDET,Jameson Williams,8148,WR,receiving yards,THRESHOLD,70+,61.45,0.3586,0.32,0.33,0.68,30,22,
KXNFLRECYDS-26SEP27NYJDET-DETJWILLIAMS1-60,26SEP27NYJDET,Jameson Williams,8148,WR,receiving yards,THRESHOLD,60+,61.45,0.4617,0.41,0.42,0.59,547,113,
KXNFLRECYDS-26SEP27NYJDET-DETJWILLIAMS1-55,26SEP27NYJDET,Jameson Williams,8148,WR,receiving yards,THRESHOLD,55+,61.45,0.5166,0.49,0.50,0.51,100,1800,
KXNFLRECYDS-26SEP27NYJDET-DETJWILLIAMS1-50,26SEP27NYJDET,Jameson Williams,8148,WR,receiving yards,THRESHOLD,50+,61.45,0.5649,0.55,0.56,0.45,3172,150,
KXNFLRECYDS-26SEP27NYJDET-DETJWILLIAMS1-40,26SEP27NYJDET,Jameson Williams,8148,WR,receiving yards,THRESHOLD,40+,61.45,0.6664,0.65,0.66,0.35,481,1,
KXNFLRECYDS-26SEP27NYJDET-DETJWILLIAMS1-25,26SEP27NYJDET,Jameson Williams,8148,WR,receiving yards,THRESHOLD,25+,61.45,0.8161,0.79,0.82,0.21,3143,725,
KXNFLRECYDS-26SEP27NYJDET-DETJWILLIAMS1-130,26SEP27NYJDET,Jameson Williams,8148,WR,receiving yards,THRESHOLD,130+,61.45,0.0441,0.03,0.06,0.97,6000,30,
KXNFLRECYDS-26SEP27NYJDET-DETJWILLIAMS1-120,26SEP27NYJDET,Jameson Williams,8148,WR,receiving yards,THRESHOLD,120+,61.45,0.0724,0.04,0.08,0.96,7558,25,
KXNFLRECYDS-26SEP27NYJDET-DETJWILLIAMS1-110,26SEP27NYJDET,Jameson Williams,8148,WR,receiving yards,THRESHOLD,110+,61.45,0.1140,0.08,0.11,0.92,14500,25,
KXNFLRECYDS-26SEP27NYJDET-DETJWILLIAMS1-100,26SEP27NYJDET,Jameson Williams,8148,WR,receiving yards,THRESHOLD,100+,61.45,0.1606,0.13,0.14,0.87,489,2,
KXNFLRECYDS-26SEP27NYJDET-DETJGIBBS0-90,26SEP27NYJDET,Jahmyr Gibbs,9221,RB,receiving yards,THRESHOLD,90+,30.24,0.0191,0.04,0.06,0.96,25,38,
KXNFLRECYDS-26SEP27NYJDET-DETJGIBBS0-80,26SEP27NYJDET,Jahmyr Gibbs,9221,RB,receiving yards,THRESHOLD,80+,30.24,0.0258,0.05,0.10,0.95,26136,3089,
KXNFLRECYDS-26SEP27NYJDET-DETJGIBBS0-70,26SEP27NYJDET,Jahmyr Gibbs,9221,RB,receiving yards,THRESHOLD,70+,30.24,0.0474,0.10,0.13,0.90,40,75,
KXNFLRECYDS-26SEP27NYJDET-DETJGIBBS0-60,26SEP27NYJDET,Jahmyr Gibbs,9221,RB,receiving yards,THRESHOLD,60+,30.24,0.0674,0.18,0.20,0.82,1280,3,
KXNFLRECYDS-26SEP27NYJDET-DETJGIBBS0-50,26SEP27NYJDET,Jahmyr Gibbs,9221,RB,receiving yards,THRESHOLD,50+,30.24,0.1290,0.27,0.29,0.73,41,70,
KXNFLRECYDS-26SEP27NYJDET-DETJGIBBS0-40,26SEP27NYJDET,Jahmyr Gibbs,9221,RB,receiving yards,THRESHOLD,40+,30.24,0.2171,0.41,0.43,0.59,72,2,
KXNFLRECYDS-26SEP27NYJDET-DETJGIBBS0-25,26SEP27NYJDET,Jahmyr Gibbs,9221,RB,receiving yards,THRESHOLD,25+,30.24,0.4351,0.64,0.66,0.36,15,23,
KXNFLRECYDS-26SEP27NYJDET-DETJGIBBS0-15,26SEP27NYJDET,Jahmyr Gibbs,9221,RB,receiving yards,THRESHOLD,15+,30.24,0.6348,0.80,0.81,0.20,124,2,
KXNFLRECYDS-26SEP27NYJDET-DETASTBROWN14-90,26SEP27NYJDET,Amon-Ra St. Brown,7547,WR,receiving yards,THRESHOLD,90+,82.43,0.3552,0.35,0.36,0.65,1562,12,
KXNFLRECYDS-26SEP27NYJDET-DETASTBROWN14-80,26SEP27NYJDET,Amon-Ra St. Brown,7547,WR,receiving yards,THRESHOLD,80+,82.43,0.4351,0.47,0.48,0.53,17066,604,
KXNFLRECYDS-26SEP27NYJDET-DETASTBROWN14-70,26SEP27NYJDET,Amon-Ra St. Brown,7547,WR,receiving yards,THRESHOLD,70+,82.43,0.5200,0.57,0.58,0.43,2020,5,
KXNFLRECYDS-26SEP27NYJDET-DETASTBROWN14-60,26SEP27NYJDET,Amon-Ra St. Brown,7547,WR,receiving yards,THRESHOLD,60+,82.43,0.6131,0.65,0.66,0.35,61,440,
KXNFLRECYDS-26SEP27NYJDET-DETASTBROWN14-50,26SEP27NYJDET,Amon-Ra St. Brown,7547,WR,receiving yards,THRESHOLD,50+,82.43,0.7063,0.75,0.76,0.25,161,10,
KXNFLRECYDS-26SEP27NYJDET-DETASTBROWN14-40,26SEP27NYJDET,Amon-Ra St. Brown,7547,WR,receiving yards,THRESHOLD,40+,82.43,0.7962,0.85,0.86,0.15,3254,15,
KXNFLRECYDS-26SEP27NYJDET-DETASTBROWN14-160,26SEP27NYJDET,Amon-Ra St. Brown,7547,WR,receiving yards,THRESHOLD,160+,82.43,0.0491,0.03,0.06,0.97,8501,72,
KXNFLRECYDS-26SEP27NYJDET-DETASTBROWN14-150,26SEP27NYJDET,Amon-Ra St. Brown,7547,WR,receiving yards,THRESHOLD,150+,82.43,0.0657,0.05,0.08,0.95,17543,5,
KXNFLRECYDS-26SEP27NYJDET-DETASTBROWN14-140,26SEP27NYJDET,Amon-Ra St. Brown,7547,WR,receiving yards,THRESHOLD,140+,82.43,0.0907,0.07,0.10,0.93,1692,25,
KXNFLRECYDS-26SEP27NYJDET-DETASTBROWN14-130,26SEP27NYJDET,Amon-Ra St. Brown,7547,WR,receiving yards,THRESHOLD,130+,82.43,0.1306,0.11,0.13,0.89,1000,4,
KXNFLRECYDS-26SEP27NYJDET-DETASTBROWN14-120,26SEP27NYJDET,Amon-Ra St. Brown,7547,WR,receiving yards,THRESHOLD,120+,82.43,0.1589,0.15,0.18,0.85,1909,23,
KXNFLRECYDS-26SEP27NYJDET-DETASTBROWN14-110,26SEP27NYJDET,Amon-Ra St. Brown,7547,WR,receiving yards,THRESHOLD,110+,82.43,0.2221,0.19,0.22,0.81,20,505,
KXNFLRECYDS-26SEP27NYJDET-DETASTBROWN14-100,26SEP27NYJDET,Amon-Ra St. Brown,7547,WR,receiving yards,THRESHOLD,100+,82.43,0.2870,0.27,0.29,0.73,11013,41,
KXNFLRECYDS-26SEP27CINPIT-PITPFREIERMUTH88-90,26SEP27CINPIT,Pat Freiermuth,7600,TE,receiving yards,THRESHOLD,90+,38.08,0.0474,0.06,0.07,0.94,10650,4000,
KXNFLRECYDS-26SEP27CINPIT-PITPFREIERMUTH88-80,26SEP27CINPIT,Pat Freiermuth,7600,TE,receiving yards,THRESHOLD,80+,38.08,0.0691,0.08,0.10,0.92,12778,3025,
KXNFLRECYDS-26SEP27CINPIT-PITPFREIERMUTH88-70,26SEP27CINPIT,Pat Freiermuth,7600,TE,receiving yards,THRESHOLD,70+,38.08,0.1156,0.15,0.16,0.85,25802,3060,
KXNFLRECYDS-26SEP27CINPIT-PITPFREIERMUTH88-60,26SEP27CINPIT,Pat Freiermuth,7600,TE,receiving yards,THRESHOLD,60+,38.08,0.1955,0.22,0.23,0.78,16923,15,
KXNFLRECYDS-26SEP27CINPIT-PITPFREIERMUTH88-50,26SEP27CINPIT,Pat Freiermuth,7600,TE,receiving yards,THRESHOLD,50+,38.08,0.2654,0.32,0.33,0.68,12799,1500,
KXNFLRECYDS-26SEP27CINPIT-PITPFREIERMUTH88-40,26SEP27CINPIT,Pat Freiermuth,7600,TE,receiving yards,THRESHOLD,40+,38.08,0.3852,0.44,0.45,0.56,14102,1865,
KXNFLRECYDS-26SEP27CINPIT-PITPFREIERMUTH88-35,26SEP27CINPIT,Pat Freiermuth,7600,TE,receiving yards,THRESHOLD,35+,38.08,0.4584,0.53,0.54,0.47,8633,1924,
KXNFLRECYDS-26SEP27CINPIT-PITPFREIERMUTH88-25,26SEP27CINPIT,Pat Freiermuth,7600,TE,receiving yards,THRESHOLD,25+,38.08,0.6398,0.66,0.67,0.34,2131,2,
KXNFLRECYDS-26SEP27CINPIT-PITPFREIERMUTH88-15,26SEP27CINPIT,Pat Freiermuth,7600,TE,receiving yards,THRESHOLD,15+,38.08,0.7745,0.81,0.82,0.19,3139,3,
KXNFLRECYDS-26SEP27CINPIT-PITDMETCALF4-90,26SEP27CINPIT,DK Metcalf,5846,WR,receiving yards,THRESHOLD,90+,55.57,0.1839,0.15,0.17,0.85,4700,3,
KXNFLRECYDS-26SEP27CINPIT-PITDMETCALF4-80,26SEP27CINPIT,DK Metcalf,5846,WR,receiving yards,THRESHOLD,80+,55.57,0.2438,0.23,0.24,0.77,5720,1,
KXNFLRECYDS-26SEP27CINPIT-PITDMETCALF4-70,26SEP27CINPIT,DK Metcalf,5846,WR,receiving yards,THRESHOLD,70+,55.57,0.3087,0.29,0.31,0.71,1669,1,
KXNFLRECYDS-26SEP27CINPIT-PITDMETCALF4-60,26SEP27CINPIT,DK Metcalf,5846,WR,receiving yards,THRESHOLD,60+,55.57,0.4201,0.40,0.41,0.60,51,26,
KXNFLRECYDS-26SEP27CINPIT-PITDMETCALF4-50,26SEP27CINPIT,DK Metcalf,5846,WR,receiving yards,THRESHOLD,50+,55.57,0.5283,0.54,0.55,0.46,33085,1717,
KXNFLRECYDS-26SEP27CINPIT-PITDMETCALF4-40,26SEP27CINPIT,DK Metcalf,5846,WR,receiving yards,THRESHOLD,40+,55.57,0.6398,0.61,0.63,0.39,20,1,
KXNFLRECYDS-26SEP27CINPIT-PITDMETCALF4-25,26SEP27CINPIT,DK Metcalf,5846,WR,receiving yards,THRESHOLD,25+,55.57,0.8095,0.79,0.81,0.21,119,2,
KXNFLRECYDS-26SEP27CINPIT-PITDMETCALF4-130,26SEP27CINPIT,DK Metcalf,5846,WR,receiving yards,THRESHOLD,130+,55.57,0.0458,0.02,0.05,0.98,8700,125,
KXNFLRECYDS-26SEP27CINPIT-PITDMETCALF4-120,26SEP27CINPIT,DK Metcalf,5846,WR,receiving yards,THRESHOLD,120+,55.57,0.0674,0.03,0.06,0.97,5500,25,
KXNFLRECYDS-26SEP27CINPIT-PITDMETCALF4-110,26SEP27CINPIT,DK Metcalf,5846,WR,receiving yards,THRESHOLD,110+,55.57,0.1040,0.05,0.08,0.95,4800,25,
KXNFLRECYDS-26SEP27CINPIT-PITDMETCALF4-100,26SEP27CINPIT,DK Metcalf,5846,WR,receiving yards,THRESHOLD,100+,55.57,0.1356,0.11,0.12,0.89,4700,2,
KXNFLRECYDS-26SEP27CINPIT-CINTHIGGINS5-90,26SEP27CINPIT,Tee Higgins,6801,WR,receiving yards,THRESHOLD,90+,64.42,0.2072,0.18,0.19,0.82,1020,100,
KXNFLRECYDS-26SEP27CINPIT-CINTHIGGINS5-80,26SEP27CINPIT,Tee Higgins,6801,WR,receiving yards,THRESHOLD,80+,64.42,0.2621,0.25,0.26,0.75,7020,100,
KXNFLRECYDS-26SEP27CINPIT-CINTHIGGINS5-70,26SEP27CINPIT,Tee Higgins,6801,WR,receiving yards,THRESHOLD,70+,64.42,0.3403,0.34,0.35,0.66,11420,100,
KXNFLRECYDS-26SEP27CINPIT-CINTHIGGINS5-60,26SEP27CINPIT,Tee Higgins,6801,WR,receiving yards,THRESHOLD,60+,64.42,0.4418,0.43,0.44,0.57,1000,5,
KXNFLRECYDS-26SEP27CINPIT-CINTHIGGINS5-50,26SEP27CINPIT,Tee Higgins,6801,WR,receiving yards,THRESHOLD,50+,64.42,0.5532,0.55,0.56,0.45,11017,2500,
KXNFLRECYDS-26SEP27CINPIT-CINTHIGGINS5-40,26SEP27CINPIT,Tee Higgins,6801,WR,receiving yards,THRESHOLD,40+,64.42,0.6697,0.64,0.66,0.36,20,10,
KXNFLRECYDS-26SEP27CINPIT-CINTHIGGINS5-25,26SEP27CINPIT,Tee Higgins,6801,WR,receiving yards,THRESHOLD,25+,64.42,0.8228,0.81,0.82,0.19,395,38,
KXNFLRECYDS-26SEP27CINPIT-CINTHIGGINS5-130,26SEP27CINPIT,Tee Higgins,6801,WR,receiving yards,THRESHOLD,130+,64.42,0.0491,0.03,0.05,0.97,1052,72,
KXNFLRECYDS-26SEP27CINPIT-CINTHIGGINS5-120,26SEP27CINPIT,Tee Higgins,6801,WR,receiving yards,THRESHOLD,120+,64.42,0.0724,0.04,0.08,0.96,5700,25,
KXNFLRECYDS-26SEP27CINPIT-CINTHIGGINS5-110,26SEP27CINPIT,Tee Higgins,6801,WR,receiving yards,THRESHOLD,110+,64.42,0.1023,0.07,0.11,0.93,15500,25,
KXNFLRECYDS-26SEP27CINPIT-CINTHIGGINS5-100,26SEP27CINPIT,Tee Higgins,6801,WR,receiving yards,THRESHOLD,100+,64.42,0.1589,0.13,0.14,0.87,11000,104,
KXNFLRECYDS-26SEP27CINPIT-CINJCHASE1-90,26SEP27CINPIT,Ja'Marr Chase,7564,WR,receiving yards,THRESHOLD,90+,74.23,0.2854,0.35,0.36,0.65,10975,1,
KXNFLRECYDS-26SEP27CINPIT-CINJCHASE1-80,26SEP27CINPIT,Ja'Marr Chase,7564,WR,receiving yards,THRESHOLD,80+,74.23,0.3536,0.44,0.45,0.56,10990,14,
KXNFLRECYDS-26SEP27CINPIT-CINJCHASE1-70,26SEP27CINPIT,Ja'Marr Chase,7564,WR,receiving yards,THRESHOLD,70+,74.23,0.4617,0.54,0.56,0.46,2117,50,
KXNFLRECYDS-26SEP27CINPIT-CINJCHASE1-60,26SEP27CINPIT,Ja'Marr Chase,7564,WR,receiving yards,THRESHOLD,60+,74.23,0.5449,0.64,0.66,0.36,2150,200,
KXNFLRECYDS-26SEP27CINPIT-CINJCHASE1-50,26SEP27CINPIT,Ja'Marr Chase,7564,WR,receiving yards,THRESHOLD,50+,74.23,0.6730,0.73,0.75,0.27,2108,49,
KXNFLRECYDS-26SEP27CINPIT-CINJCHASE1-40,26SEP27CINPIT,Ja'Marr Chase,7564,WR,receiving yards,THRESHOLD,40+,74.23,0.7779,0.82,0.83,0.18,20,9,
KXNFLRECYDS-26SEP27CINPIT-CINJCHASE1-160,26SEP27CINPIT,Ja'Marr Chase,7564,WR,receiving yards,THRESHOLD,160+,74.23,0.0258,0.03,0.04,0.97,1041,72,
KXNFLRECYDS-26SEP27CINPIT-CINJCHASE1-150,26SEP27CINPIT,Ja'Marr Chase,7564,WR,receiving yards,THRESHOLD,150+,74.23,0.0374,0.04,0.07,0.96,14800,25,
KXNFLRECYDS-26SEP27CINPIT-CINJCHASE1-140,26SEP27CINPIT,Ja'Marr Chase,7564,WR,receiving yards,THRESHOLD,140+,74.23,0.0591,0.06,0.09,0.94,1735,100,
KXNFLRECYDS-26SEP27CINPIT-CINJCHASE1-130,26SEP27CINPIT,Ja'Marr Chase,7564,WR,receiving yards,THRESHOLD,130+,74.23,0.0790,0.10,0.13,0.90,8590,32,
KXNFLRECYDS-26SEP27CINPIT-CINJCHASE1-120,26SEP27CINPIT,Ja'Marr Chase,7564,WR,receiving yards,THRESHOLD,120+,74.23,0.1140,0.13,0.16,0.87,25,158,
KXNFLRECYDS-26SEP27CINPIT-CINJCHASE1-110,26SEP27CINPIT,Ja'Marr Chase,7564,WR,receiving yards,THRESHOLD,110+,74.23,0.1589,0.18,0.19,0.82,1234,10,
KXNFLRECYDS-26SEP27CINPIT-CINJCHASE1-100,26SEP27CINPIT,Ja'Marr Chase,7564,WR,receiving yards,THRESHOLD,100+,74.23,0.2138,0.26,0.29,0.74,20,10,
KXNFLRECYDS-26SEP27CINPIT-CINCBROWN30-70,26SEP27CINPIT,Chase Brown,9224,RB,receiving yards,THRESHOLD,70+,21.95,0.0225,0.02,0.05,0.98,5257,175,
KXNFLRECYDS-26SEP27CINPIT-CINCBROWN30-60,26SEP27CINPIT,Chase Brown,9224,RB,receiving yards,THRESHOLD,60+,21.95,0.0408,0.05,0.08,0.95,27984,25,
KXNFLRECYDS-26SEP27CINPIT-CINCBROWN30-50,26SEP27CINPIT,Chase Brown,9224,RB,receiving yards,THRESHOLD,50+,21.95,0.0707,0.11,0.13,0.89,13381,5,
KXNFLRECYDS-26SEP27CINPIT-CINCBROWN30-40,26SEP27CINPIT,Chase Brown,9224,RB,receiving yards,THRESHOLD,40+,21.95,0.1206,0.19,0.21,0.81,20,9,
KXNFLRECYDS-26SEP27CINPIT-CINCBROWN30-25,26SEP27CINPIT,Chase Brown,9224,RB,receiving yards,THRESHOLD,25+,21.95,0.2854,0.41,0.42,0.59,11,25,
KXNFLRECYDS-26SEP27CINPIT-CINCBROWN30-15,26SEP27CINPIT,Chase Brown,9224,RB,receiving yards,THRESHOLD,15+,21.95,0.4634,0.64,0.65,0.36,243,50,
KXNFLRECYDS-26SEP27LARDEN-DENJWADDLE17-90,26SEP27LARDEN,Jaylen Waddle,7526,WR,receiving yards,THRESHOLD,90+,63.78,0.1972,0.19,0.24,0.81,14949,60,
KXNFLRECYDS-26SEP27LARDEN-DENJWADDLE17-80,26SEP27LARDEN,Jaylen Waddle,7526,WR,receiving yards,THRESHOLD,80+,63.78,0.2504,0.28,0.30,0.72,33,15,
KXNFLRECYDS-26SEP27LARDEN-DENJWADDLE17-70,26SEP27LARDEN,Jaylen Waddle,7526,WR,receiving yards,THRESHOLD,70+,63.78,0.3286,0.36,0.39,0.64,68,15,
KXNFLRECYDS-26SEP27LARDEN-DENJWADDLE17-60,26SEP27LARDEN,Jaylen Waddle,7526,WR,receiving yards,THRESHOLD,60+,63.78,0.4285,0.50,0.51,0.50,2222,1099,
KXNFLRECYDS-26SEP27LARDEN-DENJWADDLE17-50,26SEP27LARDEN,Jaylen Waddle,7526,WR,receiving yards,THRESHOLD,50+,63.78,0.5433,0.57,0.59,0.43,11,60,
KXNFLRECYDS-26SEP27LARDEN-DENJWADDLE17-40,26SEP27LARDEN,Jaylen Waddle,7526,WR,receiving yards,THRESHOLD,40+,63.78,0.6664,0.67,0.71,0.33,11,25,
KXNFLRECYDS-26SEP27LARDEN-DENJWADDLE17-25,26SEP27LARDEN,Jaylen Waddle,7526,WR,receiving yards,THRESHOLD,25+,63.78,0.8211,0.81,0.86,0.19,158,25,
KXNFLRECYDS-26SEP27LARDEN-DENJWADDLE17-130,26SEP27LARDEN,Jaylen Waddle,7526,WR,receiving yards,THRESHOLD,130+,63.78,0.0524,0.03,0.07,0.97,5725,25,
KXNFLRECYDS-26SEP27LARDEN-DENJWADDLE17-120,26SEP27LARDEN,Jaylen Waddle,7526,WR,receiving yards,THRESHOLD,120+,63.78,0.0691,0.03,0.10,0.97,6929,854,
KXNFLRECYDS-26SEP27LARDEN-DENJWADDLE17-110,26SEP27LARDEN,Jaylen Waddle,7526,WR,receiving yards,THRESHOLD,110+,63.78,0.0973,0.08,0.14,0.92,15560,25,
KXNFLRECYDS-26SEP27LARDEN-DENJWADDLE17-100,26SEP27LARDEN,Jaylen Waddle,7526,WR,receiving yards,THRESHOLD,100+,63.78,0.1473,0.15,0.18,0.85,1242,20,
KXNFLRECYDS-26SEP27NEJAC-NETHENDERSON32-40,26SEP27NEJAC,TreVeyon Henderson,12529,RB,receiving yards,THRESHOLD,40+,13.19,0.0740,0.05,0.08,0.95,5,25,
KXNFLRECYDS-26SEP27NEJAC-NETHENDERSON32-25,26SEP27NEJAC,TreVeyon Henderson,12529,RB,receiving yards,THRESHOLD,25+,13.19,0.2005,0.17,0.19,0.83,5,3,
KXNFLRECYDS-26SEP27NEJAC-NETHENDERSON32-15,26SEP27NEJAC,TreVeyon Henderson,12529,RB,receiving yards,THRESHOLD,15+,13.19,0.3536,0.33,0.35,0.67,1,74,
KXNFLRECYDS-26SEP27NEJAC-NERSTEVENSON38-50,26SEP27NEJAC,Rhamondre Stevenson,7611,RB,receiving yards,THRESHOLD,50+,19.35,0.0824,0.04,0.06,0.96,3,25,
KXNFLRECYDS-26SEP27NEJAC-NERSTEVENSON38-40,26SEP27NEJAC,Rhamondre Stevenson,7611,RB,receiving yards,THRESHOLD,40+,19.35,0.1473,0.09,0.12,0.91,9604,12,
KXNFLRECYDS-26SEP27NEJAC-NERSTEVENSON38-25,26SEP27NEJAC,Rhamondre Stevenson,7611,RB,receiving yards,THRESHOLD,25+,19.35,0.3153,0.25,0.27,0.75,5,8,
KXNFLRECYDS-26SEP27NEJAC-NERSTEVENSON38-15,26SEP27NEJAC,Rhamondre Stevenson,7611,RB,receiving yards,THRESHOLD,15+,19.35,0.4967,0.48,0.49,0.52,1,617,
KXNFLRECYDS-26SEP27NEJAC-NERDOUBS87-90,26SEP27NEJAC,Romeo Doubs,8121,WR,receiving yards,THRESHOLD,90+,47.82,0.1123,0.09,0.12,0.91,205,8,
KXNFLRECYDS-26SEP27NEJAC-NERDOUBS87-80,26SEP27NEJAC,Romeo Doubs,8121,WR,receiving yards,THRESHOLD,80+,47.82,0.1539,0.15,0.16,0.85,26,26,
KXNFLRECYDS-26SEP27NEJAC-NERDOUBS87-70,26SEP27NEJAC,Romeo Doubs,8121,WR,receiving yards,THRESHOLD,70+,47.82,0.2221,0.20,0.22,0.80,33,127,
KXNFLRECYDS-26SEP27NEJAC-NERDOUBS87-60,26SEP27NEJAC,Romeo Doubs,8121,WR,receiving yards,THRESHOLD,60+,47.82,0.3003,0.30,0.31,0.70,47,15,
KXNFLRECYDS-26SEP27NEJAC-NERDOUBS87-50,26SEP27NEJAC,Romeo Doubs,8121,WR,receiving yards,THRESHOLD,50+,47.82,0.3869,0.39,0.40,0.61,60,20,
KXNFLRECYDS-26SEP27NEJAC-NERDOUBS87-40,26SEP27NEJAC,Romeo Doubs,8121,WR,receiving yards,THRESHOLD,40+,47.82,0.5333,0.53,0.54,0.47,3048,100,
KXNFLRECYDS-26SEP27NEJAC-NERDOUBS87-25,26SEP27NEJAC,Romeo Doubs,8121,WR,receiving yards,THRESHOLD,25+,47.82,0.7030,0.69,0.70,0.31,195,457,
KXNFLRECYDS-26SEP27NEJAC-NERDOUBS87-15,26SEP27NEJAC,Romeo Doubs,8121,WR,receiving yards,THRESHOLD,15+,47.82,0.8394,0.82,0.83,0.18,246,1,
KXNFLRECYDS-26SEP27NEJAC-NERDOUBS87-110,26SEP27NEJAC,Romeo Doubs,8121,WR,receiving yards,THRESHOLD,110+,47.82,0.0507,0.03,0.06,0.97,2500,25,
KXNFLRECYDS-26SEP27NEJAC-NERDOUBS87-100,26SEP27NEJAC,Romeo Doubs,8121,WR,receiving yards,THRESHOLD,100+,47.82,0.0740,0.05,0.08,0.95,15,40,
KXNFLRECYDS-26SEP27NEJAC-NEMHOLLINS13-90,26SEP27NEJAC,Mack Hollins,4177,WR,receiving yards,THRESHOLD,90+,40.63,0.0674,0.03,0.07,0.97,17003,25,
KXNFLRECYDS-26SEP27NEJAC-NEMHOLLINS13-80,26SEP27NEJAC,Mack Hollins,4177,WR,receiving yards,THRESHOLD,80+,40.63,0.1073,0.07,0.10,0.93,14503,25,
KXNFLRECYDS-26SEP27NEJAC-NEMHOLLINS13-70,26SEP27NEJAC,Mack Hollins,4177,WR,receiving yards,THRESHOLD,70+,40.63,0.1606,0.11,0.14,0.89,984,18,
KXNFLRECYDS-26SEP27NEJAC-NEMHOLLINS13-60,26SEP27NEJAC,Mack Hollins,4177,WR,receiving yards,THRESHOLD,60+,40.63,0.2304,0.19,0.21,0.81,959,46,
KXNFLRECYDS-26SEP27NEJAC-NEMHOLLINS13-50,26SEP27NEJAC,Mack Hollins,4177,WR,receiving yards,THRESHOLD,50+,40.63,0.3070,0.28,0.29,0.72,1408,1020,
KXNFLRECYDS-26SEP27NEJAC-NEMHOLLINS13-40,26SEP27NEJAC,Mack Hollins,4177,WR,receiving yards,THRESHOLD,40+,40.63,0.4384,0.38,0.41,0.62,34,25,
KXNFLRECYDS-26SEP27NEJAC-NEMHOLLINS13-25,26SEP27NEJAC,Mack Hollins,4177,WR,receiving yards,THRESHOLD,25+,40.63,0.6265,0.62,0.63,0.38,135,988,
KXNFLRECYDS-26SEP27NEJAC-NEMHOLLINS13-15,26SEP27NEJAC,Mack Hollins,4177,WR,receiving yards,THRESHOLD,15+,40.63,0.7579,0.75,0.77,0.25,129,1,
KXNFLRECYDS-26SEP27NEJAC-NEHHENRY85-90,26SEP27NEJAC,Hunter Henry,3214,TE,receiving yards,THRESHOLD,90+,44.03,0.0591,0.07,0.10,0.93,10003,25,
KXNFLRECYDS-26SEP27NEJAC-NEHHENRY85-80,26SEP27NEJAC,Hunter Henry,3214,TE,receiving yards,THRESHOLD,80+,44.03,0.0990,0.11,0.14,0.89,10003,75,
KXNFLRECYDS-26SEP27NEJAC-NEHHENRY85-70,26SEP27NEJAC,Hunter Henry,3214,TE,receiving yards,THRESHOLD,70+,44.03,0.1739,0.17,0.19,0.83,5000,127,
KXNFLRECYDS-26SEP27NEJAC-NEHHENRY85-60,26SEP27NEJAC,Hunter Henry,3214,TE,receiving yards,THRESHOLD,60+,44.03,0.2421,0.25,0.27,0.75,36,77,
KXNFLRECYDS-26SEP27NEJAC-NEHHENRY85-50,26SEP27NEJAC,Hunter Henry,3214,TE,receiving yards,THRESHOLD,50+,44.03,0.3486,0.36,0.38,0.64,20,431,
KXNFLRECYDS-26SEP27NEJAC-NEHHENRY85-40,26SEP27NEJAC,Hunter Henry,3214,TE,receiving yards,THRESHOLD,40+,44.03,0.4900,0.49,0.51,0.51,2104,504,
KXNFLRECYDS-26SEP27NEJAC-NEHHENRY85-25,26SEP27NEJAC,Hunter Henry,3214,TE,receiving yards,THRESHOLD,25+,44.03,0.7130,0.71,0.72,0.29,188,77,
KXNFLRECYDS-26SEP27NEJAC-NEHHENRY85-15,26SEP27NEJAC,Hunter Henry,3214,TE,receiving yards,THRESHOLD,15+,44.03,0.8494,0.84,0.85,0.16,224,75,
KXNFLRECYDS-26SEP27NEJAC-NEHHENRY85-110,26SEP27NEJAC,Hunter Henry,3214,TE,receiving yards,THRESHOLD,110+,44.03,0.0291,0.02,0.05,0.98,13978,125,
KXNFLRECYDS-26SEP27NEJAC-NEHHENRY85-100,26SEP27NEJAC,Hunter Henry,3214,TE,receiving yards,THRESHOLD,100+,44.03,0.0408,0.04,0.07,0.96,12503,25,
KXNFLRECYDS-26SEP27NEJAC-NEDDOUGLAS3-90,26SEP27NEJAC,DeMario Douglas,9501,WR,receiving yards,THRESHOLD,90+,34.25,0.0441,0.02,0.05,0.98,15800,125,
KXNFLRECYDS-26SEP27NEJAC-NEDDOUGLAS3-80,26SEP27NEJAC,DeMario Douglas,9501,WR,receiving yards,THRESHOLD,80+,34.25,0.0641,0.04,0.07,0.96,21000,25,
KXNFLRECYDS-26SEP27NEJAC-NEDDOUGLAS3-70,26SEP27NEJAC,DeMario Douglas,9501,WR,receiving yards,THRESHOLD,70+,34.25,0.1040,0.08,0.11,0.92,30503,25,
KXNFLRECYDS-26SEP27NEJAC-NEDDOUGLAS3-60,26SEP27NEJAC,DeMario Douglas,9501,WR,receiving yards,THRESHOLD,60+,34.25,0.1772,0.13,0.16,0.87,11000,2,
KXNFLRECYDS-26SEP27NEJAC-NEDDOUGLAS3-50,26SEP27NEJAC,DeMario Douglas,9501,WR,receiving yards,THRESHOLD,50+,34.25,0.2604,0.22,0.24,0.78,11000,1,
KXNFLRECYDS-26SEP27NEJAC-NEDDOUGLAS3-40,26SEP27NEJAC,DeMario Douglas,9501,WR,receiving yards,THRESHOLD,40+,34.25,0.3319,0.33,0.36,0.67,17056,1,
KXNFLRECYDS-26SEP27NEJAC-NEDDOUGLAS3-25,26SEP27NEJAC,DeMario Douglas,9501,WR,receiving yards,THRESHOLD,25+,34.25,0.5017,0.56,0.58,0.44,91,200,
KXNFLRECYDS-26SEP27NEJAC-NEDDOUGLAS3-15,26SEP27NEJAC,DeMario Douglas,9501,WR,receiving yards,THRESHOLD,15+,34.25,0.6597,0.73,0.74,0.27,203,25,
KXNFLRECYDS-26SEP27NEJAC-JACPWASHINGTON11-90,26SEP27NEJAC,Parker Washington,9487,WR,receiving yards,THRESHOLD,90+,74.57,0.2970,0.26,0.27,0.74,1318,312,
KXNFLRECYDS-26SEP27NEJAC-JACPWASHINGTON11-80,26SEP27NEJAC,Parker Washington,9487,WR,receiving yards,THRESHOLD,80+,74.57,0.3669,0.34,0.35,0.66,3,41,
KXNFLRECYDS-26SEP27NEJAC-JACPWASHINGTON11-70,26SEP27NEJAC,Parker Washington,9487,WR,receiving yards,THRESHOLD,70+,74.57,0.4700,0.44,0.45,0.56,2114,9749,
KXNFLRECYDS-26SEP27NEJAC-JACPWASHINGTON11-60,26SEP27NEJAC,Parker Washington,9487,WR,receiving yards,THRESHOLD,60+,74.57,0.5549,0.56,0.57,0.44,9574,20,
KXNFLRECYDS-26SEP27NEJAC-JACPWASHINGTON11-50,26SEP27NEJAC,Parker Washington,9487,WR,receiving yards,THRESHOLD,50+,74.57,0.6830,0.64,0.65,0.36,1376,197,
KXNFLRECYDS-26SEP27NEJAC-JACPWASHINGTON11-40,26SEP27NEJAC,Parker Washington,9487,WR,receiving yards,THRESHOLD,40+,74.57,0.7829,0.74,0.75,0.26,162,130,
KXNFLRECYDS-26SEP27NEJAC-JACPWASHINGTON11-25,26SEP27NEJAC,Parker Washington,9487,WR,receiving yards,THRESHOLD,25+,74.57,0.9010,0.87,0.89,0.13,477,25,
KXNFLRECYDS-26SEP27NEJAC-JACPWASHINGTON11-150,26SEP27NEJAC,Parker Washington,9487,WR,receiving yards,THRESHOLD,150+,74.57,0.0374,0.03,0.05,0.97,2500,25,
KXNFLRECYDS-26SEP27NEJAC-JACPWASHINGTON11-140,26SEP27NEJAC,Parker Washington,9487,WR,receiving yards,THRESHOLD,140+,74.57,0.0607,0.03,0.07,0.97,8495,75,
KXNFLRECYDS-26SEP27NEJAC-JACPWASHINGTON11-130,26SEP27NEJAC,Parker Washington,9487,WR,receiving yards,THRESHOLD,130+,74.57,0.0790,0.05,0.09,0.95,10000,75,
KXNFLRECYDS-26SEP27NEJAC-JACPWASHINGTON11-120,26SEP27NEJAC,Parker Washington,9487,WR,receiving yards,THRESHOLD,120+,74.57,0.1190,0.10,0.13,0.90,3144,25,
KXNFLRECYDS-26SEP27NEJAC-JACPWASHINGTON11-110,26SEP27NEJAC,Parker Washington,9487,WR,receiving yards,THRESHOLD,110+,74.57,0.1672,0.14,0.16,0.86,200,25,
KXNFLRECYDS-26SEP27NEJAC-JACPWASHINGTON11-100,26SEP27NEJAC,Parker Washington,9487,WR,receiving yards,THRESHOLD,100+,74.57,0.2238,0.20,0.21,0.80,25,13,
KXNFLRECYDS-26SEP27NEJAC-JACJMEYERS3-90,26SEP27NEJAC,Jakobi Meyers,5947,WR,receiving yards,THRESHOLD,90+,38.49,0.0541,0.04,0.07,0.96,25000,125,
KXNFLRECYDS-26SEP27NEJAC-JACJMEYERS3-80,26SEP27NEJAC,Jakobi Meyers,5947,WR,receiving yards,THRESHOLD,80+,38.49,0.0890,0.07,0.10,0.93,16216,125,
KXNFLRECYDS-26SEP27NEJAC-JACJMEYERS3-70,26SEP27NEJAC,Jakobi Meyers,5947,WR,receiving yards,THRESHOLD,70+,38.49,0.1339,0.12,0.14,0.88,20,25,
KXNFLRECYDS-26SEP27NEJAC-JACJMEYERS3-60,26SEP27NEJAC,Jakobi Meyers,5947,WR,receiving yards,THRESHOLD,60+,38.49,0.1972,0.19,0.20,0.81,20,2,
KXNFLRECYDS-26SEP27NEJAC-JACJMEYERS3-50,26SEP27NEJAC,Jakobi Meyers,5947,WR,receiving yards,THRESHOLD,50+,38.49,0.2754,0.28,0.31,0.72,5020,21,
KXNFLRECYDS-26SEP27NEJAC-JACJMEYERS3-40,26SEP27NEJAC,Jakobi Meyers,5947,WR,receiving yards,THRESHOLD,40+,38.49,0.3835,0.41,0.42,0.59,6866,1,
KXNFLRECYDS-26SEP27NEJAC-JACJMEYERS3-35,26SEP27NEJAC,Jakobi Meyers,5947,WR,receiving yards,THRESHOLD,35+,38.49,0.4401,0.49,0.50,0.51,62,1,
KXNFLRECYDS-26SEP27NEJAC-JACJMEYERS3-25,26SEP27NEJAC,Jakobi Meyers,5947,WR,receiving yards,THRESHOLD,25+,38.49,0.5699,0.63,0.65,0.37,138,102,
KXNFLRECYDS-26SEP27NEJAC-JACJMEYERS3-15,26SEP27NEJAC,Jakobi Meyers,5947,WR,receiving yards,THRESHOLD,15+,38.49,0.7230,0.77,0.79,0.23,626,76,
KXNFLRECYDS-26SEP27NEJAC-JACJMEYERS3-100,26SEP27NEJAC,Jakobi Meyers,5947,WR,receiving yards,THRESHOLD,100+,38.49,0.0374,0.02,0.06,0.98,22203,125,
KXNFLRECYDS-26SEP27NEJAC-JACBTUTEN33-50,26SEP27NEJAC,Bhayshul Tuten,12490,RB,receiving yards,THRESHOLD,50+,12.16,0.0441,0.03,0.07,0.97,3131,698,
KXNFLRECYDS-26SEP27NEJAC-JACBTUTEN33-40,26SEP27NEJAC,Bhayshul Tuten,12490,RB,receiving yards,THRESHOLD,40+,12.16,0.0674,0.06,0.08,0.94,10898,76,
KXNFLRECYDS-26SEP27NEJAC-JACBTUTEN33-25,26SEP27NEJAC,Bhayshul Tuten,12490,RB,receiving yards,THRESHOLD,25+,12.16,0.2072,0.17,0.19,0.83,11056,35,
KXNFLRECYDS-26SEP27NEJAC-JACBTUTEN33-15,26SEP27NEJAC,Bhayshul Tuten,12490,RB,receiving yards,THRESHOLD,15+,12.16,0.3652,0.36,0.37,0.64,1,1802,
KXNFLRECYDS-26SEP27NEJAC-JACBTUTEN33-10,26SEP27NEJAC,Bhayshul Tuten,12490,RB,receiving yards,THRESHOLD,10+,12.16,0.4684,0.52,0.53,0.48,20493,225,
KXNFLRECYDS-26SEP27NEJAC-JACBTHOMAS7-90,26SEP27NEJAC,Brian Thomas Jr.,11631,WR,receiving yards,THRESHOLD,90+,44.71,0.0973,0.06,0.10,0.94,32669,25,
KXNFLRECYDS-26SEP27NEJAC-JACBTHOMAS7-80,26SEP27NEJAC,Brian Thomas Jr.,11631,WR,receiving yards,THRESHOLD,80+,44.71,0.1456,0.10,0.13,0.90,21283,24,
KXNFLRECYDS-26SEP27NEJAC-JACBTHOMAS7-70,26SEP27NEJAC,Brian Thomas Jr.,11631,WR,receiving yards,THRESHOLD,70+,44.71,0.2072,0.15,0.18,0.85,973,73,
KXNFLRECYDS-26SEP27NEJAC-JACBTHOMAS7-60,26SEP27NEJAC,Brian Thomas Jr.,11631,WR,receiving yards,THRESHOLD,60+,44.71,0.2870,0.22,0.24,0.78,20,9,
KXNFLRECYDS-26SEP27NEJAC-JACBTHOMAS7-50,26SEP27NEJAC,Brian Thomas Jr.,11631,WR,receiving yards,THRESHOLD,50+,44.71,0.3686,0.32,0.33,0.68,20,2,
KXNFLRECYDS-26SEP27NEJAC-JACBTHOMAS7-40,26SEP27NEJAC,Brian Thomas Jr.,11631,WR,receiving yards,THRESHOLD,40+,44.71,0.4967,0.44,0.46,0.56,11778,30,
KXNFLRECYDS-26SEP27NEJAC-JACBTHOMAS7-25,26SEP27NEJAC,Brian Thomas Jr.,11631,WR,receiving yards,THRESHOLD,25+,44.71,0.6880,0.65,0.68,0.35,8487,2,
KXNFLRECYDS-26SEP27NEJAC-JACBTHOMAS7-15,26SEP27NEJAC,Brian Thomas Jr.,11631,WR,receiving yards,THRESHOLD,15+,44.71,0.8078,0.78,0.80,0.22,25,13,
KXNFLRECYDS-26SEP27NEJAC-JACBTHOMAS7-110,26SEP27NEJAC,Brian Thomas Jr.,11631,WR,receiving yards,THRESHOLD,110+,44.71,0.0424,0.05,0.06,0.95,33682,30,
KXNFLRECYDS-26SEP27NEJAC-JACBTHOMAS7-100,26SEP27NEJAC,Brian Thomas Jr.,11631,WR,receiving yards,THRESHOLD,100+,44.71,0.0624,0.04,0.07,0.96,20213,4,
KXNFLRECYDS-26SEP27NEJAC-JACBSTRANGE85-90,26SEP27NEJAC,Brenton Strange,9480,TE,receiving yards,THRESHOLD,90+,37.53,0.0341,0.02,0.05,0.98,23850,125,
KXNFLRECYDS-26SEP27NEJAC-JACBSTRANGE85-80,26SEP27NEJAC,Brenton Strange,9480,TE,receiving yards,THRESHOLD,80+,37.53,0.0524,0.04,0.07,0.96,18429,2952,
KXNFLRECYDS-26SEP27NEJAC-JACBSTRANGE85-70,26SEP27NEJAC,Brenton Strange,9480,TE,receiving yards,THRESHOLD,70+,37.53,0.0990,0.08,0.10,0.92,5000,50,
KXNFLRECYDS-26SEP27NEJAC-JACBSTRANGE85-60,26SEP27NEJAC,Brenton Strange,9480,TE,receiving yards,THRESHOLD,60+,37.53,0.1839,0.12,0.13,0.88,4782,1725,
KXNFLRECYDS-26SEP27NEJAC-JACBSTRANGE85-50,26SEP27NEJAC,Brenton Strange,9480,TE,receiving yards,THRESHOLD,50+,37.53,0.2554,0.20,0.21,0.80,6205,2307,
KXNFLRECYDS-26SEP27NEJAC-JACBSTRANGE85-40,26SEP27NEJAC,Brenton Strange,9480,TE,receiving yards,THRESHOLD,40+,37.53,0.3686,0.31,0.32,0.69,4960,3145,
KXNFLRECYDS-26SEP27NEJAC-JACBSTRANGE85-25,26SEP27NEJAC,Brenton Strange,9480,TE,receiving yards,THRESHOLD,25+,37.53,0.6431,0.56,0.57,0.44,6025,50,
KXNFLRECYDS-26SEP27NEJAC-JACBSTRANGE85-15,26SEP27NEJAC,Brenton Strange,9480,TE,receiving yards,THRESHOLD,15+,37.53,0.7745,0.73,0.74,0.27,5110,81,
KXNFLRECYDS-26SEP27LACBUF-LACOHAMPTON8-50,26SEP27LACBUF,Omarion Hampton,12507,RB,receiving yards,THRESHOLD,50+,12.50,0.0441,0.03,0.05,0.97,5000,15,
KXNFLRECYDS-26SEP27LACBUF-LACOHAMPTON8-40,26SEP27LACBUF,Omarion Hampton,12507,RB,receiving yards,THRESHOLD,40+,12.50,0.0790,0.08,0.09,0.92,21500,23,
KXNFLRECYDS-26SEP27LACBUF-LACOHAMPTON8-25,26SEP27LACBUF,Omarion Hampton,12507,RB,receiving yards,THRESHOLD,25+,12.50,0.2105,0.19,0.21,0.81,5765,3,
KXNFLRECYDS-26SEP27LACBUF-LACOHAMPTON8-15,26SEP27LACBUF,Omarion Hampton,12507,RB,receiving yards,THRESHOLD,15+,12.50,0.3735,0.37,0.39,0.63,1,145,
KXNFLRECYDS-26SEP27BALDAL-DALJWILLIAMS33-50,26SEP27BALDAL,Javonte Williams,7588,RB,receiving yards,THRESHOLD,50+,15.86,0.0607,0.05,0.07,0.95,2500,25,
KXNFLRECYDS-26SEP27BALDAL-DALJWILLIAMS33-40,26SEP27BALDAL,Javonte Williams,7588,RB,receiving yards,THRESHOLD,40+,15.86,0.1057,0.12,0.13,0.88,7990,1,
KXNFLRECYDS-26SEP27BALDAL-DALJWILLIAMS33-25,26SEP27BALDAL,Javonte Williams,7588,RB,receiving yards,THRESHOLD,25+,15.86,0.2371,0.28,0.29,0.72,1038,25,
KXNFLRECYDS-26SEP27BALDAL-DALJWILLIAMS33-15,26SEP27BALDAL,Javonte Williams,7588,RB,receiving yards,THRESHOLD,15+,15.86,0.4218,0.50,0.51,0.50,25,14,
KXNFLRECYDS-26SEP27BALDAL-DALJFERGUSON87-80,26SEP27BALDAL,Jake Ferguson,8110,TE,receiving yards,THRESHOLD,80+,35.82,0.0458,0.02,0.05,0.98,25,125,
KXNFLRECYDS-26SEP27BALDAL-DALJFERGUSON87-70,26SEP27BALDAL,Jake Ferguson,8110,TE,receiving yards,THRESHOLD,70+,35.82,0.0874,0.04,0.07,0.96,10000,25,
KXNFLRECYDS-26SEP27BALDAL-DALJFERGUSON87-60,26SEP27BALDAL,Jake Ferguson,8110,TE,receiving yards,THRESHOLD,60+,35.82,0.1622,0.10,0.11,0.90,10400,50,
KXNFLRECYDS-26SEP27BALDAL-DALJFERGUSON87-50,26SEP27BALDAL,Jake Ferguson,8110,TE,receiving yards,THRESHOLD,50+,35.82,0.2354,0.15,0.18,0.85,11619,41,
KXNFLRECYDS-26SEP27BALDAL-DALJFERGUSON87-40,26SEP27BALDAL,Jake Ferguson,8110,TE,receiving yards,THRESHOLD,40+,35.82,0.3436,0.27,0.29,0.73,20,32,
KXNFLRECYDS-26SEP27BALDAL-DALJFERGUSON87-25,26SEP27BALDAL,Jake Ferguson,8110,TE,receiving yards,THRESHOLD,25+,35.82,0.5849,0.55,0.56,0.45,3022,15,
KXNFLRECYDS-26SEP27BALDAL-DALJFERGUSON87-15,26SEP27BALDAL,Jake Ferguson,8110,TE,receiving yards,THRESHOLD,15+,35.82,0.7296,0.72,0.75,0.28,180,25,
KXNFLRECYDS-26SEP27BALDAL-DALGPICKENS3-90,26SEP27BALDAL,George Pickens,8137,WR,receiving yards,THRESHOLD,90+,77.90,0.3303,0.26,0.28,0.74,1576,100,
KXNFLRECYDS-26SEP27BALDAL-DALGPICKENS3-80,26SEP27BALDAL,George Pickens,8137,WR,receiving yards,THRESHOLD,80+,77.90,0.4035,0.34,0.35,0.66,33,100,
KXNFLRECYDS-26SEP27BALDAL-DALGPICKENS3-70,26SEP27BALDAL,George Pickens,8137,WR,receiving yards,THRESHOLD,70+,77.90,0.5000,0.43,0.45,0.57,1097,325,
KXNFLRECYDS-26SEP27BALDAL-DALGPICKENS3-60,26SEP27BALDAL,George Pickens,8137,WR,receiving yards,THRESHOLD,60+,77.90,0.5965,0.55,0.56,0.45,18194,52,
KXNFLRECYDS-26SEP27BALDAL-DALGPICKENS3-50,26SEP27BALDAL,George Pickens,8137,WR,receiving yards,THRESHOLD,50+,77.90,0.7047,0.62,0.64,0.38,20,1015,
KXNFLRECYDS-26SEP27BALDAL-DALGPICKENS3-40,26SEP27BALDAL,George Pickens,8137,WR,receiving yards,THRESHOLD,40+,77.90,0.7945,0.73,0.75,0.27,121,20,
KXNFLRECYDS-26SEP27BALDAL-DALGPICKENS3-25,26SEP27BALDAL,George Pickens,8137,WR,receiving yards,THRESHOLD,25+,77.90,0.9010,0.88,0.89,0.12,3278,5,
KXNFLRECYDS-26SEP27BALDAL-DALGPICKENS3-150,26SEP27BALDAL,George Pickens,8137,WR,receiving yards,THRESHOLD,150+,77.90,0.0574,0.02,0.05,0.98,7000,125,
KXNFLRECYDS-26SEP27BALDAL-DALGPICKENS3-140,26SEP27BALDAL,George Pickens,8137,WR,receiving yards,THRESHOLD,140+,77.90,0.0790,0.03,0.06,0.97,2500,25,
KXNFLRECYDS-26SEP27BALDAL-DALGPICKENS3-130,26SEP27BALDAL,George Pickens,8137,WR,receiving yards,THRESHOLD,130+,77.90,0.1023,0.05,0.08,0.95,6238,25,
KXNFLRECYDS-26SEP27BALDAL-DALGPICKENS3-120,26SEP27BALDAL,George Pickens,8137,WR,receiving yards,THRESHOLD,120+,77.90,0.1406,0.08,0.11,0.92,1171,75,
KXNFLRECYDS-26SEP27BALDAL-DALGPICKENS3-110,26SEP27BALDAL,George Pickens,8137,WR,receiving yards,THRESHOLD,110+,77.90,0.2022,0.14,0.15,0.86,10000,100,
KXNFLRECYDS-26SEP27BALDAL-DALGPICKENS3-100,26SEP27BALDAL,George Pickens,8137,WR,receiving yards,THRESHOLD,100+,77.90,0.2621,0.20,0.21,0.80,444,99,
KXNFLRECYDS-26SEP27BALDAL-DALCLAMB88-90,26SEP27BALDAL,CeeDee Lamb,6786,WR,receiving yards,THRESHOLD,90+,84.52,0.3686,0.42,0.43,0.58,54,45,
KXNFLRECYDS-26SEP27BALDAL-DALCLAMB88-85,26SEP27BALDAL,CeeDee Lamb,6786,WR,receiving yards,THRESHOLD,85+,84.52,0.4101,0.46,0.48,0.54,94,30,
KXNFLRECYDS-26SEP27BALDAL-DALCLAMB88-80,26SEP27BALDAL,CeeDee Lamb,6786,WR,receiving yards,THRESHOLD,80+,84.52,0.4534,0.50,0.51,0.50,172,15,
KXNFLRECYDS-26SEP27BALDAL-DALCLAMB88-70,26SEP27BALDAL,CeeDee Lamb,6786,WR,receiving yards,THRESHOLD,70+,84.52,0.5300,0.59,0.61,0.41,25,625,
KXNFLRECYDS-26SEP27BALDAL-DALCLAMB88-60,26SEP27BALDAL,CeeDee Lamb,6786,WR,receiving yards,THRESHOLD,60+,84.52,0.6298,0.68,0.70,0.32,155,318,
KXNFLRECYDS-26SEP27BALDAL-DALCLAMB88-50,26SEP27BALDAL,CeeDee Lamb,6786,WR,receiving yards,THRESHOLD,50+,84.52,0.7180,0.77,0.78,0.23,207,25,
KXNFLRECYDS-26SEP27BALDAL-DALCLAMB88-40,26SEP27BALDAL,CeeDee Lamb,6786,WR,receiving yards,THRESHOLD,40+,84.52,0.8145,0.84,0.87,0.16,3230,17,
KXNFLRECYDS-26SEP27BALDAL-DALCLAMB88-170,26SEP27BALDAL,CeeDee Lamb,6786,WR,receiving yards,THRESHOLD,170+,84.52,0.0374,0.03,0.05,0.97,363,25,
KXNFLRECYDS-26SEP27BALDAL-DALCLAMB88-160,26SEP27BALDAL,CeeDee Lamb,6786,WR,receiving yards,THRESHOLD,160+,84.52,0.0574,0.04,0.07,0.96,5700,25,
KXNFLRECYDS-26SEP27BALDAL-DALCLAMB88-150,26SEP27BALDAL,CeeDee Lamb,6786,WR,receiving yards,THRESHOLD,150+,84.52,0.0757,0.06,0.09,0.94,200,71,
KXNFLRECYDS-26SEP27BALDAL-DALCLAMB88-140,26SEP27BALDAL,CeeDee Lamb,6786,WR,receiving yards,THRESHOLD,140+,84.52,0.1040,0.11,0.12,0.89,1667,3,
KXNFLRECYDS-26SEP27BALDAL-DALCLAMB88-130,26SEP27BALDAL,CeeDee Lamb,6786,WR,receiving yards,THRESHOLD,130+,84.52,0.1456,0.14,0.16,0.86,1000,3,
KXNFLRECYDS-26SEP27BALDAL-DALCLAMB88-120,26SEP27BALDAL,CeeDee Lamb,6786,WR,receiving yards,THRESHOLD,120+,84.52,0.1755,0.19,0.21,0.81,157,2,
KXNFLRECYDS-26SEP27BALDAL-DALCLAMB88-110,26SEP27BALDAL,CeeDee Lamb,6786,WR,receiving yards,THRESHOLD,110+,84.52,0.2388,0.25,0.27,0.75,1000,13,
KXNFLRECYDS-26SEP27BALDAL-DALCLAMB88-100,26SEP27BALDAL,CeeDee Lamb,6786,WR,receiving yards,THRESHOLD,100+,84.52,0.3053,0.33,0.34,0.67,32,2,
KXNFLRECYDS-26SEP27LACBUF-LACQJOHNSTON1-100,26SEP27LACBUF,Quentin Johnston,9754,WR,receiving yards,THRESHOLD,100+,43.73,0.0474,0.05,0.06,0.95,212,5000,
KXNFLRECYDS-26SEP27LACBUF-LACQJOHNSTON1-90,26SEP27LACBUF,Quentin Johnston,9754,WR,receiving yards,THRESHOLD,90+,43.73,0.0757,0.07,0.09,0.93,14665,3500,
KXNFLRECYDS-26SEP27LACBUF-LACQJOHNSTON1-80,26SEP27LACBUF,Quentin Johnston,9754,WR,receiving yards,THRESHOLD,80+,43.73,0.1090,0.12,0.13,0.88,17047,105,
KXNFLRECYDS-26SEP27LACBUF-LACQJOHNSTON1-70,26SEP27LACBUF,Quentin Johnston,9754,WR,receiving yards,THRESHOLD,70+,43.73,0.1589,0.17,0.18,0.83,23476,105,
KXNFLRECYDS-26SEP27LACBUF-LACQJOHNSTON1-60,26SEP27LACBUF,Quentin Johnston,9754,WR,receiving yards,THRESHOLD,60+,43.73,0.2454,0.24,0.25,0.76,17294,103,
KXNFLRECYDS-26SEP27LACBUF-LACQJOHNSTON1-50,26SEP27LACBUF,Quentin Johnston,9754,WR,receiving yards,THRESHOLD,50+,43.73,0.3336,0.33,0.34,0.67,16770,2089,
KXNFLRECYDS-26SEP27LACBUF-LACQJOHNSTON1-40,26SEP27LACBUF,Quentin Johnston,9754,WR,receiving yards,THRESHOLD,40+,43.73,0.4517,0.44,0.45,0.56,949,1815,
KXNFLRECYDS-26SEP27LACBUF-LACQJOHNSTON1-25,26SEP27LACBUF,Quentin Johnston,9754,WR,receiving yards,THRESHOLD,25+,43.73,0.6647,0.64,0.65,0.36,70,67,
KXNFLRECYDS-26SEP27LACBUF-LACQJOHNSTON1-15,26SEP27LACBUF,Quentin Johnston,9754,WR,receiving yards,THRESHOLD,15+,43.73,0.7995,0.77,0.79,0.23,1615,25,
KXNFLRECYDS-26SEP27LACBUF-LACTHARRIS9-90,26SEP27LACBUF,Tre' Harris,12509,WR,receiving yards,THRESHOLD,90+,36.01,0.0474,0.03,0.04,0.97,1041,166,
KXNFLRECYDS-26SEP27LACBUF-LACTHARRIS9-80,26SEP27LACBUF,Tre' Harris,12509,WR,receiving yards,THRESHOLD,80+,36.01,0.0724,0.04,0.06,0.96,1063,122,
KXNFLRECYDS-26SEP27LACBUF-LACTHARRIS9-70,26SEP27LACBUF,Tre' Harris,12509,WR,receiving yards,THRESHOLD,70+,36.01,0.1023,0.09,0.11,0.91,881,63,
KXNFLRECYDS-26SEP27LACBUF-LACTHARRIS9-60,26SEP27LACBUF,Tre' Harris,12509,WR,receiving yards,THRESHOLD,60+,36.01,0.1622,0.16,0.17,0.84,1000,13,
KXNFLRECYDS-26SEP27LACBUF-LACTHARRIS9-50,26SEP27LACBUF,Tre' Harris,12509,WR,receiving yards,THRESHOLD,50+,36.01,0.2454,0.24,0.26,0.76,1000,7,
KXNFLRECYDS-26SEP27LACBUF-LACTHARRIS9-40,26SEP27LACBUF,Tre' Harris,12509,WR,receiving yards,THRESHOLD,40+,36.01,0.3486,0.36,0.37,0.64,1587,1,
KXNFLRECYDS-26SEP27LACBUF-LACTHARRIS9-25,26SEP27LACBUF,Tre' Harris,12509,WR,receiving yards,THRESHOLD,25+,36.01,0.5399,0.56,0.58,0.44,68,37,
KXNFLRECYDS-26SEP27LACBUF-LACTHARRIS9-15,26SEP27LACBUF,Tre' Harris,12509,WR,receiving yards,THRESHOLD,15+,36.01,0.7113,0.74,0.75,0.26,150,6,
KXNFLRECYDS-26SEP27LACBUF-LACLMCCONKEY15-90,26SEP27LACBUF,Ladd McConkey,11635,WR,receiving yards,THRESHOLD,90+,66.81,0.2221,0.20,0.21,0.80,1000,25,
KXNFLRECYDS-26SEP27LACBUF-LACLMCCONKEY15-80,26SEP27LACBUF,Ladd McConkey,11635,WR,receiving yards,THRESHOLD,80+,66.81,0.2887,0.27,0.28,0.73,2216,30,
KXNFLRECYDS-26SEP27LACBUF-LACLMCCONKEY15-70,26SEP27LACBUF,Ladd McConkey,11635,WR,receiving yards,THRESHOLD,70+,66.81,0.3702,0.36,0.37,0.64,38,355,
KXNFLRECYDS-26SEP27LACBUF-LACLMCCONKEY15-60,26SEP27LACBUF,Ladd McConkey,11635,WR,receiving yards,THRESHOLD,60+,66.81,0.4717,0.48,0.49,0.52,1,1670,
KXNFLRECYDS-26SEP27LACBUF-LACLMCCONKEY15-55,26SEP27LACBUF,Ladd McConkey,11635,WR,receiving yards,THRESHOLD,55+,66.81,0.5316,0.55,0.56,0.45,2458,264,
KXNFLRECYDS-26SEP27LACBUF-LACLMCCONKEY15-50,26SEP27LACBUF,Ladd McConkey,11635,WR,receiving yards,THRESHOLD,50+,66.81,0.5948,0.58,0.59,0.42,1062,3597,
KXNFLRECYDS-26SEP27LACBUF-LACLMCCONKEY15-40,26SEP27LACBUF,Ladd McConkey,11635,WR,receiving yards,THRESHOLD,40+,66.81,0.7013,0.69,0.70,0.31,22,8,
KXNFLRECYDS-26SEP27LACBUF-LACLMCCONKEY15-25,26SEP27LACBUF,Ladd McConkey,11635,WR,receiving yards,THRESHOLD,25+,66.81,0.8494,0.81,0.84,0.19,778,728,
KXNFLRECYDS-26SEP27LACBUF-LACLMCCONKEY15-130,26SEP27LACBUF,Ladd McConkey,11635,WR,receiving yards,THRESHOLD,130+,66.81,0.0324,0.03,0.06,0.97,2500,1543,
KXNFLRECYDS-26SEP27LACBUF-LACLMCCONKEY15-120,26SEP27LACBUF,Ladd McConkey,11635,WR,receiving yards,THRESHOLD,120+,66.81,0.0724,0.07,0.09,0.93,1198,15,
KXNFLRECYDS-26SEP27LACBUF-LACLMCCONKEY15-110,26SEP27LACBUF,Ladd McConkey,11635,WR,receiving yards,THRESHOLD,110+,66.81,0.1173,0.10,0.12,0.90,240,22,
KXNFLRECYDS-26SEP27LACBUF-LACLMCCONKEY15-100,26SEP27LACBUF,Ladd McConkey,11635,WR,receiving yards,THRESHOLD,100+,66.81,0.1639,0.16,0.17,0.84,2394,20,
KXNFLRRYDS-26SEP27TENNYG-NYGDSINGLETARY26-70,26SEP27TENNYG,Devin Singletary,6130,RB,rush + rec yards,THRESHOLD,70+,31.91,0.1273,0.02,0.06,0.98,829,25,
KXNFLRRYDS-26SEP27TENNYG-NYGDSINGLETARY26-45,26SEP27TENNYG,Devin Singletary,6130,RB,rush + rec yards,THRESHOLD,45+,31.91,0.3186,0.03,0.19,0.97,200,25,
KXNFLRRYDS-26SEP27TENNYG-NYGDSINGLETARY26-20,26SEP27TENNYG,Devin Singletary,6130,RB,rush + rec yards,THRESHOLD,20+,31.91,0.6215,0.03,0.60,0.97,25,25,
KXNFLRRYDS-26SEP27MINTB-MINAJONES33-120,26SEP27MINTB,Aaron Jones Sr.,4199,RB,rush + rec yards,THRESHOLD,120+,75.22,0.1256,0.05,0.11,0.95,1734,25,
KXNFLRRYDS-26SEP27MINTB-MINAJONES33-95,26SEP27MINTB,Aaron Jones Sr.,4199,RB,rush + rec yards,THRESHOLD,95+,75.22,0.2737,0.02,0.28,0.98,6,510,
KXNFLRRYDS-26SEP27MINTB-MINAJONES33-70,26SEP27MINTB,Aaron Jones Sr.,4199,RB,rush + rec yards,THRESHOLD,70+,75.22,0.5017,0.48,0.49,0.52,11,49,
KXNFLRRYDS-26SEP28PHICHI-CHIDSWIFT4-120,26SEP28PHICHI,D'Andre Swift,6790,RB,rush + rec yards,THRESHOLD,120+,67.89,0.0973,0.07,0.13,0.93,475,45,
KXNFLRRYDS-26SEP28PHICHI-CHIDSWIFT4-95,26SEP28PHICHI,D'Andre Swift,6790,RB,rush + rec yards,THRESHOLD,95+,67.89,0.2338,0.21,0.31,0.79,11,13,
KXNFLRRYDS-26SEP28PHICHI-CHIDSWIFT4-70,26SEP28PHICHI,D'Andre Swift,6790,RB,rush + rec yards,THRESHOLD,70+,67.89,0.4484,0.49,0.52,0.51,11,25,
KXNFLRRYDS-26SEP28PHICHI-PHISBARKLEY26-90,26SEP28PHICHI,Saquon Barkley,4866,RB,rush + rec yards,THRESHOLD,90+,98.95,0.4917,0.48,0.52,0.52,6795,87,
KXNFLRRYDS-26SEP28PHICHI-PHISBARKLEY26-140,26SEP28PHICHI,Saquon Barkley,4866,RB,rush + rec yards,THRESHOLD,140+,98.95,0.1339,0.07,0.13,0.93,475,26,
KXNFLRRYDS-26SEP28PHICHI-PHISBARKLEY26-115,26SEP28PHICHI,Saquon Barkley,4866,RB,rush + rec yards,THRESHOLD,115+,98.95,0.2687,0.09,0.24,0.91,15,8,
KXNFLRRYDS-26SEP27LARDEN-LARKWILLIAMS23-95,26SEP27LARDEN,Kyren Williams,8150,RB,rush + rec yards,THRESHOLD,95+,75.51,0.2720,0.11,0.28,0.89,6,25,
KXNFLRRYDS-26SEP27LARDEN-LARKWILLIAMS23-70,26SEP27LARDEN,Kyren Williams,8150,RB,rush + rec yards,THRESHOLD,70+,75.51,0.5000,0.47,0.53,0.53,1258,78,
KXNFLRRYDS-26SEP27LARDEN-LARKWILLIAMS23-120,26SEP27LARDEN,Kyren Williams,8150,RB,rush + rec yards,THRESHOLD,120+,75.51,0.1256,0.06,0.12,0.94,475,25,
KXNFLRRYDS-26SEP27SEAWAS-WASRWHITE1-90,26SEP27SEAWAS,Rachaad White,8136,RB,rush + rec yards,THRESHOLD,90+,35.10,0.0424,0.02,0.06,0.98,7445,25,
KXNFLRRYDS-26SEP27SEAWAS-WASRWHITE1-65,26SEP27SEAWAS,Rachaad White,8136,RB,rush + rec yards,THRESHOLD,65+,35.10,0.1339,0.13,0.16,0.87,5,3,
KXNFLRRYDS-26SEP27SEAWAS-WASRWHITE1-40,26SEP27SEAWAS,Rachaad White,8136,RB,rush + rec yards,THRESHOLD,40+,35.10,0.3469,0.46,0.47,0.54,25,13,
KXNFLRRYDS-26SEP27LVNO-NOAKAMARA41-100,26SEP27LVNO,Alvin Kamara,4035,RB,rush + rec yards,THRESHOLD,100+,39.53,0.0441,0.01,0.07,0.99,5617,1597,
KXNFLRRYDS-26SEP27LVNO-NOAKAMARA41-75,26SEP27LVNO,Alvin Kamara,4035,RB,rush + rec yards,THRESHOLD,75+,39.53,0.1256,0.11,0.16,0.89,1190,82,
KXNFLRRYDS-26SEP27LVNO-NOAKAMARA41-50,26SEP27LVNO,Alvin Kamara,4035,RB,rush + rec yards,THRESHOLD,50+,39.53,0.2887,0.40,0.43,0.60,50,431,
KXNFLRRYDS-26SEP27LVNO-NOTETIENNE3-100,26SEP27LVNO,Travis Etienne Jr.,7543,RB,rush + rec yards,THRESHOLD,100+,64.20,0.1822,0.05,0.10,0.95,4168,25,
KXNFLRRYDS-26SEP27LVNO-NOTETIENNE3-75,26SEP27LVNO,Travis Etienne Jr.,7543,RB,rush + rec yards,THRESHOLD,75+,64.20,0.3486,0.22,0.24,0.78,50,137,
KXNFLRRYDS-26SEP27LVNO-NOTETIENNE3-50,26SEP27LVNO,Travis Etienne Jr.,7543,RB,rush + rec yards,THRESHOLD,50+,64.20,0.6398,0.50,0.53,0.50,50,25,
KXNFLRRYDS-26SEP27TENNYG-TENTPOLLARD20-110,26SEP27TENNYG,Tony Pollard,5967,RB,rush + rec yards,THRESHOLD,110+,83.85,0.2687,0.09,0.16,0.91,11,25,
KXNFLRRYDS-26SEP27TENNYG-TENTPOLLARD20-85,26SEP27TENNYG,Tony Pollard,5967,RB,rush + rec yards,THRESHOLD,85+,83.85,0.4684,0.19,0.36,0.81,1,1,
KXNFLRRYDS-26SEP27TENNYG-TENTPOLLARD20-60,26SEP27TENNYG,Tony Pollard,5967,RB,rush + rec yards,THRESHOLD,60+,83.85,0.7080,0.60,0.63,0.40,816,100,
KXNFLRRYDS-26SEP27MINTB-TBKGAINWELL1-80,26SEP27MINTB,Kenny Gainwell,7567,RB,rush + rec yards,THRESHOLD,80+,40.52,0.1040,0.02,0.07,0.98,5316,276,
KXNFLRRYDS-26SEP27MINTB-TBKGAINWELL1-55,26SEP27MINTB,Kenny Gainwell,7567,RB,rush + rec yards,THRESHOLD,55+,40.52,0.2554,0.08,0.22,0.92,5125,55,
KXNFLRRYDS-26SEP27MINTB-TBKGAINWELL1-30,26SEP27MINTB,Kenny Gainwell,7567,RB,rush + rec yards,THRESHOLD,30+,40.52,0.5532,0.45,0.57,0.55,5945,25,
KXNFLRRYDS-26SEP27ARISF-SFCMCCAFFREY23-150,26SEP27ARISF,Christian McCaffrey,4034,RB,rush + rec yards,THRESHOLD,150+,111.24,0.1556,0.08,0.14,0.92,625,25,
KXNFLRRYDS-26SEP27ARISF-SFCMCCAFFREY23-125,26SEP27ARISF,Christian McCaffrey,4034,RB,rush + rec yards,THRESHOLD,125+,111.24,0.2970,0.25,0.30,0.75,5100,14,
KXNFLRRYDS-26SEP27ARISF-SFCMCCAFFREY23-100,26SEP27ARISF,Christian McCaffrey,4034,RB,rush + rec yards,THRESHOLD,100+,111.24,0.5000,0.50,0.52,0.50,2579,50,
KXNFLRRYDS-26SEP27ARISF-ARITALLGEIER22-90,26SEP27ARISF,Tyler Allgeier,8132,RB,rush + rec yards,THRESHOLD,90+,43.14,0.0790,0.04,0.09,0.96,3189,25,
KXNFLRRYDS-26SEP27ARISF-ARITALLGEIER22-65,26SEP27ARISF,Tyler Allgeier,8132,RB,rush + rec yards,THRESHOLD,65+,43.14,0.2072,0.17,0.26,0.83,9011,25,
KXNFLRRYDS-26SEP27ARISF-ARITALLGEIER22-40,26SEP27ARISF,Tyler Allgeier,8132,RB,rush + rec yards,THRESHOLD,40+,43.14,0.4168,0.54,0.58,0.46,11,25,
KXNFLRRYDS-26SEP27ARISF-ARIJLOVE4-85,26SEP27ARISF,Jeremiyah Love,13287,RB,rush + rec yards,THRESHOLD,85+,72.89,0.3186,0.19,0.22,0.81,1260,6,
KXNFLRRYDS-26SEP27ARISF-ARIJLOVE4-60,26SEP27ARISF,Jeremiyah Love,13287,RB,rush + rec yards,THRESHOLD,60+,72.89,0.5882,0.45,0.48,0.55,75,138,
KXNFLRRYDS-26SEP27ARISF-ARIJLOVE4-110,26SEP27ARISF,Jeremiyah Love,13287,RB,rush + rec yards,THRESHOLD,110+,72.89,0.1606,0.04,0.09,0.96,3438,25,
KXNFLRRYDS-26SEP27CINPIT-CINSPERINE34-80,26SEP27CINPIT,Samaje Perine,4147,RB,rush + rec yards,THRESHOLD,80+,26.93,0.0408,0.01,0.04,0.99,25,750,
KXNFLRRYDS-26SEP27CINPIT-CINSPERINE34-55,26SEP27CINPIT,Samaje Perine,4147,RB,rush + rec yards,THRESHOLD,55+,26.93,0.1240,0.04,0.14,0.96,25,25,
KXNFLRRYDS-26SEP27CINPIT-CINSPERINE34-30,26SEP27CINPIT,Samaje Perine,4147,RB,rush + rec yards,THRESHOLD,30+,26.93,0.3120,0.42,0.44,0.58,178,4,
KXNFLRRYDS-26SEP27BALDAL-BALDHENRY22-160,26SEP27BALDAL,Derrick Henry,3198,RB,rush + rec yards,THRESHOLD,160+,113.13,0.1273,0.11,0.16,0.89,25,25,
KXNFLRRYDS-26SEP27BALDAL-BALDHENRY22-135,26SEP27BALDAL,Derrick Henry,3198,RB,rush + rec yards,THRESHOLD,135+,113.13,0.2571,0.26,0.29,0.74,127,23,
KXNFLRRYDS-26SEP27BALDAL-BALDHENRY22-110,26SEP27BALDAL,Derrick Henry,3198,RB,rush + rec yards,THRESHOLD,110+,113.13,0.4384,0.42,0.46,0.58,9,26,
KXNFLRRYDS-26SEP27LVNO-LVAJEANTY2-90,26SEP27LVNO,Ashton Jeanty,12527,RB,rush + rec yards,THRESHOLD,90+,77.36,0.3502,0.57,0.60,0.43,3372,36,
KXNFLRRYDS-26SEP27LVNO-LVAJEANTY2-140,26SEP27LVNO,Ashton Jeanty,12527,RB,rush + rec yards,THRESHOLD,140+,77.36,0.0657,0.19,0.20,0.81,6607,300,
KXNFLRRYDS-26SEP27LVNO-LVAJEANTY2-115,26SEP27LVNO,Ashton Jeanty,12527,RB,rush + rec yards,THRESHOLD,115+,77.36,0.1606,0.27,0.42,0.73,4655,1,
KXNFLRRYDS-26SEP27BALDAL-DALJWILLIAMS33-80,26SEP27BALDAL,Javonte Williams,7588,RB,rush + rec yards,THRESHOLD,80+,74.98,0.3985,0.43,0.44,0.57,34,443,
KXNFLRRYDS-26SEP27BALDAL-DALJWILLIAMS33-130,26SEP27BALDAL,Javonte Williams,7588,RB,rush + rec yards,THRESHOLD,130+,74.98,0.0990,0.06,0.11,0.94,625,25,
KXNFLRRYDS-26SEP27BALDAL-DALJWILLIAMS33-105,26SEP27BALDAL,Javonte Williams,7588,RB,rush + rec yards,THRESHOLD,105+,74.98,0.2138,0.05,0.30,0.95,11,10,
KXNFLRRYDS-26SEP27HOUIND-HOUWMARKS4-90,26SEP27HOUIND,Woody Marks,12474,RB,rush + rec yards,THRESHOLD,90+,46.70,0.1190,0.03,0.08,0.97,8731,25,
KXNFLRRYDS-26SEP27HOUIND-HOUWMARKS4-65,26SEP27HOUIND,Woody Marks,12474,RB,rush + rec yards,THRESHOLD,65+,46.70,0.2804,0.16,0.22,0.84,4500,25,
KXNFLRRYDS-26SEP27HOUIND-HOUWMARKS4-40,26SEP27HOUIND,Woody Marks,12474,RB,rush + rec yards,THRESHOLD,40+,46.70,0.5017,0.51,0.54,0.49,310,1451,
KXNFLRRYDS-26SEP27HOUIND-HOUDMONTGOMERY32-110,26SEP27HOUIND,David Montgomery,5892,RB,rush + rec yards,THRESHOLD,110+,68.29,0.1339,0.09,0.11,0.91,2618,2,
KXNFLRRYDS-26SEP27HOUIND-HOUDMONTGOMERY32-85,26SEP27HOUIND,David Montgomery,5892,RB,rush + rec yards,THRESHOLD,85+,68.29,0.3020,0.18,0.26,0.82,4,69,
KXNFLRRYDS-26SEP27HOUIND-HOUDMONTGOMERY32-60,26SEP27HOUIND,David Montgomery,5892,RB,rush + rec yards,THRESHOLD,60+,68.29,0.5516,0.51,0.53,0.49,3012,448,
KXNFLRRYDS-26SEP27MINTB-TBBIRVING7-80,26SEP27MINTB,Bucky Irving,11584,RB,rush + rec yards,THRESHOLD,80+,79.95,0.4700,0.45,0.48,0.55,1376,191,
KXNFLRRYDS-26SEP27MINTB-TBBIRVING7-130,26SEP27MINTB,Bucky Irving,11584,RB,rush + rec yards,THRESHOLD,130+,79.95,0.1190,0.06,0.11,0.94,1900,25,
KXNFLRRYDS-26SEP27MINTB-TBBIRVING7-105,26SEP27MINTB,Bucky Irving,11584,RB,rush + rec yards,THRESHOLD,105+,79.95,0.2687,0.10,0.25,0.90,5200,25,
KXNFLRRYDS-26SEP27CINPIT-CINCBROWN30-90,26SEP27CINPIT,Chase Brown,9224,RB,rush + rec yards,THRESHOLD,90+,84.90,0.4268,0.47,0.50,0.53,1858,422,
KXNFLRRYDS-26SEP27CINPIT-CINCBROWN30-140,26SEP27CINPIT,Chase Brown,9224,RB,rush + rec yards,THRESHOLD,140+,84.90,0.0957,0.07,0.12,0.93,5750,25,
KXNFLRRYDS-26SEP27CINPIT-CINCBROWN30-115,26SEP27CINPIT,Chase Brown,9224,RB,rush + rec yards,THRESHOLD,115+,84.90,0.2238,0.07,0.27,0.93,4768,15,
KXNFLRRYDS-26SEP27CARCLE-CLEQJUDKINS10-95,26SEP27CARCLE,Quinshon Judkins,12512,RB,rush + rec yards,THRESHOLD,95+,70.64,0.2488,0.30,0.34,0.70,7361,3,
KXNFLRRYDS-26SEP27CARCLE-CLEQJUDKINS10-70,26SEP27CARCLE,Quinshon Judkins,12512,RB,rush + rec yards,THRESHOLD,70+,70.64,0.4667,0.57,0.58,0.43,1000,8,
KXNFLRRYDS-26SEP27CARCLE-CLEQJUDKINS10-120,26SEP27CARCLE,Quinshon Judkins,12512,RB,rush + rec yards,THRESHOLD,120+,70.64,0.1106,0.11,0.15,0.89,2094,313,
KXNFLRRYDS-26SEP27CARCLE-CARCHUBBARD30-90,26SEP27CARCLE,Chuba Hubbard,7594,RB,rush + rec yards,THRESHOLD,90+,86.05,0.4384,0.45,0.49,0.55,1687,77,
KXNFLRRYDS-26SEP27CARCLE-CARCHUBBARD30-140,26SEP27CARCLE,Chuba Hubbard,7594,RB,rush + rec yards,THRESHOLD,140+,86.05,0.1040,0.08,0.13,0.92,1625,41,
KXNFLRRYDS-26SEP27CARCLE-CARCHUBBARD30-115,26SEP27CARCLE,Chuba Hubbard,7594,RB,rush + rec yards,THRESHOLD,115+,86.05,0.2304,0.14,0.28,0.86,5822,25,
KXNFLRRYDS-26SEP27HOUIND-INDJTAYLOR28-160,26SEP27HOUIND,Jonathan Taylor,6813,RB,rush + rec yards,THRESHOLD,160+,106.82,0.0890,0.11,0.15,0.89,2176,43,
KXNFLRRYDS-26SEP27HOUIND-INDJTAYLOR28-135,26SEP27HOUIND,Jonathan Taylor,6813,RB,rush + rec yards,THRESHOLD,135+,106.82,0.2072,0.26,0.29,0.74,13,113,
KXNFLRRYDS-26SEP27HOUIND-INDJTAYLOR28-110,26SEP27HOUIND,Jonathan Taylor,6813,RB,rush + rec yards,THRESHOLD,110+,106.82,0.3835,0.48,0.50,0.52,263,40,
KXNFLRRYDS-26SEP27NYJDET-NYJBHALL20-80,26SEP27NYJDET,Breece Hall,8155,RB,rush + rec yards,THRESHOLD,80+,91.40,0.5266,0.56,0.57,0.44,1000,4,
KXNFLRRYDS-26SEP27NYJDET-NYJBHALL20-130,26SEP27NYJDET,Breece Hall,8155,RB,rush + rec yards,THRESHOLD,130+,91.40,0.1539,0.11,0.14,0.89,1000,100,
KXNFLRRYDS-26SEP27NYJDET-NYJBHALL20-105,26SEP27NYJDET,Breece Hall,8155,RB,rush + rec yards,THRESHOLD,105+,91.40,0.3253,0.25,0.33,0.75,4,2,
KXNFLRRYDS-26SEP27NYJDET-DETJGIBBS0-180,26SEP27NYJDET,Jahmyr Gibbs,9221,RB,rush + rec yards,THRESHOLD,180+,128.76,0.0807,0.11,0.16,0.89,1814,100,
KXNFLRRYDS-26SEP27NYJDET-DETJGIBBS0-155,26SEP27NYJDET,Jahmyr Gibbs,9221,RB,rush + rec yards,THRESHOLD,155+,128.76,0.1705,0.30,0.31,0.70,5500,5,
KXNFLRRYDS-26SEP27NYJDET-DETJGIBBS0-130,26SEP27NYJDET,Jahmyr Gibbs,9221,RB,rush + rec yards,THRESHOLD,130+,128.76,0.3253,0.49,0.50,0.51,1800,760,
KXNFLRRYDS-26SEP27LACBUF-LACOHAMPTON8-80,26SEP27LACBUF,Omarion Hampton,12507,RB,rush + rec yards,THRESHOLD,80+,78.03,0.4617,0.40,0.43,0.60,467,4,
KXNFLRRYDS-26SEP27LACBUF-LACOHAMPTON8-130,26SEP27LACBUF,Omarion Hampton,12507,RB,rush + rec yards,THRESHOLD,130+,78.03,0.1190,0.06,0.10,0.94,5130,3,
KXNFLRRYDS-26SEP27LACBUF-LACOHAMPTON8-105,26SEP27LACBUF,Omarion Hampton,12507,RB,rush + rec yards,THRESHOLD,105+,78.03,0.2604,0.06,0.28,0.94,11,10,
KXNFLRRYDS-26SEP27LACBUF-BUFJCOOK4-150,26SEP27LACBUF,James Cook III,8138,RB,rush + rec yards,THRESHOLD,150+,92.85,0.0774,0.12,0.15,0.88,1539,5,
KXNFLRRYDS-26SEP27LACBUF-BUFJCOOK4-125,26SEP27LACBUF,James Cook III,8138,RB,rush + rec yards,THRESHOLD,125+,92.85,0.1889,0.25,0.27,0.75,298,108,
KXNFLRRYDS-26SEP27LACBUF-BUFJCOOK4-100,26SEP27LACBUF,James Cook III,8138,RB,rush + rec yards,THRESHOLD,100+,92.85,0.3719,0.47,0.49,0.53,1664,25,
KXNFLRRYDS-26SEP27NEJAC-NETHENDERSON32-75,26SEP27NEJAC,TreVeyon Henderson,12529,RB,rush + rec yards,THRESHOLD,75+,67.73,0.3935,0.23,0.28,0.77,50,27,
KXNFLRRYDS-26SEP27NEJAC-NETHENDERSON32-50,26SEP27NEJAC,TreVeyon Henderson,12529,RB,rush + rec yards,THRESHOLD,50+,67.73,0.6531,0.54,0.55,0.46,11,456,
KXNFLRRYDS-26SEP27NEJAC-NETHENDERSON32-100,26SEP27NEJAC,TreVeyon Henderson,12529,RB,rush + rec yards,THRESHOLD,100+,67.73,0.1872,0.08,0.13,0.92,1242,75,
KXNFLRRYDS-26SEP27NEJAC-NERSTEVENSON38-85,26SEP27NEJAC,Rhamondre Stevenson,7611,RB,rush + rec yards,THRESHOLD,85+,56.47,0.1972,0.13,0.23,0.87,11,25,
KXNFLRRYDS-26SEP27NEJAC-NERSTEVENSON38-60,26SEP27NEJAC,Rhamondre Stevenson,7611,RB,rush + rec yards,THRESHOLD,60+,56.47,0.4052,0.39,0.40,0.61,25,15,
KXNFLRRYDS-26SEP27NEJAC-NERSTEVENSON38-110,26SEP27NEJAC,Rhamondre Stevenson,7611,RB,rush + rec yards,THRESHOLD,110+,56.47,0.0923,0.05,0.06,0.95,200,18,
KXNFLRRYDS-26SEP27NEJAC-JACBTUTEN33-95,26SEP27NEJAC,Bhayshul Tuten,12490,RB,rush + rec yards,THRESHOLD,95+,62.23,0.2072,0.08,0.25,0.92,25,25,
KXNFLRRYDS-26SEP27NEJAC-JACBTUTEN33-70,26SEP27NEJAC,Bhayshul Tuten,12490,RB,rush + rec yards,THRESHOLD,70+,62.23,0.3935,0.45,0.46,0.55,190,200,
KXNFLRRYDS-26SEP27NEJAC-JACBTUTEN33-120,26SEP27NEJAC,Bhayshul Tuten,12490,RB,rush + rec yards,THRESHOLD,120+,62.23,0.0990,0.06,0.11,0.94,3697,25,
KXNFLRRYDS-26SEP27TENNYG-NYGCSKATTEBO44-95,26SEP27TENNYG,Cam Skattebo,12481,RB,rush + rec yards,THRESHOLD,95+,88.09,0.3935,0.27,0.30,0.73,7235,5,
KXNFLRRYDS-26SEP27TENNYG-NYGCSKATTEBO44-70,26SEP27TENNYG,Cam Skattebo,12481,RB,rush + rec yards,THRESHOLD,70+,88.09,0.6381,0.55,0.56,0.45,1636,13,
KXNFLRRYDS-26SEP27TENNYG-NYGCSKATTEBO44-120,26SEP27TENNYG,Cam Skattebo,12481,RB,rush + rec yards,THRESHOLD,120+,88.09,0.2121,0.09,0.12,0.91,625,2,
KXNFLRRYDS-26SEP27KCMIA-MIADACHANE28-90,26SEP27KCMIA,De'Von Achane,9226,RB,rush + rec yards,THRESHOLD,90+,94.55,0.4617,0.50,0.53,0.50,1619,154,
KXNFLRRYDS-26SEP27KCMIA-MIADACHANE28-140,26SEP27KCMIA,De'Von Achane,9226,RB,rush + rec yards,THRESHOLD,140+,94.55,0.1140,0.10,0.16,0.90,1625,30,
KXNFLRRYDS-26SEP27KCMIA-MIADACHANE28-115,26SEP27KCMIA,De'Von Achane,9226,RB,rush + rec yards,THRESHOLD,115+,94.55,0.2354,0.19,0.32,0.81,9869,25,
KXNFLRRYDS-26SEP27KCMIA-KCKWALKER9-160,26SEP27KCMIA,Kenneth Walker III,8151,RB,rush + rec yards,THRESHOLD,160+,118.11,0.1389,0.14,0.15,0.86,68,5,
KXNFLRRYDS-26SEP27KCMIA-KCKWALKER9-135,26SEP27KCMIA,Kenneth Walker III,8151,RB,rush + rec yards,THRESHOLD,135+,118.11,0.2820,0.29,0.31,0.71,1718,22,
KXNFLRRYDS-26SEP27KCMIA-KCKWALKER9-110,26SEP27KCMIA,Kenneth Walker III,8151,RB,rush + rec yards,THRESHOLD,110+,118.11,0.4634,0.48,0.50,0.52,25,492,
KXNFLRRYDS-26SEP27KCMIA-KCEJOHNSON10-90,26SEP27KCMIA,Emmett Johnson,13337,RB,rush + rec yards,THRESHOLD,90+,25.66,0.0275,0.08,0.09,0.92,1000,8,
KXNFLRRYDS-26SEP27KCMIA-KCEJOHNSON10-65,26SEP27KCMIA,Emmett Johnson,13337,RB,rush + rec yards,THRESHOLD,65+,25.66,0.0724,0.21,0.25,0.79,774,14,
KXNFLRRYDS-26SEP27KCMIA-KCEJOHNSON10-40,26SEP27KCMIA,Emmett Johnson,13337,RB,rush + rec yards,THRESHOLD,40+,25.66,0.2255,0.57,0.58,0.43,2831,610,
KXNFLRSHYDS-26SEP27ARISF-SFKBLACK26-90,26SEP27ARISF,Kaelon Black,13414,RB,rushing yards,THRESHOLD,90+,30.82,0.0324,0.02,0.05,0.98,2666,25,
KXNFLRSHYDS-26SEP27ARISF-SFKBLACK26-80,26SEP27ARISF,Kaelon Black,13414,RB,rushing yards,THRESHOLD,80+,30.82,0.0507,0.04,0.07,0.96,2500,25,
KXNFLRSHYDS-26SEP27ARISF-SFKBLACK26-70,26SEP27ARISF,Kaelon Black,13414,RB,rushing yards,THRESHOLD,70+,30.82,0.0707,0.06,0.11,0.94,3103,182,
KXNFLRSHYDS-26SEP27ARISF-SFKBLACK26-60,26SEP27ARISF,Kaelon Black,13414,RB,rushing yards,THRESHOLD,60+,30.82,0.1256,0.14,0.17,0.86,1936,2,
KXNFLRSHYDS-26SEP27ARISF-SFKBLACK26-50,26SEP27ARISF,Kaelon Black,13414,RB,rushing yards,THRESHOLD,50+,30.82,0.1822,0.22,0.25,0.78,200,3,
KXNFLRSHYDS-26SEP27ARISF-SFKBLACK26-40,26SEP27ARISF,Kaelon Black,13414,RB,rushing yards,THRESHOLD,40+,30.82,0.2837,0.35,0.38,0.65,200,1,
KXNFLRSHYDS-26SEP27ARISF-SFKBLACK26-30,26SEP27ARISF,Kaelon Black,13414,RB,rushing yards,THRESHOLD,30+,30.82,0.4118,0.51,0.55,0.49,1,824,
KXNFLRSHYDS-26SEP27ARISF-SFKBLACK26-25,26SEP27ARISF,Kaelon Black,13414,RB,rushing yards,THRESHOLD,25+,30.82,0.4834,0.60,0.65,0.40,425,1917,
KXNFLRSHYDS-26SEP27ARISF-SFKBLACK26-20,26SEP27ARISF,Kaelon Black,13414,RB,rushing yards,THRESHOLD,20+,30.82,0.5765,0.69,0.74,0.31,1369,1250,
KXNFLRSHYDS-26SEP27ARISF-SFKBLACK26-15,26SEP27ARISF,Kaelon Black,13414,RB,rushing yards,THRESHOLD,15+,30.82,0.6547,0.78,0.82,0.22,2,25,
KXNFLRSHYDS-26SEP27TENNYG-NYGDSINGLETARY26-50,26SEP27TENNYG,Devin Singletary,6130,RB,rushing yards,THRESHOLD,50+,26.89,0.1772,0.02,0.04,0.98,1301,25,
KXNFLRSHYDS-26SEP27TENNYG-NYGDSINGLETARY26-40,26SEP27TENNYG,Devin Singletary,6130,RB,rushing yards,THRESHOLD,40+,26.89,0.2504,0.05,0.09,0.95,300,25,
KXNFLRSHYDS-26SEP27TENNYG-NYGDSINGLETARY26-30,26SEP27TENNYG,Devin Singletary,6130,RB,rushing yards,THRESHOLD,30+,26.89,0.3569,0.15,0.16,0.85,225,1,
KXNFLRSHYDS-26SEP27TENNYG-NYGDSINGLETARY26-25,26SEP27TENNYG,Devin Singletary,6130,RB,rushing yards,THRESHOLD,25+,26.89,0.4251,0.21,0.22,0.79,2394,1,
KXNFLRSHYDS-26SEP27TENNYG-NYGDSINGLETARY26-20,26SEP27TENNYG,Devin Singletary,6130,RB,rushing yards,THRESHOLD,20+,26.89,0.5033,0.31,0.32,0.69,350,1,
KXNFLRSHYDS-26SEP27TENNYG-NYGDSINGLETARY26-15,26SEP27TENNYG,Devin Singletary,6130,RB,rushing yards,THRESHOLD,15+,26.89,0.5782,0.43,0.44,0.57,874,45,
KXNFLRSHYDS-26SEP27TENNYG-NYGDSINGLETARY26-10,26SEP27TENNYG,Devin Singletary,6130,RB,rushing yards,THRESHOLD,10+,26.89,0.7080,0.58,0.60,0.42,1397,1,
KXNFLRSHYDS-26SEP27TENNYG-NYGNHARRIS23-60,26SEP27TENNYG,Najee Harris,7528,RB,rushing yards,THRESHOLD,60+,21.40,0.0724,0.03,0.06,0.97,301,25,
KXNFLRSHYDS-26SEP27TENNYG-NYGNHARRIS23-50,26SEP27TENNYG,Najee Harris,7528,RB,rushing yards,THRESHOLD,50+,21.40,0.1057,0.06,0.10,0.94,800,25,
KXNFLRSHYDS-26SEP27TENNYG-NYGNHARRIS23-40,26SEP27TENNYG,Najee Harris,7528,RB,rushing yards,THRESHOLD,40+,21.40,0.1689,0.12,0.16,0.88,1767,25,
KXNFLRSHYDS-26SEP27TENNYG-NYGNHARRIS23-30,26SEP27TENNYG,Najee Harris,7528,RB,rushing yards,THRESHOLD,30+,21.40,0.2737,0.23,0.27,0.77,438,25,
KXNFLRSHYDS-26SEP27TENNYG-NYGNHARRIS23-25,26SEP27TENNYG,Najee Harris,7528,RB,rushing yards,THRESHOLD,25+,21.40,0.3336,0.34,0.35,0.66,200,2,
KXNFLRSHYDS-26SEP27TENNYG-NYGNHARRIS23-20,26SEP27TENNYG,Najee Harris,7528,RB,rushing yards,THRESHOLD,20+,21.40,0.4251,0.45,0.46,0.55,200,14,
KXNFLRSHYDS-26SEP27TENNYG-NYGNHARRIS23-15,26SEP27TENNYG,Najee Harris,7528,RB,rushing yards,THRESHOLD,15+,21.40,0.5316,0.57,0.59,0.43,350,14,
KXNFLRSHYDS-26SEP27TENNYG-NYGNHARRIS23-10,26SEP27TENNYG,Najee Harris,7528,RB,rushing yards,THRESHOLD,10+,21.40,0.6431,0.69,0.72,0.31,375,25,
KXNFLRSHYDS-26SEP27CARCLE-CARADILLON28-60,26SEP27CARCLE,AJ Dillon,6828,RB,rushing yards,THRESHOLD,60+,19.30,0.0674,0.01,0.04,0.99,2500,857,
KXNFLRSHYDS-26SEP27CARCLE-CARADILLON28-50,26SEP27CARCLE,AJ Dillon,6828,RB,rushing yards,THRESHOLD,50+,19.30,0.0907,0.04,0.07,0.96,2500,25,
KXNFLRSHYDS-26SEP27CARCLE-CARADILLON28-40,26SEP27CARCLE,AJ Dillon,6828,RB,rushing yards,THRESHOLD,40+,19.30,0.1456,0.09,0.11,0.91,2020,29,
KXNFLRSHYDS-26SEP27CARCLE-CARADILLON28-30,26SEP27CARCLE,AJ Dillon,6828,RB,rushing yards,THRESHOLD,30+,19.30,0.2471,0.19,0.21,0.81,5979,30,
KXNFLRSHYDS-26SEP27CARCLE-CARADILLON28-25,26SEP27CARCLE,AJ Dillon,6828,RB,rushing yards,THRESHOLD,25+,19.30,0.2987,0.25,0.26,0.75,731,1159,
KXNFLRSHYDS-26SEP27CARCLE-CARADILLON28-20,26SEP27CARCLE,AJ Dillon,6828,RB,rushing yards,THRESHOLD,20+,19.30,0.3835,0.37,0.38,0.63,6454,1,
KXNFLRSHYDS-26SEP27CARCLE-CARADILLON28-15,26SEP27CARCLE,AJ Dillon,6828,RB,rushing yards,THRESHOLD,15+,19.30,0.4884,0.48,0.49,0.52,1083,157,
KXNFLRSHYDS-26SEP27CARCLE-CARADILLON28-10,26SEP27CARCLE,AJ Dillon,6828,RB,rushing yards,THRESHOLD,10+,19.30,0.5965,0.63,0.66,0.37,4720,1186,
KXNFLRSHYDS-26SEP27LARDEN-DENRHARVEY12-70,26SEP27LARDEN,RJ Harvey,12489,RB,rushing yards,THRESHOLD,70+,30.24,0.0691,0.02,0.04,0.98,4,4,
KXNFLRSHYDS-26SEP27LARDEN-DENRHARVEY12-60,26SEP27LARDEN,RJ Harvey,12489,RB,rushing yards,THRESHOLD,60+,30.24,0.1223,0.02,0.06,0.98,5,4,
KXNFLRSHYDS-26SEP27LARDEN-DENRHARVEY12-50,26SEP27LARDEN,RJ Harvey,12489,RB,rushing yards,THRESHOLD,50+,30.24,0.1839,0.07,0.11,0.93,16683,2,
KXNFLRSHYDS-26SEP27LARDEN-DENRHARVEY12-40,26SEP27LARDEN,RJ Harvey,12489,RB,rushing yards,THRESHOLD,40+,30.24,0.2737,0.14,0.18,0.86,5264,23,
KXNFLRSHYDS-26SEP27LARDEN-DENRHARVEY12-30,26SEP27LARDEN,RJ Harvey,12489,RB,rushing yards,THRESHOLD,30+,30.24,0.4068,0.27,0.29,0.73,4,5,
KXNFLRSHYDS-26SEP27LARDEN-DENRHARVEY12-25,26SEP27LARDEN,RJ Harvey,12489,RB,rushing yards,THRESHOLD,25+,30.24,0.4734,0.38,0.39,0.62,2399,4,
KXNFLRSHYDS-26SEP27LARDEN-DENRHARVEY12-20,26SEP27LARDEN,RJ Harvey,12489,RB,rushing yards,THRESHOLD,20+,30.24,0.5666,0.49,0.51,0.51,11260,503,
KXNFLRSHYDS-26SEP27LARDEN-DENRHARVEY12-15,26SEP27LARDEN,RJ Harvey,12489,RB,rushing yards,THRESHOLD,15+,30.24,0.6431,0.60,0.64,0.40,204,2,
KXNFLRSHYDS-26SEP27LARDEN-DENRHARVEY12-10,26SEP27LARDEN,RJ Harvey,12489,RB,rushing yards,THRESHOLD,10+,30.24,0.7463,0.72,0.76,0.28,204,25,
KXNFLRSHYDS-26SEP27LVNO-NOAKAMARA41-70,26SEP27LVNO,Alvin Kamara,4035,RB,rushing yards,THRESHOLD,70+,28.15,0.0707,0.05,0.06,0.95,1063,30,
KXNFLRSHYDS-26SEP27LVNO-NOAKAMARA41-60,26SEP27LVNO,Alvin Kamara,4035,RB,rushing yards,THRESHOLD,60+,28.15,0.1273,0.08,0.10,0.92,4,2,
KXNFLRSHYDS-26SEP27LVNO-NOAKAMARA41-50,26SEP27LVNO,Alvin Kamara,4035,RB,rushing yards,THRESHOLD,50+,28.15,0.1839,0.14,0.18,0.86,11608,2,
KXNFLRSHYDS-26SEP27LVNO-NOAKAMARA41-40,26SEP27LVNO,Alvin Kamara,4035,RB,rushing yards,THRESHOLD,40+,28.15,0.2604,0.26,0.28,0.74,1,27,
KXNFLRSHYDS-26SEP27LVNO-NOAKAMARA41-30,26SEP27LVNO,Alvin Kamara,4035,RB,rushing yards,THRESHOLD,30+,28.15,0.3785,0.43,0.44,0.57,1,10,
KXNFLRSHYDS-26SEP27LVNO-NOAKAMARA41-25,26SEP27LVNO,Alvin Kamara,4035,RB,rushing yards,THRESHOLD,25+,28.15,0.4468,0.53,0.54,0.47,1,450,
KXNFLRSHYDS-26SEP27LVNO-NOAKAMARA41-20,26SEP27LVNO,Alvin Kamara,4035,RB,rushing yards,THRESHOLD,20+,28.15,0.5200,0.64,0.65,0.36,1,70,
KXNFLRSHYDS-26SEP27LVNO-NOAKAMARA41-15,26SEP27LVNO,Alvin Kamara,4035,RB,rushing yards,THRESHOLD,15+,28.15,0.5965,0.74,0.77,0.26,1,381,
KXNFLRSHYDS-26SEP27LVNO-NOTETIENNE3-100,26SEP27LVNO,Travis Etienne Jr.,7543,RB,rushing yards,THRESHOLD,100+,49.33,0.0857,0.05,0.06,0.95,20914,30,
KXNFLRSHYDS-26SEP27LVNO-NOTETIENNE3-90,26SEP27LVNO,Travis Etienne Jr.,7543,RB,rushing yards,THRESHOLD,90+,49.33,0.1256,0.04,0.05,0.96,4,25,
KXNFLRSHYDS-26SEP27LVNO-NOTETIENNE3-80,26SEP27LVNO,Travis Etienne Jr.,7543,RB,rushing yards,THRESHOLD,80+,49.33,0.1805,0.07,0.09,0.93,24,12,
KXNFLRSHYDS-26SEP27LVNO-NOTETIENNE3-70,26SEP27LVNO,Travis Etienne Jr.,7543,RB,rushing yards,THRESHOLD,70+,49.33,0.2504,0.13,0.15,0.87,200,4,
KXNFLRSHYDS-26SEP27LVNO-NOTETIENNE3-60,26SEP27LVNO,Travis Etienne Jr.,7543,RB,rushing yards,THRESHOLD,60+,49.33,0.3319,0.21,0.22,0.79,200,2,
KXNFLRSHYDS-26SEP28PHICHI-PHISBARKLEY26-150,26SEP28PHICHI,Saquon Barkley,4866,RB,rushing yards,THRESHOLD,150+,81.01,0.0557,0.01,0.05,0.99,4700,600,
KXNFLRSHYDS-26SEP27LVNO-NOTETIENNE3-50,26SEP27LVNO,Travis Etienne Jr.,7543,RB,rushing yards,THRESHOLD,50+,49.33,0.4351,0.31,0.32,0.69,20,2,
KXNFLRSHYDS-26SEP28PHICHI-PHISBARKLEY26-140,26SEP28PHICHI,Saquon Barkley,4866,RB,rushing yards,THRESHOLD,140+,81.01,0.0840,0.02,0.07,0.98,5660,20,
KXNFLRSHYDS-26SEP27LVNO-NOTETIENNE3-40,26SEP27LVNO,Travis Etienne Jr.,7543,RB,rushing yards,THRESHOLD,40+,49.33,0.5815,0.46,0.48,0.54,128,720,
KXNFLRSHYDS-26SEP28PHICHI-PHISBARKLEY26-130,26SEP28PHICHI,Saquon Barkley,4866,RB,rushing yards,THRESHOLD,130+,81.01,0.1023,0.04,0.09,0.96,5260,25,
KXNFLRSHYDS-26SEP27LVNO-NOTETIENNE3-30,26SEP27LVNO,Travis Etienne Jr.,7543,RB,rushing yards,THRESHOLD,30+,49.33,0.7246,0.64,0.66,0.36,1015,1,
KXNFLRSHYDS-26SEP28PHICHI-PHISBARKLEY26-120,26SEP28PHICHI,Saquon Barkley,4866,RB,rushing yards,THRESHOLD,120+,81.01,0.1323,0.08,0.13,0.92,5260,82,
KXNFLRSHYDS-26SEP27LVNO-NOTETIENNE3-25,26SEP27LVNO,Travis Etienne Jr.,7543,RB,rushing yards,THRESHOLD,25+,49.33,0.7762,0.70,0.72,0.30,11,78,
KXNFLRSHYDS-26SEP28PHICHI-PHISBARKLEY26-110,26SEP28PHICHI,Saquon Barkley,4866,RB,rushing yards,THRESHOLD,110+,81.01,0.1839,0.12,0.18,0.88,5260,100,
KXNFLRSHYDS-26SEP27LVNO-NOTETIENNE3-20,26SEP27LVNO,Travis Etienne Jr.,7543,RB,rushing yards,THRESHOLD,20+,49.33,0.8328,0.78,0.80,0.22,11,77,
KXNFLRSHYDS-26SEP28PHICHI-PHISBARKLEY26-100,26SEP28PHICHI,Saquon Barkley,4866,RB,rushing yards,THRESHOLD,100+,81.01,0.2587,0.18,0.24,0.82,760,38,
KXNFLRSHYDS-26SEP28PHICHI-PHISBARKLEY26-90,26SEP28PHICHI,Saquon Barkley,4866,RB,rushing yards,THRESHOLD,90+,81.01,0.3353,0.27,0.33,0.73,760,60,
KXNFLRSHYDS-26SEP28PHICHI-PHISBARKLEY26-80,26SEP28PHICHI,Saquon Barkley,4866,RB,rushing yards,THRESHOLD,80+,81.01,0.4201,0.38,0.43,0.62,707,100,
KXNFLRSHYDS-26SEP28PHICHI-PHISBARKLEY26-70,26SEP28PHICHI,Saquon Barkley,4866,RB,rushing yards,THRESHOLD,70+,81.01,0.5017,0.48,0.53,0.52,173,348,
KXNFLRSHYDS-26SEP28PHICHI-PHISBARKLEY26-60,26SEP28PHICHI,Saquon Barkley,4866,RB,rushing yards,THRESHOLD,60+,81.01,0.6181,0.59,0.65,0.41,55,723,
KXNFLRSHYDS-26SEP28PHICHI-PHISBARKLEY26-50,26SEP28PHICHI,Saquon Barkley,4866,RB,rushing yards,THRESHOLD,50+,81.01,0.7163,0.70,0.76,0.30,68,723,
KXNFLRSHYDS-26SEP28PHICHI-PHISBARKLEY26-40,26SEP28PHICHI,Saquon Barkley,4866,RB,rushing yards,THRESHOLD,40+,81.01,0.8111,0.80,0.85,0.20,198,38,
KXNFLRSHYDS-26SEP27SEAWAS-SEAJPRICE8-120,26SEP27SEAWAS,Jadarian Price,13286,RB,rushing yards,THRESHOLD,120+,57.39,0.0657,0.02,0.04,0.98,4,4,
KXNFLRSHYDS-26SEP27SEAWAS-SEAJPRICE8-110,26SEP27SEAWAS,Jadarian Price,13286,RB,rushing yards,THRESHOLD,110+,57.39,0.0957,0.05,0.07,0.95,4800,25,
KXNFLRSHYDS-26SEP27SEAWAS-SEAJPRICE8-100,26SEP27SEAWAS,Jadarian Price,13286,RB,rushing yards,THRESHOLD,100+,57.39,0.1290,0.09,0.10,0.91,4800,4,
KXNFLRSHYDS-26SEP27SEAWAS-SEAJPRICE8-90,26SEP27SEAWAS,Jadarian Price,13286,RB,rushing yards,THRESHOLD,90+,57.39,0.1639,0.13,0.15,0.87,5970,2,
KXNFLRSHYDS-26SEP27SEAWAS-SEAJPRICE8-80,26SEP27SEAWAS,Jadarian Price,13286,RB,rushing yards,THRESHOLD,80+,57.39,0.2288,0.19,0.21,0.81,52,71,
KXNFLRSHYDS-26SEP27SEAWAS-SEAJPRICE8-70,26SEP27SEAWAS,Jadarian Price,13286,RB,rushing yards,THRESHOLD,70+,57.39,0.3136,0.28,0.30,0.72,70,4,
KXNFLRSHYDS-26SEP27SEAWAS-SEAJPRICE8-60,26SEP27SEAWAS,Jadarian Price,13286,RB,rushing yards,THRESHOLD,60+,57.39,0.4418,0.40,0.41,0.60,70,7225,
KXNFLRSHYDS-26SEP27SEAWAS-SEAJPRICE8-50,26SEP27SEAWAS,Jadarian Price,13286,RB,rushing yards,THRESHOLD,50+,57.39,0.5832,0.53,0.54,0.47,13208,56,
KXNFLRSHYDS-26SEP27SEAWAS-SEAJPRICE8-40,26SEP27SEAWAS,Jadarian Price,13286,RB,rushing yards,THRESHOLD,40+,57.39,0.6864,0.63,0.64,0.37,1,1470,
KXNFLRSHYDS-26SEP27SEAWAS-SEAJPRICE8-30,26SEP27SEAWAS,Jadarian Price,13286,RB,rushing yards,THRESHOLD,30+,57.39,0.7978,0.75,0.77,0.25,24,4,
KXNFLRSHYDS-26SEP27SEAWAS-SEAJPRICE8-25,26SEP27SEAWAS,Jadarian Price,13286,RB,rushing yards,THRESHOLD,25+,57.39,0.8478,0.79,0.82,0.21,342,38,
KXNFLRSHYDS-26SEP27SEAWAS-SEAEWILSON23-80,26SEP27SEAWAS,Emanuel Wilson,11435,RB,rushing yards,THRESHOLD,80+,37.44,0.1040,0.05,0.06,0.95,200,34,
KXNFLRSHYDS-26SEP27SEAWAS-SEAEWILSON23-70,26SEP27SEAWAS,Emanuel Wilson,11435,RB,rushing yards,THRESHOLD,70+,37.44,0.1456,0.07,0.08,0.93,2111,394,
KXNFLRSHYDS-26SEP27SEAWAS-SEAEWILSON23-60,26SEP27SEAWAS,Emanuel Wilson,11435,RB,rushing yards,THRESHOLD,60+,37.44,0.2121,0.12,0.13,0.88,200,361,
KXNFLRSHYDS-26SEP27SEAWAS-SEAEWILSON23-50,26SEP27SEAWAS,Emanuel Wilson,11435,RB,rushing yards,THRESHOLD,50+,37.44,0.2987,0.21,0.22,0.79,4700,14,
KXNFLRSHYDS-26SEP27SEAWAS-SEAEWILSON23-40,26SEP27SEAWAS,Emanuel Wilson,11435,RB,rushing yards,THRESHOLD,40+,37.44,0.4085,0.32,0.34,0.68,75,10,
KXNFLRSHYDS-26SEP27SEAWAS-SEAEWILSON23-30,26SEP27SEAWAS,Emanuel Wilson,11435,RB,rushing yards,THRESHOLD,30+,37.44,0.5316,0.49,0.50,0.51,4614,494,
KXNFLRSHYDS-26SEP27SEAWAS-SEAEWILSON23-25,26SEP27SEAWAS,Emanuel Wilson,11435,RB,rushing yards,THRESHOLD,25+,37.44,0.5982,0.55,0.58,0.45,25,33,
KXNFLRSHYDS-26SEP27SEAWAS-SEAEWILSON23-20,26SEP27SEAWAS,Emanuel Wilson,11435,RB,rushing yards,THRESHOLD,20+,37.44,0.6780,0.65,0.67,0.35,1,22,
KXNFLRSHYDS-26SEP27SEAWAS-SEAEWILSON23-15,26SEP27SEAWAS,Emanuel Wilson,11435,RB,rushing yards,THRESHOLD,15+,37.44,0.7629,0.73,0.76,0.27,204,2,
KXNFLRSHYDS-26SEP27SEAWAS-SEAEWILSON23-10,26SEP27SEAWAS,Emanuel Wilson,11435,RB,rushing yards,THRESHOLD,10+,37.44,0.8461,0.84,0.86,0.16,18485,4,
KXNFLRSHYDS-26SEP27SEAWAS-WASRWHITE1-60,26SEP27SEAWAS,Rachaad White,8136,RB,rushing yards,THRESHOLD,60+,21.58,0.0740,0.05,0.06,0.95,6200,30,
KXNFLRSHYDS-26SEP27SEAWAS-WASRWHITE1-50,26SEP27SEAWAS,Rachaad White,8136,RB,rushing yards,THRESHOLD,50+,21.58,0.1090,0.06,0.08,0.94,2816,17,
KXNFLRSHYDS-26SEP27SEAWAS-WASRWHITE1-40,26SEP27SEAWAS,Rachaad White,8136,RB,rushing yards,THRESHOLD,40+,21.58,0.1722,0.12,0.13,0.88,2087,12,
KXNFLRSHYDS-26SEP27SEAWAS-WASRWHITE1-30,26SEP27SEAWAS,Rachaad White,8136,RB,rushing yards,THRESHOLD,30+,21.58,0.2770,0.24,0.26,0.76,200,12,
KXNFLRSHYDS-26SEP27SEAWAS-WASRWHITE1-25,26SEP27SEAWAS,Rachaad White,8136,RB,rushing yards,THRESHOLD,25+,21.58,0.3386,0.35,0.36,0.65,10797,12,
KXNFLRSHYDS-26SEP28PHICHI-CHIKMONANGAI25-100,26SEP28PHICHI,Kyle Monangai,12534,RB,rushing yards,THRESHOLD,100+,39.67,0.0607,0.05,0.06,0.95,6125,55,
KXNFLRSHYDS-26SEP27SEAWAS-WASRWHITE1-20,26SEP27SEAWAS,Rachaad White,8136,RB,rushing yards,THRESHOLD,20+,21.58,0.4334,0.46,0.47,0.54,200,10,
KXNFLRSHYDS-26SEP28PHICHI-CHIKMONANGAI25-90,26SEP28PHICHI,Kyle Monangai,12534,RB,rushing yards,THRESHOLD,90+,39.67,0.0757,0.03,0.08,0.97,5200,25,
KXNFLRSHYDS-26SEP27SEAWAS-WASRWHITE1-15,26SEP27SEAWAS,Rachaad White,8136,RB,rushing yards,THRESHOLD,15+,21.58,0.5433,0.60,0.61,0.40,1889,1500,
KXNFLRSHYDS-26SEP28PHICHI-CHIKMONANGAI25-80,26SEP28PHICHI,Kyle Monangai,12534,RB,rushing yards,THRESHOLD,80+,39.67,0.1123,0.06,0.11,0.94,7319,25,
KXNFLRSHYDS-26SEP27SEAWAS-WASRWHITE1-10,26SEP27SEAWAS,Rachaad White,8136,RB,rushing yards,THRESHOLD,10+,21.58,0.6531,0.72,0.74,0.28,20,12,
KXNFLRSHYDS-26SEP28PHICHI-CHIKMONANGAI25-70,26SEP28PHICHI,Kyle Monangai,12534,RB,rushing yards,THRESHOLD,70+,39.67,0.1656,0.13,0.16,0.87,5260,1,
KXNFLRSHYDS-26SEP28PHICHI-CHIKMONANGAI25-60,26SEP28PHICHI,Kyle Monangai,12534,RB,rushing yards,THRESHOLD,60+,39.67,0.2404,0.19,0.24,0.81,5426,1,
KXNFLRSHYDS-26SEP28PHICHI-CHIKMONANGAI25-50,26SEP28PHICHI,Kyle Monangai,12534,RB,rushing yards,THRESHOLD,50+,39.67,0.3353,0.28,0.34,0.72,760,47,
KXNFLRSHYDS-26SEP28PHICHI-CHIKMONANGAI25-40,26SEP28PHICHI,Kyle Monangai,12534,RB,rushing yards,THRESHOLD,40+,39.67,0.4484,0.48,0.49,0.52,1207,25,
KXNFLRSHYDS-26SEP28PHICHI-CHIKMONANGAI25-30,26SEP28PHICHI,Kyle Monangai,12534,RB,rushing yards,THRESHOLD,30+,39.67,0.5749,0.60,0.65,0.40,607,25,
KXNFLRSHYDS-26SEP28PHICHI-CHIKMONANGAI25-25,26SEP28PHICHI,Kyle Monangai,12534,RB,rushing yards,THRESHOLD,25+,39.67,0.6514,0.68,0.73,0.32,507,25,
KXNFLRSHYDS-26SEP28PHICHI-CHIKMONANGAI25-20,26SEP28PHICHI,Kyle Monangai,12534,RB,rushing yards,THRESHOLD,20+,39.67,0.7163,0.75,0.80,0.25,500,25,
KXNFLRSHYDS-26SEP27CARCLE-CLERSANDERS23-60,26SEP27CARCLE,Raheim Sanders,12472,RB,rushing yards,THRESHOLD,60+,19.97,0.0624,0.01,0.03,0.99,7503,600,
KXNFLRSHYDS-26SEP27CARCLE-CLERSANDERS23-50,26SEP27CARCLE,Raheim Sanders,12472,RB,rushing yards,THRESHOLD,50+,19.97,0.0957,0.01,0.03,0.99,2500,600,
KXNFLRSHYDS-26SEP27CARCLE-CLERSANDERS23-40,26SEP27CARCLE,Raheim Sanders,12472,RB,rushing yards,THRESHOLD,40+,19.97,0.1539,0.02,0.05,0.98,2504,4,
KXNFLRSHYDS-26SEP27CARCLE-CLERSANDERS23-30,26SEP27CARCLE,Raheim Sanders,12472,RB,rushing yards,THRESHOLD,30+,19.97,0.2654,0.06,0.09,0.94,4,2,
KXNFLRSHYDS-26SEP27CARCLE-CLERSANDERS23-25,26SEP27CARCLE,Raheim Sanders,12472,RB,rushing yards,THRESHOLD,25+,19.97,0.3203,0.12,0.14,0.88,3162,20,
KXNFLRSHYDS-26SEP27CARCLE-CLERSANDERS23-20,26SEP27CARCLE,Raheim Sanders,12472,RB,rushing yards,THRESHOLD,20+,19.97,0.4085,0.18,0.19,0.82,2046,8,
KXNFLRSHYDS-26SEP27CARCLE-CLERSANDERS23-15,26SEP27CARCLE,Raheim Sanders,12472,RB,rushing yards,THRESHOLD,15+,19.97,0.5216,0.30,0.32,0.70,998,25,
KXNFLRSHYDS-26SEP27CARCLE-CLERSANDERS23-10,26SEP27CARCLE,Raheim Sanders,12472,RB,rushing yards,THRESHOLD,10+,19.97,0.6181,0.45,0.46,0.55,2048,925,
KXNFLRSHYDS-26SEP27TENNYG-TENTPOLLARD20-120,26SEP27TENNYG,Tony Pollard,5967,RB,rushing yards,THRESHOLD,120+,75.19,0.1023,0.04,0.05,0.96,3926,19,
KXNFLRSHYDS-26SEP27TENNYG-TENTPOLLARD20-110,26SEP27TENNYG,Tony Pollard,5967,RB,rushing yards,THRESHOLD,110+,75.19,0.1572,0.08,0.09,0.92,6791,2,
KXNFLRSHYDS-26SEP27TENNYG-TENTPOLLARD20-100,26SEP27TENNYG,Tony Pollard,5967,RB,rushing yards,THRESHOLD,100+,75.19,0.2155,0.11,0.12,0.89,5076,332,
KXNFLRSHYDS-26SEP27TENNYG-TENTPOLLARD20-90,26SEP27TENNYG,Tony Pollard,5967,RB,rushing yards,THRESHOLD,90+,75.19,0.2920,0.16,0.17,0.84,6411,319,
KXNFLRSHYDS-26SEP27TENNYG-TENTPOLLARD20-80,26SEP27TENNYG,Tony Pollard,5967,RB,rushing yards,THRESHOLD,80+,75.19,0.3802,0.26,0.27,0.74,245,10,
KXNFLRSHYDS-26SEP27TENNYG-TENTPOLLARD20-70,26SEP27TENNYG,Tony Pollard,5967,RB,rushing yards,THRESHOLD,70+,75.19,0.4667,0.32,0.33,0.68,7065,777,
KXNFLRSHYDS-26SEP27TENNYG-TENTPOLLARD20-60,26SEP27TENNYG,Tony Pollard,5967,RB,rushing yards,THRESHOLD,60+,75.19,0.5849,0.47,0.48,0.53,224,758,
KXNFLRSHYDS-26SEP27TENNYG-TENTPOLLARD20-50,26SEP27TENNYG,Tony Pollard,5967,RB,rushing yards,THRESHOLD,50+,75.19,0.6730,0.60,0.61,0.40,127,394,
KXNFLRSHYDS-26SEP27TENNYG-TENTPOLLARD20-40,26SEP27TENNYG,Tony Pollard,5967,RB,rushing yards,THRESHOLD,40+,75.19,0.7729,0.72,0.73,0.28,239,25,
KXNFLRSHYDS-26SEP27TENNYG-TENTPOLLARD20-30,26SEP27TENNYG,Tony Pollard,5967,RB,rushing yards,THRESHOLD,30+,75.19,0.8760,0.80,0.81,0.20,10001,740,
KXNFLRSHYDS-26SEP27TENNYG-TENTPOLLARD20-25,26SEP27TENNYG,Tony Pollard,5967,RB,rushing yards,THRESHOLD,25+,75.19,0.9160,0.87,0.88,0.13,205,2,
KXNFLRSHYDS-26SEP27KCMIA-MIAOGORDON0-40,26SEP27KCMIA,Ollie Gordon II,12495,RB,rushing yards,THRESHOLD,40+,12.32,0.0940,0.02,0.05,0.98,25,4,
KXNFLRSHYDS-26SEP27KCMIA-MIAOGORDON0-30,26SEP27KCMIA,Ollie Gordon II,12495,RB,rushing yards,THRESHOLD,30+,12.32,0.1606,0.07,0.11,0.93,4,33,
KXNFLRSHYDS-26SEP27KCMIA-MIAOGORDON0-25,26SEP27KCMIA,Ollie Gordon II,12495,RB,rushing yards,THRESHOLD,25+,12.32,0.2088,0.12,0.15,0.88,4,3,
KXNFLRSHYDS-26SEP27KCMIA-MIAOGORDON0-20,26SEP27KCMIA,Ollie Gordon II,12495,RB,rushing yards,THRESHOLD,20+,12.32,0.2704,0.19,0.22,0.81,204,2,
KXNFLRSHYDS-26SEP27KCMIA-MIAOGORDON0-15,26SEP27KCMIA,Ollie Gordon II,12495,RB,rushing yards,THRESHOLD,15+,12.32,0.3419,0.29,0.33,0.71,204,2,
KXNFLRSHYDS-26SEP27KCMIA-MIAOGORDON0-10,26SEP27KCMIA,Ollie Gordon II,12495,RB,rushing yards,THRESHOLD,10+,12.32,0.4351,0.43,0.44,0.57,4,25,
KXNFLRSHYDS-26SEP27MINTB-MINAJONES33-130,26SEP27MINTB,Aaron Jones Sr.,4199,RB,rushing yards,THRESHOLD,130+,60.40,0.0574,0.02,0.03,0.98,4,4,
KXNFLRSHYDS-26SEP27MINTB-MINAJONES33-120,26SEP27MINTB,Aaron Jones Sr.,4199,RB,rushing yards,THRESHOLD,120+,60.40,0.0790,0.02,0.04,0.98,4,33,
KXNFLRSHYDS-26SEP27MINTB-MINAJONES33-110,26SEP27MINTB,Aaron Jones Sr.,4199,RB,rushing yards,THRESHOLD,110+,60.40,0.1140,0.04,0.06,0.96,4,29,
KXNFLRSHYDS-26SEP27MINTB-MINAJONES33-100,26SEP27MINTB,Aaron Jones Sr.,4199,RB,rushing yards,THRESHOLD,100+,60.40,0.1473,0.07,0.10,0.93,7804,2,
KXNFLRSHYDS-26SEP27MINTB-MINAJONES33-90,26SEP27MINTB,Aaron Jones Sr.,4199,RB,rushing yards,THRESHOLD,90+,60.40,0.2055,0.11,0.13,0.89,2,25,
KXNFLRSHYDS-26SEP27MINTB-MINAJONES33-80,26SEP27MINTB,Aaron Jones Sr.,4199,RB,rushing yards,THRESHOLD,80+,60.40,0.2587,0.17,0.19,0.83,21,11,
KXNFLRSHYDS-26SEP27MINTB-MINAJONES33-70,26SEP27MINTB,Aaron Jones Sr.,4199,RB,rushing yards,THRESHOLD,70+,60.40,0.3536,0.24,0.26,0.76,1353,4,
KXNFLRSHYDS-26SEP27MINTB-MINAJONES33-60,26SEP27MINTB,Aaron Jones Sr.,4199,RB,rushing yards,THRESHOLD,60+,60.40,0.4717,0.36,0.37,0.64,56,2651,
KXNFLRSHYDS-26SEP27ARISF-SFBPURDY13-60,26SEP27ARISF,Brock Purdy,8183,QB,rushing yards,THRESHOLD,60+,20.54,0.0308,0.03,0.04,0.97,2505,2,
KXNFLRSHYDS-26SEP27MINTB-MINAJONES33-50,26SEP27MINTB,Aaron Jones Sr.,4199,RB,rushing yards,THRESHOLD,50+,60.40,0.5849,0.49,0.52,0.51,224,20,
KXNFLRSHYDS-26SEP27ARISF-SFBPURDY13-50,26SEP27ARISF,Brock Purdy,8183,QB,rushing yards,THRESHOLD,50+,20.54,0.0674,0.03,0.07,0.97,12504,4,
KXNFLRSHYDS-26SEP27MINTB-MINAJONES33-40,26SEP27MINTB,Aaron Jones Sr.,4199,RB,rushing yards,THRESHOLD,40+,60.40,0.7180,0.62,0.65,0.38,1,54,
KXNFLRSHYDS-26SEP27ARISF-SFBPURDY13-40,26SEP27ARISF,Brock Purdy,8183,QB,rushing yards,THRESHOLD,40+,20.54,0.1323,0.11,0.13,0.89,12664,2,
KXNFLRSHYDS-26SEP27MINTB-MINAJONES33-30,26SEP27MINTB,Aaron Jones Sr.,4199,RB,rushing yards,THRESHOLD,30+,60.40,0.8145,0.76,0.79,0.24,201,77,
KXNFLRSHYDS-26SEP27ARISF-SFBPURDY13-30,26SEP27ARISF,Brock Purdy,8183,QB,rushing yards,THRESHOLD,30+,20.54,0.2438,0.21,0.22,0.79,20,2,
KXNFLRSHYDS-26SEP27ARISF-SFBPURDY13-25,26SEP27ARISF,Brock Purdy,8183,QB,rushing yards,THRESHOLD,25+,20.54,0.3236,0.31,0.32,0.69,1534,12,
KXNFLRSHYDS-26SEP27ARISF-SFBPURDY13-20,26SEP27ARISF,Brock Purdy,8183,QB,rushing yards,THRESHOLD,20+,20.54,0.4318,0.42,0.43,0.58,11020,2,
KXNFLRSHYDS-26SEP27ARISF-SFBPURDY13-15,26SEP27ARISF,Brock Purdy,8183,QB,rushing yards,THRESHOLD,15+,20.54,0.5233,0.54,0.56,0.46,2019,2,
KXNFLRSHYDS-26SEP27ARISF-SFBPURDY13-10,26SEP27ARISF,Brock Purdy,8183,QB,rushing yards,THRESHOLD,10+,20.54,0.6398,0.66,0.69,0.34,1489,32,
KXNFLRSHYDS-26SEP27NYJDET-NYJBALLEN0-60,26SEP27NYJDET,Braelon Allen,11576,RB,rushing yards,THRESHOLD,60+,27.71,0.1223,0.02,0.05,0.98,3245,4,
KXNFLRSHYDS-26SEP27NYJDET-NYJBALLEN0-50,26SEP27NYJDET,Braelon Allen,11576,RB,rushing yards,THRESHOLD,50+,27.71,0.1889,0.05,0.08,0.95,4,33,
KXNFLRSHYDS-26SEP27NYJDET-NYJBALLEN0-40,26SEP27NYJDET,Braelon Allen,11576,RB,rushing yards,THRESHOLD,40+,27.71,0.2687,0.12,0.14,0.88,4,2,
KXNFLRSHYDS-26SEP27NYJDET-NYJBALLEN0-30,26SEP27NYJDET,Braelon Allen,11576,RB,rushing yards,THRESHOLD,30+,27.71,0.3802,0.23,0.25,0.77,4,27,
KXNFLRSHYDS-26SEP27NYJDET-NYJBALLEN0-25,26SEP27NYJDET,Braelon Allen,11576,RB,rushing yards,THRESHOLD,25+,27.71,0.4468,0.31,0.34,0.69,2519,2,
KXNFLRSHYDS-26SEP27NYJDET-NYJBALLEN0-20,26SEP27NYJDET,Braelon Allen,11576,RB,rushing yards,THRESHOLD,20+,27.71,0.5183,0.43,0.45,0.57,1000,21,
KXNFLRSHYDS-26SEP27NYJDET-NYJBALLEN0-15,26SEP27NYJDET,Braelon Allen,11576,RB,rushing yards,THRESHOLD,15+,27.71,0.5948,0.54,0.56,0.46,8,27,
KXNFLRSHYDS-26SEP27NYJDET-NYJBALLEN0-10,26SEP27NYJDET,Braelon Allen,11576,RB,rushing yards,THRESHOLD,10+,27.71,0.7163,0.69,0.71,0.31,4,22,
KXNFLRSHYDS-26SEP27NYJDET-NYJGSMITH7-50,26SEP27NYJDET,Geno Smith,1373,QB,rushing yards,THRESHOLD,50+,13.50,0.0341,0.02,0.04,0.98,5,4,
KXNFLRSHYDS-26SEP27NYJDET-NYJGSMITH7-40,26SEP27NYJDET,Geno Smith,1373,QB,rushing yards,THRESHOLD,40+,13.50,0.0607,0.05,0.07,0.95,4,30,
KXNFLRSHYDS-26SEP27NYJDET-NYJGSMITH7-30,26SEP27NYJDET,Geno Smith,1373,QB,rushing yards,THRESHOLD,30+,13.50,0.1339,0.12,0.13,0.88,4,3,
KXNFLRSHYDS-26SEP27SEAWAS-WASMMARIOTA8-60,26SEP27SEAWAS,Marcus Mariota,2307,QB,rushing yards,THRESHOLD,60+,27.53,0.0657,0.03,0.06,0.97,6166,8,
KXNFLRSHYDS-26SEP27NYJDET-NYJGSMITH7-25,26SEP27NYJDET,Geno Smith,1373,QB,rushing yards,THRESHOLD,25+,13.50,0.1839,0.19,0.20,0.81,11000,6,
KXNFLRSHYDS-26SEP27SEAWAS-WASMMARIOTA8-50,26SEP27SEAWAS,Marcus Mariota,2307,QB,rushing yards,THRESHOLD,50+,27.53,0.1339,0.09,0.11,0.91,4,2,
KXNFLRSHYDS-26SEP27NYJDET-NYJGSMITH7-20,26SEP27NYJDET,Geno Smith,1373,QB,rushing yards,THRESHOLD,20+,13.50,0.2471,0.28,0.29,0.72,375,1,
KXNFLRSHYDS-26SEP27SEAWAS-WASMMARIOTA8-40,26SEP27SEAWAS,Marcus Mariota,2307,QB,rushing yards,THRESHOLD,40+,27.53,0.2171,0.16,0.20,0.84,204,18,
KXNFLRSHYDS-26SEP27NYJDET-NYJGSMITH7-15,26SEP27NYJDET,Geno Smith,1373,QB,rushing yards,THRESHOLD,15+,13.50,0.3403,0.39,0.41,0.61,867,1,
KXNFLRSHYDS-26SEP27SEAWAS-WASMMARIOTA8-30,26SEP27SEAWAS,Marcus Mariota,2307,QB,rushing yards,THRESHOLD,30+,27.53,0.3453,0.32,0.35,0.68,4,4,
KXNFLRSHYDS-26SEP27NYJDET-NYJGSMITH7-10,26SEP27NYJDET,Geno Smith,1373,QB,rushing yards,THRESHOLD,10+,13.50,0.4884,0.53,0.56,0.47,2024,1,
KXNFLRSHYDS-26SEP27SEAWAS-WASMMARIOTA8-25,26SEP27SEAWAS,Marcus Mariota,2307,QB,rushing yards,THRESHOLD,25+,27.53,0.4351,0.44,0.47,0.56,1004,3,
KXNFLRSHYDS-26SEP27NYJDET-DETSVAKI33-50,26SEP27NYJDET,Sione Vaki,11729,RB,rushing yards,THRESHOLD,50+,15.05,0.0774,0.02,0.05,0.98,7,4,
KXNFLRSHYDS-26SEP27SEAWAS-WASMMARIOTA8-20,26SEP27SEAWAS,Marcus Mariota,2307,QB,rushing yards,THRESHOLD,20+,27.53,0.5466,0.56,0.57,0.44,1906,1,
KXNFLRSHYDS-26SEP27NYJDET-DETSVAKI33-40,26SEP27NYJDET,Sione Vaki,11729,RB,rushing yards,THRESHOLD,40+,15.05,0.1173,0.05,0.08,0.95,10004,2,
KXNFLRSHYDS-26SEP27SEAWAS-WASMMARIOTA8-15,26SEP27SEAWAS,Marcus Mariota,2307,QB,rushing yards,THRESHOLD,15+,27.53,0.6331,0.67,0.68,0.33,11,1250,
KXNFLRSHYDS-26SEP27NYJDET-DETSVAKI33-30,26SEP27NYJDET,Sione Vaki,11729,RB,rushing yards,THRESHOLD,30+,15.05,0.1905,0.11,0.13,0.89,7,2,
KXNFLRSHYDS-26SEP27SEAWAS-WASMMARIOTA8-10,26SEP27SEAWAS,Marcus Mariota,2307,QB,rushing yards,THRESHOLD,10+,27.53,0.7296,0.78,0.79,0.22,11,2175,
KXNFLRSHYDS-26SEP27NYJDET-DETSVAKI33-25,26SEP27NYJDET,Sione Vaki,11729,RB,rushing yards,THRESHOLD,25+,15.05,0.2504,0.15,0.18,0.85,1222,52,
KXNFLRSHYDS-26SEP27NYJDET-DETSVAKI33-20,26SEP27NYJDET,Sione Vaki,11729,RB,rushing yards,THRESHOLD,20+,15.05,0.3170,0.24,0.26,0.76,21,10,
KXNFLRSHYDS-26SEP27NYJDET-DETSVAKI33-15,26SEP27NYJDET,Sione Vaki,11729,RB,rushing yards,THRESHOLD,15+,15.05,0.3918,0.34,0.36,0.66,4,4,
KXNFLRSHYDS-26SEP27NYJDET-DETSVAKI33-10,26SEP27NYJDET,Sione Vaki,11729,RB,rushing yards,THRESHOLD,10+,15.05,0.5000,0.50,0.52,0.50,2030,36,
KXNFLRSHYDS-26SEP27NYJDET-DETJGOFF16-25,26SEP27NYJDET,Jared Goff,3163,QB,rushing yards,THRESHOLD,25+,5.03,0.0491,0.02,0.05,0.98,2505,4,
KXNFLRSHYDS-26SEP27NYJDET-DETJGOFF16-20,26SEP27NYJDET,Jared Goff,3163,QB,rushing yards,THRESHOLD,20+,5.03,0.0890,0.05,0.08,0.95,2504,2,
KXNFLRSHYDS-26SEP27NYJDET-DETJGOFF16-15,26SEP27NYJDET,Jared Goff,3163,QB,rushing yards,THRESHOLD,15+,5.03,0.1489,0.08,0.10,0.92,4,2,
KXNFLRSHYDS-26SEP27NYJDET-DETJGOFF16-10,26SEP27NYJDET,Jared Goff,3163,QB,rushing yards,THRESHOLD,10+,5.03,0.2421,0.15,0.17,0.85,6,2,
KXNFLRSHYDS-26SEP27LARDEN-DENJDOBBINS27-120,26SEP27LARDEN,J.K. Dobbins,6806,RB,rushing yards,THRESHOLD,120+,64.88,0.0907,0.02,0.05,0.98,4,4,
KXNFLRSHYDS-26SEP27LARDEN-DENJDOBBINS27-110,26SEP27LARDEN,J.K. Dobbins,6806,RB,rushing yards,THRESHOLD,110+,64.88,0.1206,0.03,0.08,0.97,14804,25,
KXNFLRSHYDS-26SEP27LARDEN-DENJDOBBINS27-100,26SEP27LARDEN,J.K. Dobbins,6806,RB,rushing yards,THRESHOLD,100+,64.88,0.1789,0.07,0.11,0.93,17957,2,
KXNFLRSHYDS-26SEP27LARDEN-DENJDOBBINS27-90,26SEP27LARDEN,J.K. Dobbins,6806,RB,rushing yards,THRESHOLD,90+,64.88,0.2271,0.11,0.14,0.89,4,2,
KXNFLRSHYDS-26SEP27LARDEN-DENJDOBBINS27-80,26SEP27LARDEN,J.K. Dobbins,6806,RB,rushing yards,THRESHOLD,80+,64.88,0.2920,0.16,0.20,0.84,10764,6,
KXNFLRSHYDS-26SEP27LARDEN-DENJDOBBINS27-70,26SEP27LARDEN,J.K. Dobbins,6806,RB,rushing yards,THRESHOLD,70+,64.88,0.3735,0.24,0.27,0.76,204,2,
KXNFLRSHYDS-26SEP27LARDEN-DENJDOBBINS27-60,26SEP27LARDEN,J.K. Dobbins,6806,RB,rushing yards,THRESHOLD,60+,64.88,0.4900,0.35,0.38,0.65,200,2,
KXNFLRSHYDS-26SEP27LARDEN-DENJDOBBINS27-50,26SEP27LARDEN,J.K. Dobbins,6806,RB,rushing yards,THRESHOLD,50+,64.88,0.5982,0.48,0.52,0.52,204,12,
KXNFLRSHYDS-26SEP27LARDEN-DENJDOBBINS27-40,26SEP27LARDEN,J.K. Dobbins,6806,RB,rushing yards,THRESHOLD,40+,64.88,0.7280,0.62,0.65,0.38,200,2,
KXNFLRSHYDS-26SEP27LARDEN-DENJDOBBINS27-30,26SEP27LARDEN,J.K. Dobbins,6806,RB,rushing yards,THRESHOLD,30+,64.88,0.8394,0.74,0.77,0.26,4,1,
KXNFLRSHYDS-26SEP27LARDEN-DENJDOBBINS27-25,26SEP27LARDEN,J.K. Dobbins,6806,RB,rushing yards,THRESHOLD,25+,64.88,0.8910,0.80,0.82,0.20,4,2,
KXNFLRSHYDS-26SEP27BALDAL-BALJHILL43-50,26SEP27BALDAL,Justice Hill,5995,RB,rushing yards,THRESHOLD,50+,15.68,0.0740,0.02,0.06,0.98,4,4,
KXNFLRSHYDS-26SEP27BALDAL-BALJHILL43-40,26SEP27BALDAL,Justice Hill,5995,RB,rushing yards,THRESHOLD,40+,15.68,0.1140,0.08,0.11,0.92,11004,2,
KXNFLRSHYDS-26SEP27BALDAL-BALJHILL43-30,26SEP27BALDAL,Justice Hill,5995,RB,rushing yards,THRESHOLD,30+,15.68,0.1872,0.17,0.20,0.83,11004,2,
KXNFLRSHYDS-26SEP27BALDAL-BALJHILL43-25,26SEP27BALDAL,Justice Hill,5995,RB,rushing yards,THRESHOLD,25+,15.68,0.2471,0.25,0.27,0.75,204,3,
KXNFLRSHYDS-26SEP27BALDAL-BALJHILL43-20,26SEP27BALDAL,Justice Hill,5995,RB,rushing yards,THRESHOLD,20+,15.68,0.3236,0.35,0.36,0.65,1582,2,
KXNFLRSHYDS-26SEP27BALDAL-BALJHILL43-15,26SEP27BALDAL,Justice Hill,5995,RB,rushing yards,THRESHOLD,15+,15.68,0.4002,0.47,0.49,0.53,4001,1033,
KXNFLRSHYDS-26SEP27BALDAL-BALJHILL43-10,26SEP27BALDAL,Justice Hill,5995,RB,rushing yards,THRESHOLD,10+,15.68,0.5150,0.61,0.63,0.39,11,67,
KXNFLRSHYDS-26SEP28PHICHI-CHIDSWIFT4-150,26SEP28PHICHI,D'Andre Swift,6790,RB,rushing yards,THRESHOLD,150+,55.77,0.0208,0.01,0.04,0.99,4700,600,
KXNFLRSHYDS-26SEP28PHICHI-CHIDSWIFT4-140,26SEP28PHICHI,D'Andre Swift,6790,RB,rushing yards,THRESHOLD,140+,55.77,0.0275,0.01,0.04,0.99,4900,853,
KXNFLRSHYDS-26SEP28PHICHI-CHIDSWIFT4-130,26SEP28PHICHI,D'Andre Swift,6790,RB,rushing yards,THRESHOLD,130+,55.77,0.0491,0.01,0.06,0.99,5660,600,
KXNFLRSHYDS-26SEP28PHICHI-CHIDSWIFT4-120,26SEP28PHICHI,D'Andre Swift,6790,RB,rushing yards,THRESHOLD,120+,55.77,0.0691,0.06,0.07,0.94,5437,25,
KXNFLRSHYDS-26SEP28PHICHI-CHIDSWIFT4-110,26SEP28PHICHI,D'Andre Swift,6790,RB,rushing yards,THRESHOLD,110+,55.77,0.0957,0.07,0.11,0.93,5200,60,
KXNFLRSHYDS-26SEP28PHICHI-CHIDSWIFT4-100,26SEP28PHICHI,D'Andre Swift,6790,RB,rushing yards,THRESHOLD,100+,55.77,0.1406,0.11,0.15,0.89,5121,60,
KXNFLRSHYDS-26SEP28PHICHI-CHIDSWIFT4-90,26SEP28PHICHI,D'Andre Swift,6790,RB,rushing yards,THRESHOLD,90+,55.77,0.1772,0.17,0.21,0.83,4700,54,
KXNFLRSHYDS-26SEP28PHICHI-CHIDSWIFT4-80,26SEP28PHICHI,D'Andre Swift,6790,RB,rushing yards,THRESHOLD,80+,55.77,0.2421,0.24,0.29,0.76,5960,60,
KXNFLRSHYDS-26SEP28PHICHI-CHIDSWIFT4-70,26SEP28PHICHI,D'Andre Swift,6790,RB,rushing yards,THRESHOLD,70+,55.77,0.3220,0.32,0.38,0.68,15,232,
KXNFLRSHYDS-26SEP28PHICHI-CHIDSWIFT4-60,26SEP28PHICHI,D'Andre Swift,6790,RB,rushing yards,THRESHOLD,60+,55.77,0.4634,0.48,0.49,0.52,1195,8,
KXNFLRSHYDS-26SEP28PHICHI-CHIDSWIFT4-50,26SEP28PHICHI,D'Andre Swift,6790,RB,rushing yards,THRESHOLD,50+,55.77,0.6065,0.57,0.63,0.43,718,45,
KXNFLRSHYDS-26SEP28PHICHI-CHIDSWIFT4-40,26SEP28PHICHI,D'Andre Swift,6790,RB,rushing yards,THRESHOLD,40+,55.77,0.6963,0.69,0.74,0.31,150,39,
KXNFLRSHYDS-26SEP27ARISF-ARIJBRISSETT7-30,26SEP27ARISF,Jacoby Brissett,3257,QB,rushing yards,THRESHOLD,30+,11.35,0.1140,0.05,0.08,0.95,4,2,
KXNFLRSHYDS-26SEP27ARISF-ARIJBRISSETT7-25,26SEP27ARISF,Jacoby Brissett,3257,QB,rushing yards,THRESHOLD,25+,11.35,0.1872,0.12,0.13,0.88,6200,500,
KXNFLRSHYDS-26SEP27ARISF-ARIJBRISSETT7-20,26SEP27ARISF,Jacoby Brissett,3257,QB,rushing yards,THRESHOLD,20+,11.35,0.2521,0.15,0.18,0.85,450,27,
KXNFLRSHYDS-26SEP27ARISF-ARIJBRISSETT7-15,26SEP27ARISF,Jacoby Brissett,3257,QB,rushing yards,THRESHOLD,15+,11.35,0.3336,0.25,0.28,0.75,11004,2,
KXNFLRSHYDS-26SEP27ARISF-ARIJBRISSETT7-10,26SEP27ARISF,Jacoby Brissett,3257,QB,rushing yards,THRESHOLD,10+,11.35,0.4717,0.42,0.43,0.58,2750,279,
KXNFLRSHYDS-26SEP27BALDAL-DALEDEMERCADO31-40,26SEP27BALDAL,Emari Demercado,11199,RB,rushing yards,THRESHOLD,40+,17.70,0.1406,0.02,0.05,0.98,4,33,
KXNFLRSHYDS-26SEP27BALDAL-DALEDEMERCADO31-30,26SEP27BALDAL,Emari Demercado,11199,RB,rushing yards,THRESHOLD,30+,17.70,0.2238,0.06,0.08,0.94,4,2,
KXNFLRSHYDS-26SEP27BALDAL-DALEDEMERCADO31-25,26SEP27BALDAL,Emari Demercado,11199,RB,rushing yards,THRESHOLD,25+,17.70,0.2837,0.12,0.13,0.88,11400,500,
KXNFLRSHYDS-26SEP27BALDAL-DALEDEMERCADO31-20,26SEP27BALDAL,Emari Demercado,11199,RB,rushing yards,THRESHOLD,20+,17.70,0.3636,0.15,0.18,0.85,10951,53,
KXNFLRSHYDS-26SEP27BALDAL-DALEDEMERCADO31-15,26SEP27BALDAL,Emari Demercado,11199,RB,rushing yards,THRESHOLD,15+,17.70,0.4517,0.26,0.27,0.74,4,2,
KXNFLRSHYDS-26SEP27BALDAL-DALEDEMERCADO31-10,26SEP27BALDAL,Emari Demercado,11199,RB,rushing yards,THRESHOLD,10+,17.70,0.5599,0.41,0.42,0.59,11480,107,
KXNFLRSHYDS-26SEP27MINTB-TBKGAINWELL1-60,26SEP27MINTB,Kenny Gainwell,7567,RB,rushing yards,THRESHOLD,60+,27.56,0.1206,0.05,0.06,0.95,4164,30,
KXNFLRSHYDS-26SEP27MINTB-TBKGAINWELL1-50,26SEP27MINTB,Kenny Gainwell,7567,RB,rushing yards,THRESHOLD,50+,27.56,0.1872,0.07,0.10,0.93,21421,2,
KXNFLRSHYDS-26SEP27MINTB-TBKGAINWELL1-40,26SEP27MINTB,Kenny Gainwell,7567,RB,rushing yards,THRESHOLD,40+,27.56,0.2687,0.15,0.16,0.85,10004,2,
KXNFLRSHYDS-26SEP27MINTB-TBKGAINWELL1-30,26SEP27MINTB,Kenny Gainwell,7567,RB,rushing yards,THRESHOLD,30+,27.56,0.3819,0.26,0.28,0.74,2352,2,
KXNFLRSHYDS-26SEP27MINTB-TBKGAINWELL1-25,26SEP27MINTB,Kenny Gainwell,7567,RB,rushing yards,THRESHOLD,25+,27.56,0.4484,0.33,0.36,0.67,4,25,
KXNFLRSHYDS-26SEP27MINTB-TBKGAINWELL1-20,26SEP27MINTB,Kenny Gainwell,7567,RB,rushing yards,THRESHOLD,20+,27.56,0.5183,0.44,0.45,0.56,19,530,
KXNFLRSHYDS-26SEP27MINTB-TBKGAINWELL1-15,26SEP27MINTB,Kenny Gainwell,7567,RB,rushing yards,THRESHOLD,15+,27.56,0.5982,0.58,0.61,0.42,401,50,
KXNFLRSHYDS-26SEP27MINTB-TBKGAINWELL1-10,26SEP27MINTB,Kenny Gainwell,7567,RB,rushing yards,THRESHOLD,10+,27.56,0.7196,0.71,0.73,0.29,4,104,
KXNFLRSHYDS-26SEP27CINPIT-CINSPERINE34-50,26SEP27CINPIT,Samaje Perine,4147,RB,rushing yards,THRESHOLD,50+,17.09,0.0907,0.04,0.06,0.96,5500,11,
KXNFLRSHYDS-26SEP27CINPIT-CINSPERINE34-40,26SEP27CINPIT,Samaje Perine,4147,RB,rushing yards,THRESHOLD,40+,17.09,0.1306,0.07,0.11,0.93,5504,25,
KXNFLRSHYDS-26SEP27CINPIT-CINSPERINE34-30,26SEP27CINPIT,Samaje Perine,4147,RB,rushing yards,THRESHOLD,30+,17.09,0.2072,0.17,0.19,0.83,1000,2,
KXNFLRSHYDS-26SEP27CINPIT-CINSPERINE34-25,26SEP27CINPIT,Samaje Perine,4147,RB,rushing yards,THRESHOLD,25+,17.09,0.2671,0.26,0.27,0.74,1000,27,
KXNFLRSHYDS-26SEP27CINPIT-CINSPERINE34-20,26SEP27CINPIT,Samaje Perine,4147,RB,rushing yards,THRESHOLD,20+,17.09,0.3469,0.34,0.36,0.66,1582,1,
KXNFLRSHYDS-26SEP27CINPIT-CINSPERINE34-15,26SEP27CINPIT,Samaje Perine,4147,RB,rushing yards,THRESHOLD,15+,17.09,0.4384,0.48,0.50,0.52,3000,842,
KXNFLRSHYDS-26SEP27CINPIT-CINSPERINE34-10,26SEP27CINPIT,Samaje Perine,4147,RB,rushing yards,THRESHOLD,10+,17.09,0.5532,0.62,0.63,0.38,884,882,
KXNFLRSHYDS-26SEP27CINPIT-CINJBURROW9-30,26SEP27CINPIT,Joe Burrow,6770,QB,rushing yards,THRESHOLD,30+,10.18,0.1190,0.05,0.07,0.95,5500,2,
KXNFLRSHYDS-26SEP27CINPIT-CINJBURROW9-25,26SEP27CINPIT,Joe Burrow,6770,QB,rushing yards,THRESHOLD,25+,10.18,0.1955,0.07,0.09,0.93,4,2,
KXNFLRSHYDS-26SEP27CINPIT-CINJBURROW9-20,26SEP27CINPIT,Joe Burrow,6770,QB,rushing yards,THRESHOLD,20+,10.18,0.2671,0.11,0.14,0.89,11004,27,
KXNFLRSHYDS-26SEP27CINPIT-CINJBURROW9-15,26SEP27CINPIT,Joe Burrow,6770,QB,rushing yards,THRESHOLD,15+,10.18,0.3403,0.21,0.22,0.79,12282,74,
KXNFLRSHYDS-26SEP27CINPIT-CINJBURROW9-10,26SEP27CINPIT,Joe Burrow,6770,QB,rushing yards,THRESHOLD,10+,10.18,0.4667,0.34,0.36,0.66,4,33,
KXNFLRSHYDS-26SEP27CINPIT-PITARODGERS8-20,26SEP27CINPIT,Aaron Rodgers,96,QB,rushing yards,THRESHOLD,20+,7.20,0.1240,0.05,0.06,0.95,6453,30,
KXNFLRSHYDS-26SEP27CINPIT-PITARODGERS8-15,26SEP27CINPIT,Aaron Rodgers,96,QB,rushing yards,THRESHOLD,15+,7.20,0.1839,0.09,0.10,0.91,4600,15,
KXNFLRSHYDS-26SEP27CINPIT-PITARODGERS8-10,26SEP27CINPIT,Aaron Rodgers,96,QB,rushing yards,THRESHOLD,10+,7.20,0.2837,0.17,0.18,0.83,7075,456,
KXNFLRSHYDS-26SEP27LACBUF-LACKMITCHELL34-60,26SEP27LACBUF,Keaton Mitchell,9511,RB,rushing yards,THRESHOLD,60+,31.62,0.1339,0.02,0.04,0.98,2504,33,
KXNFLRSHYDS-26SEP27LACBUF-LACKMITCHELL34-50,26SEP27LACBUF,Keaton Mitchell,9511,RB,rushing yards,THRESHOLD,50+,31.62,0.1889,0.05,0.06,0.95,1063,2,
KXNFLRSHYDS-26SEP27LACBUF-LACKMITCHELL34-40,26SEP27LACBUF,Keaton Mitchell,9511,RB,rushing yards,THRESHOLD,40+,31.62,0.3053,0.08,0.12,0.92,2504,25,
KXNFLRSHYDS-26SEP27LACBUF-LACKMITCHELL34-30,26SEP27LACBUF,Keaton Mitchell,9511,RB,rushing yards,THRESHOLD,30+,31.62,0.4368,0.18,0.20,0.82,1250,4,
KXNFLRSHYDS-26SEP27LACBUF-LACKMITCHELL34-25,26SEP27LACBUF,Keaton Mitchell,9511,RB,rushing yards,THRESHOLD,25+,31.62,0.5017,0.26,0.28,0.74,1004,2,
KXNFLRSHYDS-26SEP27LACBUF-LACKMITCHELL34-20,26SEP27LACBUF,Keaton Mitchell,9511,RB,rushing yards,THRESHOLD,20+,31.62,0.6015,0.36,0.37,0.64,24,1,
KXNFLRSHYDS-26SEP27LACBUF-LACKMITCHELL34-15,26SEP27LACBUF,Keaton Mitchell,9511,RB,rushing yards,THRESHOLD,15+,31.62,0.6764,0.48,0.49,0.52,1,2923,
KXNFLRSHYDS-26SEP27LACBUF-LACKMITCHELL34-10,26SEP27LACBUF,Keaton Mitchell,9511,RB,rushing yards,THRESHOLD,10+,31.62,0.7646,0.61,0.62,0.39,1,52,
KXNFLRSHYDS-26SEP27LVNO-NOTSHOUGH6-60,26SEP27LVNO,Tyler Shough,12545,QB,rushing yards,THRESHOLD,60+,17.91,0.0258,0.02,0.04,0.98,4,4,
KXNFLRSHYDS-26SEP27LVNO-NOTSHOUGH6-50,26SEP27LVNO,Tyler Shough,12545,QB,rushing yards,THRESHOLD,50+,17.91,0.0491,0.02,0.07,0.98,7133,29,
KXNFLRSHYDS-26SEP27LVNO-NOTSHOUGH6-40,26SEP27LVNO,Tyler Shough,12545,QB,rushing yards,THRESHOLD,40+,17.91,0.1140,0.07,0.10,0.93,11004,25,
KXNFLRSHYDS-26SEP27LVNO-NOTSHOUGH6-30,26SEP27LVNO,Tyler Shough,12545,QB,rushing yards,THRESHOLD,30+,17.91,0.2088,0.18,0.19,0.82,11020,2,
KXNFLRSHYDS-26SEP27LVNO-NOTSHOUGH6-25,26SEP27LVNO,Tyler Shough,12545,QB,rushing yards,THRESHOLD,25+,17.91,0.2820,0.28,0.29,0.72,11700,1019,
KXNFLRSHYDS-26SEP27LVNO-NOTSHOUGH6-20,26SEP27LVNO,Tyler Shough,12545,QB,rushing yards,THRESHOLD,20+,17.91,0.3819,0.39,0.40,0.61,17220,2,
KXNFLRSHYDS-26SEP27LVNO-NOTSHOUGH6-15,26SEP27LVNO,Tyler Shough,12545,QB,rushing yards,THRESHOLD,15+,17.91,0.4867,0.49,0.50,0.51,28,1406,
KXNFLRSHYDS-26SEP27LVNO-NOTSHOUGH6-10,26SEP27LVNO,Tyler Shough,12545,QB,rushing yards,THRESHOLD,10+,17.91,0.6048,0.63,0.65,0.37,3,56,
KXNFLRSHYDS-26SEP27SEAWAS-WASJCROSKEYMERRITT22-90,26SEP27SEAWAS,Jacory Croskey-Merritt,12533,RB,rushing yards,THRESHOLD,90+,47.81,0.1190,0.05,0.06,0.95,25,19,
KXNFLRSHYDS-26SEP27SEAWAS-WASJCROSKEYMERRITT22-80,26SEP27SEAWAS,Jacory Croskey-Merritt,12533,RB,rushing yards,THRESHOLD,80+,47.81,0.1722,0.07,0.10,0.93,3,25,
KXNFLRSHYDS-26SEP27SEAWAS-WASJCROSKEYMERRITT22-70,26SEP27SEAWAS,Jacory Croskey-Merritt,12533,RB,rushing yards,THRESHOLD,70+,47.81,0.2288,0.13,0.15,0.87,23,12,
KXNFLRSHYDS-26SEP27SEAWAS-WASJCROSKEYMERRITT22-60,26SEP27SEAWAS,Jacory Croskey-Merritt,12533,RB,rushing yards,THRESHOLD,60+,47.81,0.3153,0.21,0.22,0.79,2,10,
KXNFLRSHYDS-26SEP27SEAWAS-WASJCROSKEYMERRITT22-50,26SEP27SEAWAS,Jacory Croskey-Merritt,12533,RB,rushing yards,THRESHOLD,50+,47.81,0.4318,0.32,0.34,0.68,1,20,
KXNFLRSHYDS-26SEP27SEAWAS-WASJCROSKEYMERRITT22-40,26SEP27SEAWAS,Jacory Croskey-Merritt,12533,RB,rushing yards,THRESHOLD,40+,47.81,0.5699,0.47,0.48,0.53,2956,200,
KXNFLRSHYDS-26SEP27SEAWAS-WASJCROSKEYMERRITT22-30,26SEP27SEAWAS,Jacory Croskey-Merritt,12533,RB,rushing yards,THRESHOLD,30+,47.81,0.7180,0.63,0.65,0.37,1,74,
KXNFLRSHYDS-26SEP27SEAWAS-WASJCROSKEYMERRITT22-25,26SEP27SEAWAS,Jacory Croskey-Merritt,12533,RB,rushing yards,THRESHOLD,25+,47.81,0.7745,0.71,0.72,0.29,2063,71,
KXNFLRSHYDS-26SEP27SEAWAS-WASJCROSKEYMERRITT22-20,26SEP27SEAWAS,Jacory Croskey-Merritt,12533,RB,rushing yards,THRESHOLD,20+,47.81,0.8311,0.79,0.81,0.21,3,77,
KXNFLRSHYDS-26SEP27SEAWAS-WASJCROSKEYMERRITT22-100,26SEP27SEAWAS,Jacory Croskey-Merritt,12533,RB,rushing yards,THRESHOLD,100+,47.81,0.0807,0.05,0.06,0.95,24800,30,
KXNFLRSHYDS-26SEP27HOUIND-HOUCSTROUD7-40,26SEP27HOUIND,C.J. Stroud,9758,QB,rushing yards,THRESHOLD,40+,11.53,0.0624,0.04,0.06,0.96,4,2,
KXNFLRSHYDS-26SEP27HOUIND-HOUCSTROUD7-30,26SEP27HOUIND,C.J. Stroud,9758,QB,rushing yards,THRESHOLD,30+,11.53,0.1156,0.10,0.11,0.90,4,2,
KXNFLRSHYDS-26SEP27HOUIND-HOUCSTROUD7-25,26SEP27HOUIND,C.J. Stroud,9758,QB,rushing yards,THRESHOLD,25+,11.53,0.1839,0.16,0.17,0.84,933,2,
KXNFLRSHYDS-26SEP27HOUIND-HOUCSTROUD7-20,26SEP27HOUIND,C.J. Stroud,9758,QB,rushing yards,THRESHOLD,20+,11.53,0.2504,0.24,0.26,0.76,1004,2,
KXNFLRSHYDS-26SEP27HOUIND-HOUCSTROUD7-15,26SEP27HOUIND,C.J. Stroud,9758,QB,rushing yards,THRESHOLD,15+,11.53,0.3270,0.35,0.37,0.65,1230,6,
KXNFLRSHYDS-26SEP27HOUIND-HOUCSTROUD7-10,26SEP27HOUIND,C.J. Stroud,9758,QB,rushing yards,THRESHOLD,10+,11.53,0.4667,0.52,0.53,0.48,238,100,
KXNFLRSHYDS-26SEP27HOUIND-INDDJONES17-40,26SEP27HOUIND,Daniel Jones,5870,QB,rushing yards,THRESHOLD,40+,14.73,0.0707,0.04,0.07,0.96,4,25,
KXNFLRSHYDS-26SEP27HOUIND-INDDJONES17-30,26SEP27HOUIND,Daniel Jones,5870,QB,rushing yards,THRESHOLD,30+,14.73,0.1622,0.11,0.12,0.89,12000,4,
KXNFLRSHYDS-26SEP27HOUIND-INDDJONES17-25,26SEP27HOUIND,Daniel Jones,5870,QB,rushing yards,THRESHOLD,25+,14.73,0.2155,0.16,0.17,0.84,12000,2,
KXNFLRSHYDS-26SEP27HOUIND-INDDJONES17-20,26SEP27HOUIND,Daniel Jones,5870,QB,rushing yards,THRESHOLD,20+,14.73,0.2937,0.24,0.25,0.76,11500,1204,
KXNFLRSHYDS-26SEP27HOUIND-INDDJONES17-15,26SEP27HOUIND,Daniel Jones,5870,QB,rushing yards,THRESHOLD,15+,14.73,0.3852,0.34,0.35,0.66,4,2,
KXNFLRSHYDS-26SEP27HOUIND-INDDJONES17-10,26SEP27HOUIND,Daniel Jones,5870,QB,rushing yards,THRESHOLD,10+,14.73,0.5233,0.51,0.52,0.49,17020,62,
KXNFLRSHYDS-26SEP27TENNYG-NYGJWINSTON19-30,26SEP27TENNYG,Jameis Winston,2306,QB,rushing yards,THRESHOLD,30+,13.30,0.1323,0.05,0.06,0.95,5800,2,
KXNFLRSHYDS-26SEP27TENNYG-NYGJWINSTON19-25,26SEP27TENNYG,Jameis Winston,2306,QB,rushing yards,THRESHOLD,25+,13.30,0.1855,0.08,0.09,0.92,6025,10,
KXNFLRSHYDS-26SEP27TENNYG-NYGJWINSTON19-20,26SEP27TENNYG,Jameis Winston,2306,QB,rushing yards,THRESHOLD,20+,13.30,0.2471,0.10,0.12,0.90,1097,2,
KXNFLRSHYDS-26SEP27TENNYG-NYGJWINSTON19-15,26SEP27TENNYG,Jameis Winston,2306,QB,rushing yards,THRESHOLD,15+,13.30,0.3419,0.18,0.20,0.82,1227,2,
KXNFLRSHYDS-26SEP27TENNYG-NYGJWINSTON19-10,26SEP27TENNYG,Jameis Winston,2306,QB,rushing yards,THRESHOLD,10+,13.30,0.4867,0.36,0.37,0.64,24315,950,
KXNFLRSHYDS-26SEP27TENNYG-NYGCSKATTEBO44-120,26SEP27TENNYG,Cam Skattebo,12481,RB,rushing yards,THRESHOLD,120+,72.40,0.0857,0.05,0.06,0.95,16270,30,
KXNFLRSHYDS-26SEP27TENNYG-NYGCSKATTEBO44-110,26SEP27TENNYG,Cam Skattebo,12481,RB,rushing yards,THRESHOLD,110+,72.40,0.1306,0.07,0.08,0.93,7000,2,
KXNFLRSHYDS-26SEP27TENNYG-NYGCSKATTEBO44-100,26SEP27TENNYG,Cam Skattebo,12481,RB,rushing yards,THRESHOLD,100+,72.40,0.1905,0.11,0.12,0.89,14343,13,
KXNFLRSHYDS-26SEP27TENNYG-NYGCSKATTEBO44-90,26SEP27TENNYG,Cam Skattebo,12481,RB,rushing yards,THRESHOLD,90+,72.40,0.2537,0.16,0.17,0.84,1204,19,
KXNFLRSHYDS-26SEP27TENNYG-NYGCSKATTEBO44-80,26SEP27TENNYG,Cam Skattebo,12481,RB,rushing yards,THRESHOLD,80+,72.40,0.3419,0.24,0.25,0.76,45,13,
KXNFLRSHYDS-26SEP27TENNYG-NYGCSKATTEBO44-70,26SEP27TENNYG,Cam Skattebo,12481,RB,rushing yards,THRESHOLD,70+,72.40,0.4285,0.34,0.35,0.66,1151,25,
KXNFLRSHYDS-26SEP27TENNYG-NYGCSKATTEBO44-60,26SEP27TENNYG,Cam Skattebo,12481,RB,rushing yards,THRESHOLD,60+,72.40,0.5549,0.47,0.48,0.53,20855,543,
KXNFLRSHYDS-26SEP27TENNYG-NYGCSKATTEBO44-50,26SEP27TENNYG,Cam Skattebo,12481,RB,rushing yards,THRESHOLD,50+,72.40,0.6514,0.59,0.60,0.41,9935,8,
KXNFLRSHYDS-26SEP27TENNYG-NYGCSKATTEBO44-40,26SEP27TENNYG,Cam Skattebo,12481,RB,rushing yards,THRESHOLD,40+,72.40,0.7529,0.70,0.71,0.30,2047,86,
KXNFLRSHYDS-26SEP27TENNYG-NYGCSKATTEBO44-30,26SEP27TENNYG,Cam Skattebo,12481,RB,rushing yards,THRESHOLD,30+,72.40,0.8544,0.81,0.83,0.19,11035,1,
KXNFLRSHYDS-26SEP27TENNYG-TENCWARD1-50,26SEP27TENNYG,Cam Ward,12522,QB,rushing yards,THRESHOLD,50+,15.44,0.0408,0.02,0.05,0.98,9052,8,
KXNFLRSHYDS-26SEP27TENNYG-TENCWARD1-40,26SEP27TENNYG,Cam Ward,12522,QB,rushing yards,THRESHOLD,40+,15.44,0.0840,0.07,0.08,0.93,1086,29,
KXNFLRSHYDS-26SEP27TENNYG-TENCWARD1-30,26SEP27TENNYG,Cam Ward,12522,QB,rushing yards,THRESHOLD,30+,15.44,0.1755,0.14,0.15,0.86,19077,562,
KXNFLRSHYDS-26SEP27TENNYG-TENCWARD1-25,26SEP27TENNYG,Cam Ward,12522,QB,rushing yards,THRESHOLD,25+,15.44,0.2371,0.20,0.21,0.80,19477,1323,
KXNFLRSHYDS-26SEP27TENNYG-TENCWARD1-20,26SEP27TENNYG,Cam Ward,12522,QB,rushing yards,THRESHOLD,20+,15.44,0.3270,0.28,0.30,0.72,18500,306,
KXNFLRSHYDS-26SEP27TENNYG-TENCWARD1-15,26SEP27TENNYG,Cam Ward,12522,QB,rushing yards,THRESHOLD,15+,15.44,0.4151,0.40,0.41,0.60,19694,400,
KXNFLRSHYDS-26SEP27TENNYG-TENCWARD1-10,26SEP27TENNYG,Cam Ward,12522,QB,rushing yards,THRESHOLD,10+,15.44,0.5416,0.54,0.56,0.46,2050,33,
KXNFLRSHYDS-26SEP27HOUIND-INDJTAYLOR28-90,26SEP27HOUIND,Jonathan Taylor,6813,RB,rushing yards,THRESHOLD,90+,86.85,0.3719,0.40,0.42,0.60,9968,501,
KXNFLRSHYDS-26SEP27HOUIND-INDJTAYLOR28-80,26SEP27HOUIND,Jonathan Taylor,6813,RB,rushing yards,THRESHOLD,80+,86.85,0.4634,0.51,0.52,0.49,2070,3,
KXNFLRSHYDS-26SEP27HOUIND-INDJTAYLOR28-70,26SEP27HOUIND,Jonathan Taylor,6813,RB,rushing yards,THRESHOLD,70+,86.85,0.5449,0.60,0.61,0.40,11,1,
KXNFLRSHYDS-26SEP27HOUIND-INDJTAYLOR28-60,26SEP27HOUIND,Jonathan Taylor,6813,RB,rushing yards,THRESHOLD,60+,86.85,0.6498,0.70,0.71,0.30,20,1,
KXNFLRSHYDS-26SEP27HOUIND-INDJTAYLOR28-50,26SEP27HOUIND,Jonathan Taylor,6813,RB,rushing yards,THRESHOLD,50+,86.85,0.7413,0.80,0.81,0.20,889,1,
KXNFLRSHYDS-26SEP27HOUIND-INDJTAYLOR28-170,26SEP27HOUIND,Jonathan Taylor,6813,RB,rushing yards,THRESHOLD,170+,86.85,0.0408,0.02,0.04,0.98,2504,4,
KXNFLRSHYDS-26SEP27HOUIND-INDJTAYLOR28-160,26SEP27HOUIND,Jonathan Taylor,6813,RB,rushing yards,THRESHOLD,160+,86.85,0.0541,0.02,0.05,0.98,2052,8,
KXNFLRSHYDS-26SEP27HOUIND-INDJTAYLOR28-150,26SEP27HOUIND,Jonathan Taylor,6813,RB,rushing yards,THRESHOLD,150+,86.85,0.0707,0.04,0.07,0.96,4,31,
KXNFLRSHYDS-26SEP27HOUIND-INDJTAYLOR28-140,26SEP27HOUIND,Jonathan Taylor,6813,RB,rushing yards,THRESHOLD,140+,86.85,0.1057,0.08,0.10,0.92,25,2,
KXNFLRSHYDS-26SEP27HOUIND-INDJTAYLOR28-130,26SEP27HOUIND,Jonathan Taylor,6813,RB,rushing yards,THRESHOLD,130+,86.85,0.1306,0.12,0.14,0.88,25,40,
KXNFLRSHYDS-26SEP27HOUIND-INDJTAYLOR28-120,26SEP27HOUIND,Jonathan Taylor,6813,RB,rushing yards,THRESHOLD,120+,86.85,0.1622,0.16,0.18,0.84,1000,2,
KXNFLRSHYDS-26SEP27HOUIND-INDJTAYLOR28-110,26SEP27HOUIND,Jonathan Taylor,6813,RB,rushing yards,THRESHOLD,110+,86.85,0.2188,0.21,0.23,0.79,40,22,
KXNFLRSHYDS-26SEP27HOUIND-INDJTAYLOR28-100,26SEP27HOUIND,Jonathan Taylor,6813,RB,rushing yards,THRESHOLD,100+,86.85,0.3003,0.30,0.32,0.70,2363,26,
KXNFLRSHYDS-26SEP27HOUIND-HOUWMARKS4-80,26SEP27HOUIND,Woody Marks,12474,RB,rushing yards,THRESHOLD,80+,33.56,0.0840,0.02,0.05,0.98,5752,8,
KXNFLRSHYDS-26SEP27HOUIND-HOUWMARKS4-70,26SEP27HOUIND,Woody Marks,12474,RB,rushing yards,THRESHOLD,70+,33.56,0.1090,0.05,0.07,0.95,4,30,
KXNFLRSHYDS-26SEP27HOUIND-HOUWMARKS4-60,26SEP27HOUIND,Woody Marks,12474,RB,rushing yards,THRESHOLD,60+,33.56,0.1722,0.09,0.12,0.91,15800,2,
KXNFLRSHYDS-26SEP27HOUIND-HOUWMARKS4-50,26SEP27HOUIND,Woody Marks,12474,RB,rushing yards,THRESHOLD,50+,33.56,0.2304,0.16,0.17,0.84,4,2,
KXNFLRSHYDS-26SEP27HOUIND-HOUWMARKS4-40,26SEP27HOUIND,Woody Marks,12474,RB,rushing yards,THRESHOLD,40+,33.56,0.3403,0.28,0.29,0.72,200,10,
KXNFLRSHYDS-26SEP27HOUIND-HOUWMARKS4-30,26SEP27HOUIND,Woody Marks,12474,RB,rushing yards,THRESHOLD,30+,33.56,0.4684,0.45,0.46,0.55,207,2743,
KXNFLRSHYDS-26SEP27HOUIND-HOUWMARKS4-25,26SEP27HOUIND,Woody Marks,12474,RB,rushing yards,THRESHOLD,25+,33.56,0.5399,0.56,0.57,0.44,3000,3464,
KXNFLRSHYDS-26SEP27HOUIND-HOUWMARKS4-20,26SEP27HOUIND,Woody Marks,12474,RB,rushing yards,THRESHOLD,20+,33.56,0.6448,0.65,0.66,0.35,4,10,
KXNFLRSHYDS-26SEP27HOUIND-HOUWMARKS4-15,26SEP27HOUIND,Woody Marks,12474,RB,rushing yards,THRESHOLD,15+,33.56,0.7263,0.75,0.77,0.25,6,2,
KXNFLRSHYDS-26SEP27HOUIND-HOUDMONTGOMERY32-90,26SEP27HOUIND,David Montgomery,5892,RB,rushing yards,THRESHOLD,90+,52.91,0.1772,0.11,0.12,0.89,816,2,
KXNFLRSHYDS-26SEP27HOUIND-HOUDMONTGOMERY32-80,26SEP27HOUIND,David Montgomery,5892,RB,rushing yards,THRESHOLD,80+,52.91,0.2421,0.17,0.18,0.83,1020,5,
KXNFLRSHYDS-26SEP27HOUIND-HOUDMONTGOMERY32-70,26SEP27HOUIND,David Montgomery,5892,RB,rushing yards,THRESHOLD,70+,52.91,0.3153,0.25,0.27,0.75,887,1,
KXNFLRSHYDS-26SEP27HOUIND-HOUDMONTGOMERY32-60,26SEP27HOUIND,David Montgomery,5892,RB,rushing yards,THRESHOLD,60+,52.91,0.4318,0.33,0.36,0.67,24,210,
KXNFLRSHYDS-26SEP27HOUIND-HOUDMONTGOMERY32-50,26SEP27HOUIND,David Montgomery,5892,RB,rushing yards,THRESHOLD,50+,52.91,0.5616,0.49,0.50,0.51,1,359,
KXNFLRSHYDS-26SEP27HOUIND-HOUDMONTGOMERY32-40,26SEP27HOUIND,David Montgomery,5892,RB,rushing yards,THRESHOLD,40+,52.91,0.6647,0.63,0.64,0.37,2039,25,
KXNFLRSHYDS-26SEP27HOUIND-HOUDMONTGOMERY32-30,26SEP27HOUIND,David Montgomery,5892,RB,rushing yards,THRESHOLD,30+,52.91,0.7879,0.74,0.78,0.26,3011,497,
KXNFLRSHYDS-26SEP27HOUIND-HOUDMONTGOMERY32-25,26SEP27HOUIND,David Montgomery,5892,RB,rushing yards,THRESHOLD,25+,52.91,0.8378,0.80,0.83,0.20,550,77,
KXNFLRSHYDS-26SEP27HOUIND-HOUDMONTGOMERY32-110,26SEP27HOUIND,David Montgomery,5892,RB,rushing yards,THRESHOLD,110+,52.91,0.0840,0.04,0.05,0.96,4,2,
KXNFLRSHYDS-26SEP27HOUIND-HOUDMONTGOMERY32-100,26SEP27HOUIND,David Montgomery,5892,RB,rushing yards,THRESHOLD,100+,52.91,0.1256,0.06,0.07,0.94,25,111,
KXNFLRSHYDS-26SEP27LVNO-LVAJEANTY2-90,26SEP27LVNO,Ashton Jeanty,12527,RB,rushing yards,THRESHOLD,90+,55.99,0.1722,0.28,0.29,0.72,11000,1,
KXNFLRSHYDS-26SEP27LVNO-LVAJEANTY2-80,26SEP27LVNO,Ashton Jeanty,12527,RB,rushing yards,THRESHOLD,80+,55.99,0.2354,0.36,0.38,0.64,1000,33,
KXNFLRSHYDS-26SEP27LVNO-LVAJEANTY2-70,26SEP27LVNO,Ashton Jeanty,12527,RB,rushing yards,THRESHOLD,70+,55.99,0.3203,0.49,0.50,0.51,10993,4,
KXNFLRSHYDS-26SEP27LVNO-LVAJEANTY2-60,26SEP27LVNO,Ashton Jeanty,12527,RB,rushing yards,THRESHOLD,60+,55.99,0.4584,0.61,0.62,0.39,2028,5,
KXNFLRSHYDS-26SEP27LVNO-LVAJEANTY2-50,26SEP27LVNO,Ashton Jeanty,12527,RB,rushing yards,THRESHOLD,50+,55.99,0.5982,0.69,0.71,0.31,20,6,
KXNFLRSHYDS-26SEP27LVNO-LVAJEANTY2-40,26SEP27LVNO,Ashton Jeanty,12527,RB,rushing yards,THRESHOLD,40+,55.99,0.6947,0.80,0.82,0.20,20,8,
KXNFLRSHYDS-26SEP27LVNO-LVAJEANTY2-140,26SEP27LVNO,Ashton Jeanty,12527,RB,rushing yards,THRESHOLD,140+,55.99,0.0258,0.02,0.04,0.98,59,4,
KXNFLRSHYDS-26SEP27LVNO-LVAJEANTY2-130,26SEP27LVNO,Ashton Jeanty,12527,RB,rushing yards,THRESHOLD,130+,55.99,0.0491,0.04,0.07,0.96,200,25,
KXNFLRSHYDS-26SEP27LVNO-LVAJEANTY2-120,26SEP27LVNO,Ashton Jeanty,12527,RB,rushing yards,THRESHOLD,120+,55.99,0.0674,0.08,0.11,0.92,1004,2,
KXNFLRSHYDS-26SEP27LVNO-LVAJEANTY2-110,26SEP27LVNO,Ashton Jeanty,12527,RB,rushing yards,THRESHOLD,110+,55.99,0.0923,0.13,0.16,0.87,1004,5,
KXNFLRSHYDS-26SEP27LVNO-LVAJEANTY2-100,26SEP27LVNO,Ashton Jeanty,12527,RB,rushing yards,THRESHOLD,100+,55.99,0.1323,0.19,0.20,0.81,804,20,
KXNFLRSHYDS-26SEP27CARCLE-CARBYOUNG9-50,26SEP27CARCLE,Bryce Young,9228,QB,rushing yards,THRESHOLD,50+,22.49,0.0807,0.02,0.06,0.98,200,47,
KXNFLRSHYDS-26SEP27CARCLE-CARBYOUNG9-40,26SEP27CARCLE,Bryce Young,9228,QB,rushing yards,THRESHOLD,40+,22.49,0.1423,0.05,0.09,0.95,4,25,
KXNFLRSHYDS-26SEP27CARCLE-CARBYOUNG9-30,26SEP27CARCLE,Bryce Young,9228,QB,rushing yards,THRESHOLD,30+,22.49,0.2737,0.16,0.17,0.84,25,25,
KXNFLRSHYDS-26SEP27CARCLE-CARBYOUNG9-25,26SEP27CARCLE,Bryce Young,9228,QB,rushing yards,THRESHOLD,25+,22.49,0.3486,0.24,0.25,0.76,1000,28,
KXNFLRSHYDS-26SEP27CARCLE-CARBYOUNG9-20,26SEP27CARCLE,Bryce Young,9228,QB,rushing yards,THRESHOLD,20+,22.49,0.4468,0.33,0.34,0.67,4,2,
KXNFLRSHYDS-26SEP27CARCLE-CARBYOUNG9-15,26SEP27CARCLE,Bryce Young,9228,QB,rushing yards,THRESHOLD,15+,22.49,0.5433,0.46,0.47,0.54,6092,1015,
KXNFLRSHYDS-26SEP27CARCLE-CARBYOUNG9-10,26SEP27CARCLE,Bryce Young,9228,QB,rushing yards,THRESHOLD,10+,22.49,0.6597,0.61,0.64,0.39,3004,2,
KXNFLRSHYDS-26SEP27CARCLE-CARCHUBBARD30-150,26SEP27CARCLE,Chuba Hubbard,7594,RB,rushing yards,THRESHOLD,150+,70.51,0.0225,0.02,0.04,0.98,1041,8,
KXNFLRSHYDS-26SEP27CARCLE-CARCHUBBARD30-140,26SEP27CARCLE,Chuba Hubbard,7594,RB,rushing yards,THRESHOLD,140+,70.51,0.0308,0.02,0.06,0.98,1004,4,
KXNFLRSHYDS-26SEP27CARCLE-CARCHUBBARD30-130,26SEP27CARCLE,Chuba Hubbard,7594,RB,rushing yards,THRESHOLD,130+,70.51,0.0458,0.07,0.09,0.93,6798,1,
KXNFLRSHYDS-26SEP27CARCLE-CARCHUBBARD30-120,26SEP27CARCLE,Chuba Hubbard,7594,RB,rushing yards,THRESHOLD,120+,70.51,0.0774,0.09,0.11,0.91,1123,2,
KXNFLRSHYDS-26SEP27CARCLE-CARCHUBBARD30-110,26SEP27CARCLE,Chuba Hubbard,7594,RB,rushing yards,THRESHOLD,110+,70.51,0.1106,0.15,0.17,0.85,6704,7,
KXNFLRSHYDS-26SEP28PHICHI-PHIJHURTS1-70,26SEP28PHICHI,Jalen Hurts,6904,QB,rushing yards,THRESHOLD,70+,34.31,0.0674,0.01,0.06,0.99,5367,1531,
KXNFLRSHYDS-26SEP28PHICHI-PHIJHURTS1-60,26SEP28PHICHI,Jalen Hurts,6904,QB,rushing yards,THRESHOLD,60+,34.31,0.1190,0.04,0.10,0.96,6660,22,
KXNFLRSHYDS-26SEP28PHICHI-PHIJHURTS1-50,26SEP28PHICHI,Jalen Hurts,6904,QB,rushing yards,THRESHOLD,50+,34.31,0.1955,0.09,0.15,0.91,7566,35,
KXNFLRSHYDS-26SEP28PHICHI-PHIJHURTS1-40,26SEP28PHICHI,Jalen Hurts,6904,QB,rushing yards,THRESHOLD,40+,34.31,0.3303,0.18,0.24,0.82,760,34,
KXNFLRSHYDS-26SEP28PHICHI-PHIJHURTS1-30,26SEP28PHICHI,Jalen Hurts,6904,QB,rushing yards,THRESHOLD,30+,34.31,0.4667,0.36,0.40,0.64,785,38,
KXNFLRSHYDS-26SEP28PHICHI-PHIJHURTS1-25,26SEP28PHICHI,Jalen Hurts,6904,QB,rushing yards,THRESHOLD,25+,34.31,0.5566,0.49,0.51,0.51,1115,73,
KXNFLRSHYDS-26SEP28PHICHI-PHIJHURTS1-20,26SEP28PHICHI,Jalen Hurts,6904,QB,rushing yards,THRESHOLD,20+,34.31,0.6398,0.57,0.63,0.43,6843,23,
KXNFLRSHYDS-26SEP28PHICHI-PHIJHURTS1-15,26SEP28PHICHI,Jalen Hurts,6904,QB,rushing yards,THRESHOLD,15+,34.31,0.7246,0.68,0.74,0.32,760,25,
KXNFLRSHYDS-26SEP28PHICHI-PHIJHURTS1-10,26SEP28PHICHI,Jalen Hurts,6904,QB,rushing yards,THRESHOLD,10+,34.31,0.8078,0.80,0.84,0.20,507,11,
KXNFLRSHYDS-26SEP27CARCLE-CARCHUBBARD30-100,26SEP27CARCLE,Chuba Hubbard,7594,RB,rushing yards,THRESHOLD,100+,70.51,0.1722,0.20,0.23,0.80,6592,37,
KXNFLRSHYDS-26SEP27CARCLE-CARCHUBBARD30-90,26SEP27CARCLE,Chuba Hubbard,7594,RB,rushing yards,THRESHOLD,90+,70.51,0.2404,0.28,0.30,0.72,200,2,
KXNFLRSHYDS-26SEP27CARCLE-CARCHUBBARD30-80,26SEP27CARCLE,Chuba Hubbard,7594,RB,rushing yards,THRESHOLD,80+,70.51,0.3253,0.39,0.40,0.61,5500,3,
KXNFLRSHYDS-26SEP27CARCLE-CARCHUBBARD30-70,26SEP27CARCLE,Chuba Hubbard,7594,RB,rushing yards,THRESHOLD,70+,70.51,0.4201,0.49,0.50,0.51,361,181,
KXNFLRSHYDS-26SEP27CARCLE-CARCHUBBARD30-60,26SEP27CARCLE,Chuba Hubbard,7594,RB,rushing yards,THRESHOLD,60+,70.51,0.5349,0.61,0.62,0.39,2021,50,
KXNFLRSHYDS-26SEP27CARCLE-CARCHUBBARD30-50,26SEP27CARCLE,Chuba Hubbard,7594,RB,rushing yards,THRESHOLD,50+,70.51,0.6547,0.70,0.72,0.30,20,5,
KXNFLRSHYDS-26SEP27CARCLE-CARCHUBBARD30-40,26SEP27CARCLE,Chuba Hubbard,7594,RB,rushing yards,THRESHOLD,40+,70.51,0.7562,0.80,0.83,0.20,2980,2,
KXNFLRSHYDS-26SEP27CARCLE-CLEQJUDKINS10-90,26SEP27CARCLE,Quinshon Judkins,12512,RB,rushing yards,THRESHOLD,90+,59.10,0.1789,0.19,0.20,0.81,837,4,
KXNFLRSHYDS-26SEP27CARCLE-CLEQJUDKINS10-80,26SEP27CARCLE,Quinshon Judkins,12512,RB,rushing yards,THRESHOLD,80+,59.10,0.2371,0.27,0.28,0.73,976,754,
KXNFLRSHYDS-26SEP27CARCLE-CLEQJUDKINS10-70,26SEP27CARCLE,Quinshon Judkins,12512,RB,rushing yards,THRESHOLD,70+,59.10,0.3319,0.37,0.38,0.63,514,7,
KXNFLRSHYDS-26SEP27CARCLE-CLEQJUDKINS10-60,26SEP27CARCLE,Quinshon Judkins,12512,RB,rushing yards,THRESHOLD,60+,59.10,0.4534,0.49,0.51,0.51,21541,545,
KXNFLRSHYDS-26SEP27CARCLE-CLEQJUDKINS10-50,26SEP27CARCLE,Quinshon Judkins,12512,RB,rushing yards,THRESHOLD,50+,59.10,0.5715,0.63,0.64,0.37,2216,15,
KXNFLRSHYDS-26SEP27CARCLE-CLEQJUDKINS10-40,26SEP27CARCLE,Quinshon Judkins,12512,RB,rushing yards,THRESHOLD,40+,59.10,0.6963,0.73,0.75,0.27,1290,51,
KXNFLRSHYDS-26SEP27CARCLE-CLEQJUDKINS10-30,26SEP27CARCLE,Quinshon Judkins,12512,RB,rushing yards,THRESHOLD,30+,59.10,0.8045,0.84,0.87,0.16,4128,50,
KXNFLRSHYDS-26SEP27CARCLE-CLEQJUDKINS10-120,26SEP27CARCLE,Quinshon Judkins,12512,RB,rushing yards,THRESHOLD,120+,59.10,0.0657,0.04,0.06,0.96,766,4,
KXNFLRSHYDS-26SEP27CARCLE-CLEQJUDKINS10-110,26SEP27CARCLE,Quinshon Judkins,12512,RB,rushing yards,THRESHOLD,110+,59.10,0.0957,0.07,0.10,0.93,4,2,
KXNFLRSHYDS-26SEP27CARCLE-CLEQJUDKINS10-100,26SEP27CARCLE,Quinshon Judkins,12512,RB,rushing yards,THRESHOLD,100+,59.10,0.1306,0.12,0.14,0.88,4,6,
KXNFLRSHYDS-26SEP27CARCLE-CLEDWATSON4-70,26SEP27CARCLE,Deshaun Watson,4017,QB,rushing yards,THRESHOLD,70+,14.36,0.0058,0.02,0.05,0.98,4,4,
KXNFLRSHYDS-26SEP27CARCLE-CLEDWATSON4-60,26SEP27CARCLE,Deshaun Watson,4017,QB,rushing yards,THRESHOLD,60+,14.36,0.0191,0.06,0.09,0.94,15504,2,
KXNFLRSHYDS-26SEP27CARCLE-CLEDWATSON4-50,26SEP27CARCLE,Deshaun Watson,4017,QB,rushing yards,THRESHOLD,50+,14.36,0.0374,0.13,0.14,0.87,4,5,
KXNFLRSHYDS-26SEP27CARCLE-CLEDWATSON4-40,26SEP27CARCLE,Deshaun Watson,4017,QB,rushing yards,THRESHOLD,40+,14.36,0.0674,0.24,0.25,0.76,11000,2050,
KXNFLRSHYDS-26SEP27CARCLE-CLEDWATSON4-30,26SEP27CARCLE,Deshaun Watson,4017,QB,rushing yards,THRESHOLD,30+,14.36,0.1589,0.40,0.42,0.60,2744,1760,
KXNFLRSHYDS-26SEP27CARCLE-CLEDWATSON4-25,26SEP27CARCLE,Deshaun Watson,4017,QB,rushing yards,THRESHOLD,25+,14.36,0.2072,0.50,0.51,0.50,1358,1000,
KXNFLRSHYDS-26SEP27CARCLE-CLEDWATSON4-20,26SEP27CARCLE,Deshaun Watson,4017,QB,rushing yards,THRESHOLD,20+,14.36,0.2787,0.61,0.63,0.39,3297,500,
KXNFLRSHYDS-26SEP27CARCLE-CLEDWATSON4-15,26SEP27CARCLE,Deshaun Watson,4017,QB,rushing yards,THRESHOLD,15+,14.36,0.3686,0.71,0.72,0.29,11,2256,
KXNFLRSHYDS-26SEP27CARCLE-CLEDWATSON4-10,26SEP27CARCLE,Deshaun Watson,4017,QB,rushing yards,THRESHOLD,10+,14.36,0.5033,0.82,0.83,0.18,20,12,
KXNFLRSHYDS-26SEP27KCMIA-KCPMAHOMES15-60,26SEP27KCMIA,Patrick Mahomes,4046,QB,rushing yards,THRESHOLD,60+,22.83,0.0391,0.03,0.05,0.97,2504,2,
KXNFLRSHYDS-26SEP27KCMIA-KCPMAHOMES15-50,26SEP27KCMIA,Patrick Mahomes,4046,QB,rushing yards,THRESHOLD,50+,22.83,0.0840,0.04,0.07,0.96,12604,2,
KXNFLRSHYDS-26SEP27KCMIA-KCPMAHOMES15-40,26SEP27KCMIA,Patrick Mahomes,4046,QB,rushing yards,THRESHOLD,40+,22.83,0.1439,0.10,0.11,0.90,10880,100,
KXNFLRSHYDS-26SEP27KCMIA-KCPMAHOMES15-30,26SEP27KCMIA,Patrick Mahomes,4046,QB,rushing yards,THRESHOLD,30+,22.83,0.2770,0.21,0.22,0.79,194,302,
KXNFLRSHYDS-26SEP27KCMIA-KCPMAHOMES15-25,26SEP27KCMIA,Patrick Mahomes,4046,QB,rushing yards,THRESHOLD,25+,22.83,0.3586,0.28,0.29,0.72,1025,32,
KXNFLRSHYDS-26SEP27KCMIA-KCPMAHOMES15-20,26SEP27KCMIA,Patrick Mahomes,4046,QB,rushing yards,THRESHOLD,20+,22.83,0.4517,0.40,0.41,0.60,12906,300,
KXNFLRSHYDS-26SEP27KCMIA-KCPMAHOMES15-15,26SEP27KCMIA,Patrick Mahomes,4046,QB,rushing yards,THRESHOLD,15+,22.83,0.5483,0.53,0.54,0.47,2338,304,
KXNFLRSHYDS-26SEP27KCMIA-KCPMAHOMES15-10,26SEP27KCMIA,Patrick Mahomes,4046,QB,rushing yards,THRESHOLD,10+,22.83,0.6647,0.66,0.67,0.34,3022,1,
KXNFLRSHYDS-26SEP27KCMIA-MIAMWILLIS2-80,26SEP27KCMIA,Malik Willis,8161,QB,rushing yards,THRESHOLD,80+,24.54,0.0175,0.03,0.06,0.97,4,25,
KXNFLRSHYDS-26SEP27KCMIA-MIAMWILLIS2-70,26SEP27KCMIA,Malik Willis,8161,QB,rushing yards,THRESHOLD,70+,24.54,0.0258,0.08,0.09,0.92,24,2,
KXNFLRSHYDS-26SEP27KCMIA-MIAMWILLIS2-60,26SEP27KCMIA,Malik Willis,8161,QB,rushing yards,THRESHOLD,60+,24.54,0.0474,0.14,0.15,0.86,27,2,
KXNFLRSHYDS-26SEP27KCMIA-MIAMWILLIS2-50,26SEP27KCMIA,Malik Willis,8161,QB,rushing yards,THRESHOLD,50+,24.54,0.0923,0.23,0.24,0.77,20,2,
KXNFLRSHYDS-26SEP27KCMIA-MIAMWILLIS2-40,26SEP27KCMIA,Malik Willis,8161,QB,rushing yards,THRESHOLD,40+,24.54,0.1589,0.35,0.37,0.65,4,24,
KXNFLRSHYDS-26SEP27KCMIA-MIAMWILLIS2-30,26SEP27KCMIA,Malik Willis,8161,QB,rushing yards,THRESHOLD,30+,24.54,0.2804,0.54,0.56,0.46,2036,68,
KXNFLRSHYDS-26SEP27KCMIA-MIAMWILLIS2-25,26SEP27KCMIA,Malik Willis,8161,QB,rushing yards,THRESHOLD,25+,24.54,0.3686,0.63,0.66,0.37,2,29,
KXNFLRSHYDS-26SEP27KCMIA-MIAMWILLIS2-20,26SEP27KCMIA,Malik Willis,8161,QB,rushing yards,THRESHOLD,20+,24.54,0.4684,0.72,0.75,0.28,24,75,
KXNFLRSHYDS-26SEP27KCMIA-MIAMWILLIS2-15,26SEP27KCMIA,Malik Willis,8161,QB,rushing yards,THRESHOLD,15+,24.54,0.5699,0.80,0.82,0.20,507,33,
KXNFLRSHYDS-26SEP27KCMIA-MIADACHANE28-60,26SEP27KCMIA,De'Von Achane,9226,RB,rushing yards,THRESHOLD,60+,67.67,0.5166,0.50,0.51,0.50,15973,1319,
KXNFLRSHYDS-26SEP27KCMIA-KCKWALKER9-85,26SEP27KCMIA,Kenneth Walker III,8151,RB,rushing yards,THRESHOLD,85+,89.52,0.4334,0.48,0.50,0.52,24189,54,
KXNFLRSHYDS-26SEP27KCMIA-KCEJOHNSON10-25,26SEP27KCMIA,Emmett Johnson,13337,RB,rushing yards,THRESHOLD,25+,15.50,0.2488,0.56,0.57,0.44,2,79,
KXNFLRSHYDS-26SEP27ARISF-SFCMCCAFFREY23-90,26SEP27ARISF,Christian McCaffrey,4034,RB,rushing yards,THRESHOLD,90+,79.79,0.3319,0.14,0.15,0.86,2,6,
KXNFLRSHYDS-26SEP27ARISF-SFCMCCAFFREY23-80,26SEP27ARISF,Christian McCaffrey,4034,RB,rushing yards,THRESHOLD,80+,79.79,0.4168,0.22,0.24,0.78,1020,16,
KXNFLRSHYDS-26SEP27ARISF-SFCMCCAFFREY23-70,26SEP27ARISF,Christian McCaffrey,4034,RB,rushing yards,THRESHOLD,70+,79.79,0.4983,0.32,0.33,0.68,21,1,
KXNFLRSHYDS-26SEP27ARISF-SFCMCCAFFREY23-60,26SEP27ARISF,Christian McCaffrey,4034,RB,rushing yards,THRESHOLD,60+,79.79,0.6248,0.45,0.46,0.55,11018,4029,
KXNFLRSHYDS-26SEP27ARISF-SFCMCCAFFREY23-55,26SEP27ARISF,Christian McCaffrey,4034,RB,rushing yards,THRESHOLD,55+,79.79,0.6714,0.53,0.54,0.47,314,212,
KXNFLRSHYDS-26SEP27ARISF-SFCMCCAFFREY23-50,26SEP27ARISF,Christian McCaffrey,4034,RB,rushing yards,THRESHOLD,50+,79.79,0.7213,0.57,0.59,0.43,2020,1,
KXNFLRSHYDS-26SEP27ARISF-SFCMCCAFFREY23-40,26SEP27ARISF,Christian McCaffrey,4034,RB,rushing yards,THRESHOLD,40+,79.79,0.8062,0.70,0.72,0.30,20,2,
KXNFLRSHYDS-26SEP27ARISF-SFCMCCAFFREY23-30,26SEP27ARISF,Christian McCaffrey,4034,RB,rushing yards,THRESHOLD,30+,79.79,0.9010,0.82,0.84,0.18,1000,27,
KXNFLRSHYDS-26SEP27ARISF-SFCMCCAFFREY23-120,26SEP27ARISF,Christian McCaffrey,4034,RB,rushing yards,THRESHOLD,120+,79.79,0.1206,0.05,0.06,0.95,6563,30,
KXNFLRSHYDS-26SEP27ARISF-SFCMCCAFFREY23-110,26SEP27ARISF,Christian McCaffrey,4034,RB,rushing yards,THRESHOLD,110+,79.79,0.1739,0.05,0.09,0.95,17098,4,
KXNFLRSHYDS-26SEP27ARISF-SFCMCCAFFREY23-100,26SEP27ARISF,Christian McCaffrey,4034,RB,rushing yards,THRESHOLD,100+,79.79,0.2504,0.10,0.11,0.90,25,25,
KXNFLRSHYDS-26SEP27ARISF-ARITALLGEIER22-90,26SEP27ARISF,Tyler Allgeier,8132,RB,rushing yards,THRESHOLD,90+,34.27,0.0557,0.02,0.04,0.98,2500,8537,
KXNFLRSHYDS-26SEP27ARISF-ARITALLGEIER22-80,26SEP27ARISF,Tyler Allgeier,8132,RB,rushing yards,THRESHOLD,80+,34.27,0.0857,0.05,0.07,0.95,2500,5000,
KXNFLRSHYDS-26SEP27ARISF-ARITALLGEIER22-70,26SEP27ARISF,Tyler Allgeier,8132,RB,rushing yards,THRESHOLD,70+,34.27,0.1140,0.09,0.10,0.91,1311,3510,
KXNFLRSHYDS-26SEP27ARISF-ARITALLGEIER22-60,26SEP27ARISF,Tyler Allgeier,8132,RB,rushing yards,THRESHOLD,60+,34.27,0.1755,0.16,0.17,0.84,1404,1,
KXNFLRSHYDS-26SEP27ARISF-ARITALLGEIER22-50,26SEP27ARISF,Tyler Allgeier,8132,RB,rushing yards,THRESHOLD,50+,34.27,0.2438,0.24,0.25,0.76,200,2721,
KXNFLRSHYDS-26SEP27ARISF-ARITALLGEIER22-40,26SEP27ARISF,Tyler Allgeier,8132,RB,rushing yards,THRESHOLD,40+,34.27,0.3569,0.37,0.38,0.63,1812,2000,
KXNFLRSHYDS-26SEP27ARISF-ARITALLGEIER22-30,26SEP27ARISF,Tyler Allgeier,8132,RB,rushing yards,THRESHOLD,30+,34.27,0.4817,0.55,0.56,0.45,2484,1500,
KXNFLRSHYDS-26SEP27ARISF-ARITALLGEIER22-25,26SEP27ARISF,Tyler Allgeier,8132,RB,rushing yards,THRESHOLD,25+,34.27,0.5516,0.63,0.65,0.37,11,1900,
KXNFLRSHYDS-26SEP27ARISF-ARITALLGEIER22-20,26SEP27ARISF,Tyler Allgeier,8132,RB,rushing yards,THRESHOLD,20+,34.27,0.6564,0.71,0.72,0.29,86,52,
KXNFLRSHYDS-26SEP27ARISF-ARITALLGEIER22-15,26SEP27ARISF,Tyler Allgeier,8132,RB,rushing yards,THRESHOLD,15+,34.27,0.7413,0.80,0.82,0.20,17,54,
KXNFLRSHYDS-26SEP27ARISF-ARIJLOVE4-90,26SEP27ARISF,Jeremiyah Love,13287,RB,rushing yards,THRESHOLD,90+,48.21,0.1206,0.05,0.07,0.95,4966,5004,
KXNFLRSHYDS-26SEP27ARISF-ARIJLOVE4-80,26SEP27ARISF,Jeremiyah Love,13287,RB,rushing yards,THRESHOLD,80+,48.21,0.1822,0.09,0.10,0.91,5896,9,
KXNFLRSHYDS-26SEP27ARISF-ARIJLOVE4-70,26SEP27ARISF,Jeremiyah Love,13287,RB,rushing yards,THRESHOLD,70+,48.21,0.2454,0.13,0.15,0.87,4723,2524,
KXNFLRSHYDS-26SEP27ARISF-ARIJLOVE4-60,26SEP27ARISF,Jeremiyah Love,13287,RB,rushing yards,THRESHOLD,60+,48.21,0.3236,0.21,0.22,0.79,428,2049,
KXNFLRSHYDS-26SEP27ARISF-ARIJLOVE4-50,26SEP27ARISF,Jeremiyah Love,13287,RB,rushing yards,THRESHOLD,50+,48.21,0.4318,0.33,0.34,0.67,608,2029,
KXNFLRSHYDS-26SEP27ARISF-ARIJLOVE4-40,26SEP27ARISF,Jeremiyah Love,13287,RB,rushing yards,THRESHOLD,40+,48.21,0.5732,0.47,0.48,0.53,51,5,
KXNFLRSHYDS-26SEP27ARISF-ARIJLOVE4-30,26SEP27ARISF,Jeremiyah Love,13287,RB,rushing yards,THRESHOLD,30+,48.21,0.7146,0.61,0.64,0.39,667,15,
KXNFLRSHYDS-26SEP27ARISF-ARIJLOVE4-25,26SEP27ARISF,Jeremiyah Love,13287,RB,rushing yards,THRESHOLD,25+,48.21,0.7729,0.70,0.73,0.30,663,1,
KXNFLRSHYDS-26SEP27ARISF-ARIJLOVE4-20,26SEP27ARISF,Jeremiyah Love,13287,RB,rushing yards,THRESHOLD,20+,48.21,0.8328,0.78,0.80,0.22,17,4,
KXNFLRSHYDS-26SEP27ARISF-ARIJLOVE4-100,26SEP27ARISF,Jeremiyah Love,13287,RB,rushing yards,THRESHOLD,100+,48.21,0.0857,0.04,0.05,0.96,10496,5000,
KXNFLRSHYDS-26SEP27MINTB-TBBMAYFIELD6-50,26SEP27MINTB,Baker Mayfield,4892,QB,rushing yards,THRESHOLD,50+,16.59,0.0458,0.02,0.06,0.98,1004,1386,
KXNFLRSHYDS-26SEP27MINTB-TBBMAYFIELD6-40,26SEP27MINTB,Baker Mayfield,4892,QB,rushing yards,THRESHOLD,40+,16.59,0.0973,0.08,0.11,0.92,4,2,
KXNFLRSHYDS-26SEP27MINTB-TBBMAYFIELD6-30,26SEP27MINTB,Baker Mayfield,4892,QB,rushing yards,THRESHOLD,30+,16.59,0.2105,0.21,0.22,0.79,1000,2,
KXNFLRSHYDS-26SEP27MINTB-TBBMAYFIELD6-25,26SEP27MINTB,Baker Mayfield,4892,QB,rushing yards,THRESHOLD,25+,16.59,0.2804,0.28,0.30,0.72,224,13,
KXNFLRSHYDS-26SEP27MINTB-TBBMAYFIELD6-20,26SEP27MINTB,Baker Mayfield,4892,QB,rushing yards,THRESHOLD,20+,16.59,0.3802,0.41,0.42,0.59,1000,9,
KXNFLRSHYDS-26SEP27MINTB-TBBMAYFIELD6-15,26SEP27MINTB,Baker Mayfield,4892,QB,rushing yards,THRESHOLD,15+,16.59,0.4734,0.54,0.56,0.46,2361,10,
KXNFLRSHYDS-26SEP27MINTB-TBBMAYFIELD6-10,26SEP27MINTB,Baker Mayfield,4892,QB,rushing yards,THRESHOLD,10+,16.59,0.5865,0.67,0.69,0.33,238,43,
KXNFLRSHYDS-26SEP27MINTB-TBBIRVING7-90,26SEP27MINTB,Bucky Irving,11584,RB,rushing yards,THRESHOLD,90+,56.54,0.1672,0.16,0.18,0.84,4,6,
KXNFLRSHYDS-26SEP27MINTB-TBBIRVING7-80,26SEP27MINTB,Bucky Irving,11584,RB,rushing yards,THRESHOLD,80+,56.54,0.2371,0.23,0.25,0.77,24,15,
KXNFLRSHYDS-26SEP27MINTB-TBBIRVING7-70,26SEP27MINTB,Bucky Irving,11584,RB,rushing yards,THRESHOLD,70+,56.54,0.3236,0.32,0.35,0.68,24,132,
KXNFLRSHYDS-26SEP27MINTB-TBBIRVING7-60,26SEP27MINTB,Bucky Irving,11584,RB,rushing yards,THRESHOLD,60+,56.54,0.4601,0.47,0.48,0.53,17219,500,
KXNFLRSHYDS-26SEP27MINTB-TBBIRVING7-50,26SEP27MINTB,Bucky Irving,11584,RB,rushing yards,THRESHOLD,50+,56.54,0.6048,0.60,0.61,0.40,3040,65,
KXNFLRSHYDS-26SEP27MINTB-TBBIRVING7-40,26SEP27MINTB,Bucky Irving,11584,RB,rushing yards,THRESHOLD,40+,56.54,0.7063,0.71,0.74,0.29,3210,8,
KXNFLRSHYDS-26SEP27MINTB-TBBIRVING7-30,26SEP27MINTB,Bucky Irving,11584,RB,rushing yards,THRESHOLD,30+,56.54,0.8145,0.81,0.83,0.19,4,52,
KXNFLRSHYDS-26SEP27MINTB-TBBIRVING7-25,26SEP27MINTB,Bucky Irving,11584,RB,rushing yards,THRESHOLD,25+,56.54,0.8577,0.86,0.88,0.14,7,80,
KXNFLRSHYDS-26SEP27MINTB-TBBIRVING7-120,26SEP27MINTB,Bucky Irving,11584,RB,rushing yards,THRESHOLD,120+,56.54,0.0624,0.02,0.05,0.98,25,29,
KXNFLRSHYDS-26SEP27MINTB-TBBIRVING7-110,26SEP27MINTB,Bucky Irving,11584,RB,rushing yards,THRESHOLD,110+,56.54,0.0874,0.07,0.09,0.93,2504,2,
KXNFLRSHYDS-26SEP27MINTB-TBBIRVING7-100,26SEP27MINTB,Bucky Irving,11584,RB,rushing yards,THRESHOLD,100+,56.54,0.1240,0.11,0.13,0.89,2504,6,
KXNFLRSHYDS-26SEP27MINTB-MINKMURRAY1-60,26SEP27MINTB,Kyler Murray,5849,QB,rushing yards,THRESHOLD,60+,29.03,0.0691,0.05,0.06,0.95,5767,35,
KXNFLRSHYDS-26SEP27MINTB-MINKMURRAY1-50,26SEP27MINTB,Kyler Murray,5849,QB,rushing yards,THRESHOLD,50+,29.03,0.1406,0.07,0.09,0.93,4,3,
KXNFLRSHYDS-26SEP27MINTB-MINKMURRAY1-40,26SEP27MINTB,Kyler Murray,5849,QB,rushing yards,THRESHOLD,40+,29.03,0.2504,0.15,0.17,0.85,986,12,
KXNFLRSHYDS-26SEP27MINTB-MINKMURRAY1-30,26SEP27MINTB,Kyler Murray,5849,QB,rushing yards,THRESHOLD,30+,29.03,0.3785,0.31,0.32,0.69,10986,25,
KXNFLRSHYDS-26SEP27MINTB-MINKMURRAY1-25,26SEP27MINTB,Kyler Murray,5849,QB,rushing yards,THRESHOLD,25+,29.03,0.4567,0.40,0.41,0.60,10000,353,
KXNFLRSHYDS-26SEP27MINTB-MINKMURRAY1-20,26SEP27MINTB,Kyler Murray,5849,QB,rushing yards,THRESHOLD,20+,29.03,0.5616,0.54,0.55,0.46,5199,123,
KXNFLRSHYDS-26SEP27MINTB-MINKMURRAY1-15,26SEP27MINTB,Kyler Murray,5849,QB,rushing yards,THRESHOLD,15+,29.03,0.6531,0.63,0.66,0.37,966,8,
KXNFLRSHYDS-26SEP27MINTB-MINKMURRAY1-10,26SEP27MINTB,Kyler Murray,5849,QB,rushing yards,THRESHOLD,10+,29.03,0.7512,0.75,0.78,0.25,515,54,
KXNFLRSHYDS-26SEP27NYJDET-NYJBHALL20-90,26SEP27NYJDET,Breece Hall,8155,RB,rushing yards,THRESHOLD,90+,63.93,0.2304,0.18,0.20,0.82,2248,5,
KXNFLRSHYDS-26SEP27NYJDET-NYJBHALL20-80,26SEP27NYJDET,Breece Hall,8155,RB,rushing yards,THRESHOLD,80+,63.93,0.2870,0.27,0.28,0.73,840,9,
KXNFLRSHYDS-26SEP27NYJDET-NYJBHALL20-70,26SEP27NYJDET,Breece Hall,8155,RB,rushing yards,THRESHOLD,70+,63.93,0.3619,0.36,0.37,0.64,4,9,
KXNFLRSHYDS-26SEP27NYJDET-NYJBHALL20-60,26SEP27NYJDET,Breece Hall,8155,RB,rushing yards,THRESHOLD,60+,63.93,0.4784,0.49,0.50,0.51,799,98,
KXNFLRSHYDS-26SEP27NYJDET-NYJBHALL20-50,26SEP27NYJDET,Breece Hall,8155,RB,rushing yards,THRESHOLD,50+,63.93,0.5782,0.60,0.61,0.40,20,25,
KXNFLRSHYDS-26SEP27NYJDET-NYJBHALL20-40,26SEP27NYJDET,Breece Hall,8155,RB,rushing yards,THRESHOLD,40+,63.93,0.7196,0.71,0.72,0.29,20,1,
KXNFLRSHYDS-26SEP27NYJDET-NYJBHALL20-30,26SEP27NYJDET,Breece Hall,8155,RB,rushing yards,THRESHOLD,30+,63.93,0.8295,0.83,0.85,0.17,200,1,
KXNFLRSHYDS-26SEP27NYJDET-NYJBHALL20-130,26SEP27NYJDET,Breece Hall,8155,RB,rushing yards,THRESHOLD,130+,63.93,0.0657,0.02,0.05,0.98,200,8,
KXNFLRSHYDS-26SEP27NYJDET-NYJBHALL20-120,26SEP27NYJDET,Breece Hall,8155,RB,rushing yards,THRESHOLD,120+,63.93,0.0907,0.04,0.07,0.96,1905,2,
KXNFLRSHYDS-26SEP27NYJDET-NYJBHALL20-110,26SEP27NYJDET,Breece Hall,8155,RB,rushing yards,THRESHOLD,110+,63.93,0.1223,0.07,0.08,0.93,1000,34,
KXNFLRSHYDS-26SEP27NYJDET-NYJBHALL20-100,26SEP27NYJDET,Breece Hall,8155,RB,rushing yards,THRESHOLD,100+,63.93,0.1805,0.12,0.14,0.88,4,3,
KXNFLRSHYDS-26SEP27NYJDET-DETJGIBBS0-90,26SEP27NYJDET,Jahmyr Gibbs,9221,RB,rushing yards,THRESHOLD,90+,98.52,0.3952,0.49,0.50,0.51,267,5501,
KXNFLRSHYDS-26SEP27NYJDET-DETJGIBBS0-80,26SEP27NYJDET,Jahmyr Gibbs,9221,RB,rushing yards,THRESHOLD,80+,98.52,0.4884,0.58,0.60,0.42,2914,2040,
KXNFLRSHYDS-26SEP27NYJDET-DETJGIBBS0-70,26SEP27NYJDET,Jahmyr Gibbs,9221,RB,rushing yards,THRESHOLD,70+,98.52,0.5699,0.66,0.68,0.34,883,186,
KXNFLRSHYDS-26SEP27NYJDET-DETJGIBBS0-60,26SEP27NYJDET,Jahmyr Gibbs,9221,RB,rushing yards,THRESHOLD,60+,98.52,0.6764,0.75,0.76,0.25,9,66,
KXNFLRSHYDS-26SEP27NYJDET-DETJGIBBS0-50,26SEP27NYJDET,Jahmyr Gibbs,9221,RB,rushing yards,THRESHOLD,50+,98.52,0.7646,0.84,0.87,0.16,308,84,
KXNFLRSHYDS-26SEP27NYJDET-DETJGIBBS0-160,26SEP27NYJDET,Jahmyr Gibbs,9221,RB,rushing yards,THRESHOLD,160+,98.52,0.0607,0.06,0.07,0.94,1671,15,
KXNFLRSHYDS-26SEP27NYJDET-DETJGIBBS0-150,26SEP27NYJDET,Jahmyr Gibbs,9221,RB,rushing yards,THRESHOLD,150+,98.52,0.0774,0.09,0.11,0.91,17115,2,
KXNFLRSHYDS-26SEP27NYJDET-DETJGIBBS0-140,26SEP27NYJDET,Jahmyr Gibbs,9221,RB,rushing yards,THRESHOLD,140+,98.52,0.1123,0.12,0.13,0.88,999,6,
KXNFLRSHYDS-26SEP27NYJDET-DETJGIBBS0-130,26SEP27NYJDET,Jahmyr Gibbs,9221,RB,rushing yards,THRESHOLD,130+,98.52,0.1389,0.17,0.18,0.83,1869,2,
KXNFLRSHYDS-26SEP27NYJDET-DETJGIBBS0-120,26SEP27NYJDET,Jahmyr Gibbs,9221,RB,rushing yards,THRESHOLD,120+,98.52,0.1805,0.21,0.22,0.79,1246,30,
KXNFLRSHYDS-26SEP27NYJDET-DETJGIBBS0-110,26SEP27NYJDET,Jahmyr Gibbs,9221,RB,rushing yards,THRESHOLD,110+,98.52,0.2354,0.29,0.31,0.71,1,2,
KXNFLRSHYDS-26SEP27NYJDET-DETJGIBBS0-100,26SEP27NYJDET,Jahmyr Gibbs,9221,RB,rushing yards,THRESHOLD,100+,98.52,0.3186,0.38,0.39,0.62,1,20,
KXNFLRSHYDS-26SEP27CINPIT-CINCBROWN30-90,26SEP27CINPIT,Chase Brown,9224,RB,rushing yards,THRESHOLD,90+,62.95,0.2105,0.22,0.23,0.78,200,780,
KXNFLRSHYDS-26SEP27CINPIT-CINCBROWN30-80,26SEP27CINPIT,Chase Brown,9224,RB,rushing yards,THRESHOLD,80+,62.95,0.2621,0.30,0.32,0.70,2667,104,
KXNFLRSHYDS-26SEP27CINPIT-CINCBROWN30-70,26SEP27CINPIT,Chase Brown,9224,RB,rushing yards,THRESHOLD,70+,62.95,0.3519,0.41,0.42,0.59,4,6,
KXNFLRSHYDS-26SEP27CINPIT-CINCBROWN30-60,26SEP27CINPIT,Chase Brown,9224,RB,rushing yards,THRESHOLD,60+,62.95,0.4634,0.54,0.55,0.46,2037,83,
KXNFLRSHYDS-26SEP27CINPIT-CINCBROWN30-50,26SEP27CINPIT,Chase Brown,9224,RB,rushing yards,THRESHOLD,50+,62.95,0.5732,0.65,0.66,0.35,2024,25,
KXNFLRSHYDS-26SEP27CINPIT-CINCBROWN30-40,26SEP27CINPIT,Chase Brown,9224,RB,rushing yards,THRESHOLD,40+,62.95,0.7180,0.77,0.78,0.23,20,8,
KXNFLRSHYDS-26SEP27CINPIT-CINCBROWN30-130,26SEP27CINPIT,Chase Brown,9224,RB,rushing yards,THRESHOLD,130+,62.95,0.0607,0.02,0.05,0.98,4,4,
KXNFLRSHYDS-26SEP27CINPIT-CINCBROWN30-120,26SEP27CINPIT,Chase Brown,9224,RB,rushing yards,THRESHOLD,120+,62.95,0.0857,0.04,0.08,0.96,1753,8,
KXNFLRSHYDS-26SEP27CINPIT-CINCBROWN30-110,26SEP27CINPIT,Chase Brown,9224,RB,rushing yards,THRESHOLD,110+,62.95,0.1140,0.09,0.12,0.91,7004,2,
KXNFLRSHYDS-26SEP27CINPIT-CINCBROWN30-100,26SEP27CINPIT,Chase Brown,9224,RB,rushing yards,THRESHOLD,100+,62.95,0.1639,0.14,0.15,0.86,4,6,
KXNFLRSHYDS-26SEP27LARDEN-LARMSTAFFORD9-15,26SEP27LARDEN,Matthew Stafford,421,QB,rushing yards,THRESHOLD,15+,4.03,0.1323,0.05,0.07,0.95,230,2,
KXNFLRSHYDS-26SEP27LARDEN-LARMSTAFFORD9-10,26SEP27LARDEN,Matthew Stafford,421,QB,rushing yards,THRESHOLD,10+,4.03,0.2288,0.11,0.13,0.89,1721,3,
KXNFLRSHYDS-26SEP27LARDEN-LARKWILLIAMS23-90,26SEP27LARDEN,Kyren Williams,8150,RB,rushing yards,THRESHOLD,90+,62.90,0.2121,0.13,0.17,0.87,16464,2,
KXNFLRSHYDS-26SEP27LARDEN-LARKWILLIAMS23-80,26SEP27LARDEN,Kyren Williams,8150,RB,rushing yards,THRESHOLD,80+,62.90,0.2671,0.20,0.22,0.80,204,2,
KXNFLRSHYDS-26SEP27LARDEN-LARKWILLIAMS23-70,26SEP27LARDEN,Kyren Williams,8150,RB,rushing yards,THRESHOLD,70+,62.90,0.3569,0.30,0.31,0.70,200,7,
KXNFLRSHYDS-26SEP27LARDEN-LARKWILLIAMS23-60,26SEP27LARDEN,Kyren Williams,8150,RB,rushing yards,THRESHOLD,60+,62.90,0.4651,0.42,0.43,0.58,760,81,
KXNFLRSHYDS-26SEP27LARDEN-LARKWILLIAMS23-50,26SEP27LARDEN,Kyren Williams,8150,RB,rushing yards,THRESHOLD,50+,62.90,0.5749,0.57,0.58,0.43,5751,100,
KXNFLRSHYDS-26SEP27LARDEN-LARKWILLIAMS23-40,26SEP27LARDEN,Kyren Williams,8150,RB,rushing yards,THRESHOLD,40+,62.90,0.7196,0.66,0.68,0.34,4,7,
KXNFLRSHYDS-26SEP27LARDEN-LARKWILLIAMS23-30,26SEP27LARDEN,Kyren Williams,8150,RB,rushing yards,THRESHOLD,30+,62.90,0.8328,0.77,0.82,0.23,200,58,
KXNFLRSHYDS-26SEP27LARDEN-LARKWILLIAMS23-130,26SEP27LARDEN,Kyren Williams,8150,RB,rushing yards,THRESHOLD,130+,62.90,0.0607,0.02,0.04,0.98,4,4,
KXNFLRSHYDS-26SEP27LARDEN-LARKWILLIAMS23-120,26SEP27LARDEN,Kyren Williams,8150,RB,rushing yards,THRESHOLD,120+,62.90,0.0857,0.02,0.06,0.98,5364,4,
KXNFLRSHYDS-26SEP27LARDEN-LARKWILLIAMS23-110,26SEP27LARDEN,Kyren Williams,8150,RB,rushing yards,THRESHOLD,110+,62.90,0.1156,0.04,0.08,0.96,4,25,
KXNFLRSHYDS-26SEP27LARDEN-LARKWILLIAMS23-100,26SEP27LARDEN,Kyren Williams,8150,RB,rushing yards,THRESHOLD,100+,62.90,0.1656,0.10,0.11,0.90,5,25,
KXNFLRSHYDS-26SEP27LARDEN-LARBCORUM24-90,26SEP27LARDEN,Blake Corum,11586,RB,rushing yards,THRESHOLD,90+,49.95,0.1290,0.07,0.11,0.93,4,30,
KXNFLRSHYDS-26SEP27LARDEN-LARBCORUM24-80,26SEP27LARDEN,Blake Corum,11586,RB,rushing yards,THRESHOLD,80+,49.95,0.1872,0.09,0.16,0.91,4,2,
KXNFLRSHYDS-26SEP27LARDEN-LARBCORUM24-70,26SEP27LARDEN,Blake Corum,11586,RB,rushing yards,THRESHOLD,70+,49.95,0.2604,0.22,0.24,0.78,10740,150,
KXNFLRSHYDS-26SEP27LARDEN-LARBCORUM24-60,26SEP27LARDEN,Blake Corum,11586,RB,rushing yards,THRESHOLD,60+,49.95,0.3403,0.32,0.33,0.68,11421,100,
KXNFLRSHYDS-26SEP27LARDEN-LARBCORUM24-50,26SEP27LARDEN,Blake Corum,11586,RB,rushing yards,THRESHOLD,50+,49.95,0.4484,0.45,0.46,0.55,1847,29,
KXNFLRSHYDS-26SEP27LARDEN-LARBCORUM24-40,26SEP27LARDEN,Blake Corum,11586,RB,rushing yards,THRESHOLD,40+,49.95,0.5882,0.61,0.62,0.39,760,100,
KXNFLRSHYDS-26SEP27LARDEN-LARBCORUM24-30,26SEP27LARDEN,Blake Corum,11586,RB,rushing yards,THRESHOLD,30+,49.95,0.7246,0.71,0.75,0.29,200,33,
KXNFLRSHYDS-26SEP27LARDEN-LARBCORUM24-25,26SEP27LARDEN,Blake Corum,11586,RB,rushing yards,THRESHOLD,25+,49.95,0.7895,0.78,0.81,0.22,210,2,
KXNFLRSHYDS-26SEP27LARDEN-LARBCORUM24-110,26SEP27LARDEN,Blake Corum,11586,RB,rushing yards,THRESHOLD,110+,49.95,0.0607,0.02,0.05,0.98,5,4,
KXNFLRSHYDS-26SEP27LARDEN-LARBCORUM24-100,26SEP27LARDEN,Blake Corum,11586,RB,rushing yards,THRESHOLD,100+,49.95,0.0907,0.05,0.08,0.95,4,30,
KXNFLRSHYDS-26SEP27LARDEN-DENBNIX10-60,26SEP27LARDEN,Bo Nix,11563,QB,rushing yards,THRESHOLD,60+,20.49,0.0308,0.03,0.05,0.97,5447,30,
KXNFLRSHYDS-26SEP27LARDEN-DENBNIX10-50,26SEP27LARDEN,Bo Nix,11563,QB,rushing yards,THRESHOLD,50+,20.49,0.0657,0.03,0.06,0.97,4,25,
KXNFLRSHYDS-26SEP27LARDEN-DENBNIX10-40,26SEP27LARDEN,Bo Nix,11563,QB,rushing yards,THRESHOLD,40+,20.49,0.1290,0.10,0.12,0.90,8,2,
KXNFLRSHYDS-26SEP27LARDEN-DENBNIX10-30,26SEP27LARDEN,Bo Nix,11563,QB,rushing yards,THRESHOLD,30+,20.49,0.2404,0.19,0.22,0.81,200,2,
KXNFLRSHYDS-26SEP27LARDEN-DENBNIX10-25,26SEP27LARDEN,Bo Nix,11563,QB,rushing yards,THRESHOLD,25+,20.49,0.3220,0.19,0.30,0.81,4,2,
KXNFLRSHYDS-26SEP27LARDEN-DENBNIX10-20,26SEP27LARDEN,Bo Nix,11563,QB,rushing yards,THRESHOLD,20+,20.49,0.4301,0.38,0.41,0.62,4,5,
KXNFLRSHYDS-26SEP27LARDEN-DENBNIX10-15,26SEP27LARDEN,Bo Nix,11563,QB,rushing yards,THRESHOLD,15+,20.49,0.5233,0.54,0.55,0.46,200,1,
KXNFLRSHYDS-26SEP27LARDEN-DENBNIX10-10,26SEP27LARDEN,Bo Nix,11563,QB,rushing yards,THRESHOLD,10+,20.49,0.6381,0.67,0.70,0.33,4704,8,
KXNFLRSHYDS-26SEP27NEJAC-NETHENDERSON32-90,26SEP27NEJAC,TreVeyon Henderson,12529,RB,rushing yards,THRESHOLD,90+,54.54,0.1689,0.06,0.09,0.94,4,25,
KXNFLRSHYDS-26SEP27NEJAC-NETHENDERSON32-80,26SEP27NEJAC,TreVeyon Henderson,12529,RB,rushing yards,THRESHOLD,80+,54.54,0.2354,0.11,0.12,0.89,3,2,
KXNFLRSHYDS-26SEP27NEJAC-NETHENDERSON32-70,26SEP27NEJAC,TreVeyon Henderson,12529,RB,rushing yards,THRESHOLD,70+,54.54,0.3136,0.17,0.18,0.83,3,18,
KXNFLRSHYDS-26SEP27NEJAC-NETHENDERSON32-60,26SEP27NEJAC,TreVeyon Henderson,12529,RB,rushing yards,THRESHOLD,60+,54.54,0.4368,0.26,0.27,0.74,193,15,
KXNFLRSHYDS-26SEP27NEJAC-NETHENDERSON32-50,26SEP27NEJAC,TreVeyon Henderson,12529,RB,rushing yards,THRESHOLD,50+,54.54,0.5815,0.36,0.37,0.64,1,3,
KXNFLRSHYDS-26SEP27NEJAC-NETHENDERSON32-40,26SEP27NEJAC,TreVeyon Henderson,12529,RB,rushing yards,THRESHOLD,40+,54.54,0.6647,0.52,0.53,0.48,7479,2220,
KXNFLRSHYDS-26SEP27NEJAC-NETHENDERSON32-30,26SEP27NEJAC,TreVeyon Henderson,12529,RB,rushing yards,THRESHOLD,30+,54.54,0.7895,0.65,0.66,0.35,12030,50,
KXNFLRSHYDS-26SEP27NEJAC-NETHENDERSON32-25,26SEP27NEJAC,TreVeyon Henderson,12529,RB,rushing yards,THRESHOLD,25+,54.54,0.8428,0.72,0.73,0.28,3,50,
KXNFLRSHYDS-26SEP27NEJAC-NETHENDERSON32-20,26SEP27NEJAC,TreVeyon Henderson,12529,RB,rushing yards,THRESHOLD,20+,54.54,0.8760,0.79,0.80,0.21,11,74,
KXNFLRSHYDS-26SEP27NEJAC-NETHENDERSON32-100,26SEP27NEJAC,TreVeyon Henderson,12529,RB,rushing yards,THRESHOLD,100+,54.54,0.1256,0.05,0.06,0.95,200,30,
KXNFLRSHYDS-26SEP27NEJAC-NERSTEVENSON38-90,26SEP27NEJAC,Rhamondre Stevenson,7611,RB,rushing yards,THRESHOLD,90+,37.12,0.0691,0.03,0.04,0.97,4,33,
KXNFLRSHYDS-26SEP27NEJAC-NERSTEVENSON38-80,26SEP27NEJAC,Rhamondre Stevenson,7611,RB,rushing yards,THRESHOLD,80+,37.12,0.1040,0.06,0.07,0.94,2075,25,
KXNFLRSHYDS-26SEP27NEJAC-NERSTEVENSON38-70,26SEP27NEJAC,Rhamondre Stevenson,7611,RB,rushing yards,THRESHOLD,70+,37.12,0.1423,0.10,0.11,0.90,1123,59,
KXNFLRSHYDS-26SEP27NEJAC-NERSTEVENSON38-60,26SEP27NEJAC,Rhamondre Stevenson,7611,RB,rushing yards,THRESHOLD,60+,37.12,0.2088,0.17,0.18,0.83,1,6,
KXNFLRSHYDS-26SEP27NEJAC-NERSTEVENSON38-50,26SEP27NEJAC,Rhamondre Stevenson,7611,RB,rushing yards,THRESHOLD,50+,37.12,0.2920,0.27,0.28,0.73,4,10,
KXNFLRSHYDS-26SEP27NEJAC-NERSTEVENSON38-40,26SEP27NEJAC,Rhamondre Stevenson,7611,RB,rushing yards,THRESHOLD,40+,37.12,0.4035,0.39,0.40,0.61,318,2250,
KXNFLRSHYDS-26SEP27NEJAC-NERSTEVENSON38-30,26SEP27NEJAC,Rhamondre Stevenson,7611,RB,rushing yards,THRESHOLD,30+,37.12,0.5300,0.56,0.57,0.44,796,1986,
KXNFLRSHYDS-26SEP27NEJAC-NERSTEVENSON38-25,26SEP27NEJAC,Rhamondre Stevenson,7611,RB,rushing yards,THRESHOLD,25+,37.12,0.5965,0.64,0.67,0.36,1,533,
KXNFLRSHYDS-26SEP27NEJAC-NERSTEVENSON38-20,26SEP27NEJAC,Rhamondre Stevenson,7611,RB,rushing yards,THRESHOLD,20+,37.12,0.6780,0.74,0.76,0.26,4,54,
KXNFLRSHYDS-26SEP27NEJAC-NERSTEVENSON38-100,26SEP27NEJAC,Rhamondre Stevenson,7611,RB,rushing yards,THRESHOLD,100+,37.12,0.0524,0.02,0.04,0.98,7304,4,
KXNFLRSHYDS-26SEP27NEJAC-NEDMAYE10-70,26SEP27NEJAC,Drake Maye,11564,QB,rushing yards,THRESHOLD,70+,29.98,0.0374,0.03,0.07,0.97,27804,25,
KXNFLRSHYDS-26SEP27NEJAC-NEDMAYE10-60,26SEP27NEJAC,Drake Maye,11564,QB,rushing yards,THRESHOLD,60+,29.98,0.0790,0.08,0.09,0.92,20,2,
KXNFLRSHYDS-26SEP27NEJAC-NEDMAYE10-50,26SEP27NEJAC,Drake Maye,11564,QB,rushing yards,THRESHOLD,50+,29.98,0.1556,0.14,0.15,0.86,188,10,
KXNFLRSHYDS-26SEP27NEJAC-NEDMAYE10-40,26SEP27NEJAC,Drake Maye,11564,QB,rushing yards,THRESHOLD,40+,29.98,0.2720,0.25,0.27,0.75,24,4,
KXNFLRSHYDS-26SEP27NEJAC-NEDMAYE10-30,26SEP27NEJAC,Drake Maye,11564,QB,rushing yards,THRESHOLD,30+,29.98,0.3869,0.42,0.43,0.58,220,31,
KXNFLRSHYDS-26SEP27NEJAC-NEDMAYE10-25,26SEP27NEJAC,Drake Maye,11564,QB,rushing yards,THRESHOLD,25+,29.98,0.4717,0.52,0.55,0.48,15021,80,
KXNFLRSHYDS-26SEP27NEJAC-NEDMAYE10-20,26SEP27NEJAC,Drake Maye,11564,QB,rushing yards,THRESHOLD,20+,29.98,0.5732,0.62,0.64,0.38,20,26,
KXNFLRSHYDS-26SEP27NEJAC-NEDMAYE10-15,26SEP27NEJAC,Drake Maye,11564,QB,rushing yards,THRESHOLD,15+,29.98,0.6614,0.73,0.76,0.27,1001,3,
KXNFLRSHYDS-26SEP27NEJAC-NEDMAYE10-10,26SEP27NEJAC,Drake Maye,11564,QB,rushing yards,THRESHOLD,10+,29.98,0.7612,0.85,0.86,0.15,3004,10,
KXNFLRSHYDS-26SEP27NEJAC-JACTLAWRENCE16-50,26SEP27NEJAC,Trevor Lawrence,7523,QB,rushing yards,THRESHOLD,50+,18.82,0.0591,0.05,0.07,0.95,23200,2,
KXNFLRSHYDS-26SEP27NEJAC-JACTLAWRENCE16-40,26SEP27NEJAC,Trevor Lawrence,7523,QB,rushing yards,THRESHOLD,40+,18.82,0.1156,0.09,0.11,0.91,4,2,
KXNFLRSHYDS-26SEP27NEJAC-JACTLAWRENCE16-30,26SEP27NEJAC,Trevor Lawrence,7523,QB,rushing yards,THRESHOLD,30+,18.82,0.2288,0.19,0.21,0.81,24,60,
KXNFLRSHYDS-26SEP27NEJAC-JACTLAWRENCE16-25,26SEP27NEJAC,Trevor Lawrence,7523,QB,rushing yards,THRESHOLD,25+,18.82,0.3053,0.29,0.30,0.71,24,8,
KXNFLRSHYDS-26SEP27NEJAC-JACTLAWRENCE16-20,26SEP27NEJAC,Trevor Lawrence,7523,QB,rushing yards,THRESHOLD,20+,18.82,0.4085,0.39,0.40,0.61,24,2,
KXNFLRSHYDS-26SEP27NEJAC-JACTLAWRENCE16-15,26SEP27NEJAC,Trevor Lawrence,7523,QB,rushing yards,THRESHOLD,15+,18.82,0.5033,0.53,0.54,0.47,20,1,
KXNFLRSHYDS-26SEP27NEJAC-JACTLAWRENCE16-10,26SEP27NEJAC,Trevor Lawrence,7523,QB,rushing yards,THRESHOLD,10+,18.82,0.6098,0.67,0.68,0.33,56,2,
KXNFLRSHYDS-26SEP27NEJAC-JACCRODRIGUEZ24-70,26SEP27NEJAC,Chris Rodriguez Jr.,10219,RB,rushing yards,THRESHOLD,70+,22.57,0.0441,0.02,0.06,0.98,4975,4,
KXNFLRSHYDS-26SEP27NEJAC-JACCRODRIGUEZ24-60,26SEP27NEJAC,Chris Rodriguez Jr.,10219,RB,rushing yards,THRESHOLD,60+,22.57,0.0790,0.05,0.09,0.95,27041,25,
KXNFLRSHYDS-26SEP27NEJAC-JACCRODRIGUEZ24-50,26SEP27NEJAC,Chris Rodriguez Jr.,10219,RB,rushing yards,THRESHOLD,50+,22.57,0.1190,0.13,0.14,0.87,24780,7,
KXNFLRSHYDS-26SEP27NEJAC-JACCRODRIGUEZ24-40,26SEP27NEJAC,Chris Rodriguez Jr.,10219,RB,rushing yards,THRESHOLD,40+,22.57,0.1822,0.18,0.20,0.82,204,5,
KXNFLRSHYDS-26SEP27NEJAC-JACCRODRIGUEZ24-30,26SEP27NEJAC,Chris Rodriguez Jr.,10219,RB,rushing yards,THRESHOLD,30+,22.57,0.2837,0.29,0.31,0.71,20,2,
KXNFLRSHYDS-26SEP27NEJAC-JACCRODRIGUEZ24-25,26SEP27NEJAC,Chris Rodriguez Jr.,10219,RB,rushing yards,THRESHOLD,25+,22.57,0.3552,0.38,0.41,0.62,204,2,
KXNFLRSHYDS-26SEP27NEJAC-JACCRODRIGUEZ24-20,26SEP27NEJAC,Chris Rodriguez Jr.,10219,RB,rushing yards,THRESHOLD,20+,22.57,0.4551,0.50,0.51,0.50,2026,2,
KXNFLRSHYDS-26SEP27NEJAC-JACCRODRIGUEZ24-15,26SEP27NEJAC,Chris Rodriguez Jr.,10219,RB,rushing yards,THRESHOLD,15+,22.57,0.5582,0.61,0.63,0.39,200,1,
KXNFLRSHYDS-26SEP27NEJAC-JACCRODRIGUEZ24-10,26SEP27NEJAC,Chris Rodriguez Jr.,10219,RB,rushing yards,THRESHOLD,10+,22.57,0.6697,0.72,0.76,0.28,5504,20,
KXNFLRSHYDS-26SEP27NEJAC-JACBTUTEN33-90,26SEP27NEJAC,Bhayshul Tuten,12490,RB,rushing yards,THRESHOLD,90+,50.07,0.1339,0.12,0.13,0.88,2,2,
KXNFLRSHYDS-26SEP27NEJAC-JACBTUTEN33-80,26SEP27NEJAC,Bhayshul Tuten,12490,RB,rushing yards,THRESHOLD,80+,50.07,0.1905,0.17,0.18,0.83,2,25,
KXNFLRSHYDS-26SEP27NEJAC-JACBTUTEN33-70,26SEP27NEJAC,Bhayshul Tuten,12490,RB,rushing yards,THRESHOLD,70+,50.07,0.2621,0.26,0.27,0.74,2,22,
KXNFLRSHYDS-26SEP27NEJAC-JACBTUTEN33-60,26SEP27NEJAC,Bhayshul Tuten,12490,RB,rushing yards,THRESHOLD,60+,50.07,0.3419,0.36,0.38,0.64,21,10,
KXNFLRSHYDS-26SEP27NEJAC-JACBTUTEN33-55,26SEP27NEJAC,Bhayshul Tuten,12490,RB,rushing yards,THRESHOLD,55+,50.07,0.3952,0.46,0.47,0.54,2,13,
KXNFLRSHYDS-26SEP27NEJAC-JACBTUTEN33-50,26SEP27NEJAC,Bhayshul Tuten,12490,RB,rushing yards,THRESHOLD,50+,50.07,0.4517,0.50,0.52,0.50,2036,25,
KXNFLRSHYDS-26SEP27NEJAC-JACBTUTEN33-40,26SEP27NEJAC,Bhayshul Tuten,12490,RB,rushing yards,THRESHOLD,40+,50.07,0.5948,0.63,0.64,0.37,21,2,
KXNFLRSHYDS-26SEP27NEJAC-JACBTUTEN33-30,26SEP27NEJAC,Bhayshul Tuten,12490,RB,rushing yards,THRESHOLD,30+,50.07,0.7313,0.77,0.78,0.23,20,5,
KXNFLRSHYDS-26SEP27NEJAC-JACBTUTEN33-120,26SEP27NEJAC,Bhayshul Tuten,12490,RB,rushing yards,THRESHOLD,120+,50.07,0.0408,0.02,0.05,0.98,6556,4,
KXNFLRSHYDS-26SEP27NEJAC-JACBTUTEN33-110,26SEP27NEJAC,Bhayshul Tuten,12490,RB,rushing yards,THRESHOLD,110+,50.07,0.0641,0.05,0.08,0.95,34195,2,
KXNFLRSHYDS-26SEP27NEJAC-JACBTUTEN33-100,26SEP27NEJAC,Bhayshul Tuten,12490,RB,rushing yards,THRESHOLD,100+,50.07,0.0957,0.07,0.10,0.93,5502,8,
KXNFLRSHYDS-26SEP27LACBUF-LACOHAMPTON8-130,26SEP27LACBUF,Omarion Hampton,12507,RB,rushing yards,THRESHOLD,130+,65.53,0.0607,0.05,0.06,0.95,20907,30,
KXNFLRSHYDS-26SEP27LACBUF-LACOHAMPTON8-120,26SEP27LACBUF,Omarion Hampton,12507,RB,rushing yards,THRESHOLD,120+,65.53,0.0840,0.04,0.06,0.96,4,2,
KXNFLRSHYDS-26SEP27LACBUF-LACOHAMPTON8-110,26SEP27LACBUF,Omarion Hampton,12507,RB,rushing yards,THRESHOLD,110+,65.53,0.1106,0.08,0.09,0.92,2196,33,
KXNFLRSHYDS-26SEP27LACBUF-LACOHAMPTON8-100,26SEP27LACBUF,Omarion Hampton,12507,RB,rushing yards,THRESHOLD,100+,65.53,0.1689,0.12,0.13,0.88,4,25,
KXNFLRSHYDS-26SEP27LACBUF-LACOHAMPTON8-90,26SEP27LACBUF,Omarion Hampton,12507,RB,rushing yards,THRESHOLD,90+,65.53,0.2188,0.17,0.18,0.83,4,2,
KXNFLRSHYDS-26SEP27LACBUF-LACOHAMPTON8-80,26SEP27LACBUF,Omarion Hampton,12507,RB,rushing yards,THRESHOLD,80+,65.53,0.2854,0.26,0.27,0.74,4725,19,
KXNFLRSHYDS-26SEP27LACBUF-LACOHAMPTON8-70,26SEP27LACBUF,Omarion Hampton,12507,RB,rushing yards,THRESHOLD,70+,65.53,0.3719,0.34,0.35,0.66,70,38,
KXNFLRSHYDS-26SEP27LACBUF-LACOHAMPTON8-60,26SEP27LACBUF,Omarion Hampton,12507,RB,rushing yards,THRESHOLD,60+,65.53,0.4850,0.45,0.46,0.55,15768,12189,
KXNFLRSHYDS-26SEP27LACBUF-LACOHAMPTON8-50,26SEP27LACBUF,Omarion Hampton,12507,RB,rushing yards,THRESHOLD,50+,65.53,0.6048,0.59,0.60,0.41,20,8,
KXNFLRSHYDS-26SEP27LACBUF-LACOHAMPTON8-40,26SEP27LACBUF,Omarion Hampton,12507,RB,rushing yards,THRESHOLD,40+,65.53,0.7213,0.70,0.71,0.30,795,398,
KXNFLRSHYDS-26SEP27LACBUF-LACOHAMPTON8-30,26SEP27LACBUF,Omarion Hampton,12507,RB,rushing yards,THRESHOLD,30+,65.53,0.8394,0.82,0.84,0.18,1816,54,
KXNFLRSHYDS-26SEP27BALDAL-DALJWILLIAMS33-90,26SEP27BALDAL,Javonte Williams,7588,RB,rushing yards,THRESHOLD,90+,59.12,0.1789,0.17,0.19,0.83,220,24,
KXNFLRSHYDS-26SEP27BALDAL-DALJWILLIAMS33-80,26SEP27BALDAL,Javonte Williams,7588,RB,rushing yards,THRESHOLD,80+,59.12,0.2371,0.25,0.26,0.75,200,3,
KXNFLRSHYDS-26SEP27BALDAL-DALJWILLIAMS33-70,26SEP27BALDAL,Javonte Williams,7588,RB,rushing yards,THRESHOLD,70+,59.12,0.3319,0.34,0.36,0.66,1761,2,
KXNFLRSHYDS-26SEP27BALDAL-DALJWILLIAMS33-60,26SEP27BALDAL,Javonte Williams,7588,RB,rushing yards,THRESHOLD,60+,59.12,0.4534,0.44,0.45,0.56,3025,5898,
KXNFLRSHYDS-26SEP27BALDAL-DALJWILLIAMS33-50,26SEP27BALDAL,Javonte Williams,7588,RB,rushing yards,THRESHOLD,50+,59.12,0.5715,0.58,0.60,0.42,2010,1,
KXNFLRSHYDS-26SEP27BALDAL-DALJWILLIAMS33-40,26SEP27BALDAL,Javonte Williams,7588,RB,rushing yards,THRESHOLD,40+,59.12,0.6963,0.70,0.74,0.30,1090,51,
KXNFLRSHYDS-26SEP27BALDAL-DALJWILLIAMS33-30,26SEP27BALDAL,Javonte Williams,7588,RB,rushing yards,THRESHOLD,30+,59.12,0.8045,0.82,0.85,0.18,671,51,
KXNFLRSHYDS-26SEP27BALDAL-DALJWILLIAMS33-130,26SEP27BALDAL,Javonte Williams,7588,RB,rushing yards,THRESHOLD,130+,59.12,0.0441,0.03,0.04,0.97,2500,2,
KXNFLRSHYDS-26SEP27BALDAL-DALJWILLIAMS33-120,26SEP27BALDAL,Javonte Williams,7588,RB,rushing yards,THRESHOLD,120+,59.12,0.0657,0.04,0.06,0.96,2504,2,
KXNFLRSHYDS-26SEP27BALDAL-DALJWILLIAMS33-110,26SEP27BALDAL,Javonte Williams,7588,RB,rushing yards,THRESHOLD,110+,59.12,0.0957,0.08,0.09,0.92,4,2,
KXNFLRSHYDS-26SEP27BALDAL-DALJWILLIAMS33-100,26SEP27BALDAL,Javonte Williams,7588,RB,rushing yards,THRESHOLD,100+,59.12,0.1306,0.11,0.13,0.89,4,2,
KXNFLRSHYDS-26SEP27BALDAL-DALDPRESCOTT4-40,26SEP27BALDAL,Dak Prescott,3294,QB,rushing yards,THRESHOLD,40+,10.86,0.0607,0.03,0.07,0.97,15804,25,
KXNFLRSHYDS-26SEP27BALDAL-DALDPRESCOTT4-30,26SEP27BALDAL,Dak Prescott,3294,QB,rushing yards,THRESHOLD,30+,10.86,0.1090,0.10,0.13,0.90,1000,2,
KXNFLRSHYDS-26SEP27BALDAL-DALDPRESCOTT4-25,26SEP27BALDAL,Dak Prescott,3294,QB,rushing yards,THRESHOLD,25+,10.86,0.1922,0.17,0.19,0.83,1004,2,
KXNFLRSHYDS-26SEP27BALDAL-DALDPRESCOTT4-20,26SEP27BALDAL,Dak Prescott,3294,QB,rushing yards,THRESHOLD,20+,10.86,0.2654,0.26,0.28,0.74,204,2,
KXNFLRSHYDS-26SEP27BALDAL-DALDPRESCOTT4-15,26SEP27BALDAL,Dak Prescott,3294,QB,rushing yards,THRESHOLD,15+,10.86,0.3436,0.41,0.42,0.59,717,2,
KXNFLRSHYDS-26SEP27BALDAL-DALDPRESCOTT4-10,26SEP27BALDAL,Dak Prescott,3294,QB,rushing yards,THRESHOLD,10+,10.86,0.4734,0.56,0.57,0.44,1,2,
KXNFLRSHYDS-26SEP27BALDAL-BALLJACKSON8-90,26SEP27BALDAL,Lamar Jackson,4881,QB,rushing yards,THRESHOLD,90+,52.46,0.0657,0.06,0.07,0.94,9866,15,
KXNFLRSHYDS-26SEP27BALDAL-BALLJACKSON8-80,26SEP27BALDAL,Lamar Jackson,4881,QB,rushing yards,THRESHOLD,80+,52.46,0.1090,0.09,0.10,0.91,4,11,
KXNFLRSHYDS-26SEP27BALDAL-BALLJACKSON8-70,26SEP27BALDAL,Lamar Jackson,4881,QB,rushing yards,THRESHOLD,70+,52.46,0.1589,0.14,0.15,0.86,11163,4,
KXNFLRSHYDS-26SEP27BALDAL-BALLJACKSON8-60,26SEP27BALDAL,Lamar Jackson,4881,QB,rushing yards,THRESHOLD,60+,52.46,0.2304,0.23,0.24,0.77,11449,1,
KXNFLRSHYDS-26SEP27BALDAL-BALLJACKSON8-50,26SEP27BALDAL,Lamar Jackson,4881,QB,rushing yards,THRESHOLD,50+,52.46,0.3319,0.34,0.35,0.66,11500,1,
KXNFLRSHYDS-26SEP27BALDAL-BALLJACKSON8-40,26SEP27BALDAL,Lamar Jackson,4881,QB,rushing yards,THRESHOLD,40+,52.46,0.4850,0.50,0.51,0.50,17907,50,
KXNFLRSHYDS-26SEP27BALDAL-BALLJACKSON8-30,26SEP27BALDAL,Lamar Jackson,4881,QB,rushing yards,THRESHOLD,30+,52.46,0.6314,0.66,0.67,0.34,3222,5,
KXNFLRSHYDS-26SEP27BALDAL-BALLJACKSON8-25,26SEP27BALDAL,Lamar Jackson,4881,QB,rushing yards,THRESHOLD,25+,52.46,0.7013,0.71,0.73,0.29,200,2,
KXNFLRSHYDS-26SEP27BALDAL-BALLJACKSON8-20,26SEP27BALDAL,Lamar Jackson,4881,QB,rushing yards,THRESHOLD,20+,52.46,0.7696,0.78,0.80,0.22,120,75,
KXNFLRSHYDS-26SEP27BALDAL-BALLJACKSON8-15,26SEP27BALDAL,Lamar Jackson,4881,QB,rushing yards,THRESHOLD,15+,52.46,0.8245,0.84,0.86,0.16,29,13,
KXNFLRSHYDS-26SEP27BALDAL-BALDHENRY22-90,26SEP27BALDAL,Derrick Henry,3198,RB,rushing yards,THRESHOLD,90+,98.28,0.3952,0.51,0.52,0.49,3206,61,
KXNFLRSHYDS-26SEP27BALDAL-BALDHENRY22-80,26SEP27BALDAL,Derrick Henry,3198,RB,rushing yards,THRESHOLD,80+,98.28,0.4884,0.59,0.60,0.41,2221,3,
KXNFLRSHYDS-26SEP27BALDAL-BALDHENRY22-70,26SEP27BALDAL,Derrick Henry,3198,RB,rushing yards,THRESHOLD,70+,98.28,0.5699,0.67,0.68,0.33,20,2,
KXNFLRSHYDS-26SEP27BALDAL-BALDHENRY22-60,26SEP27BALDAL,Derrick Henry,3198,RB,rushing yards,THRESHOLD,60+,98.28,0.6764,0.76,0.77,0.24,2053,4,
KXNFLRSHYDS-26SEP27BALDAL-BALDHENRY22-50,26SEP27BALDAL,Derrick Henry,3198,RB,rushing yards,THRESHOLD,50+,98.28,0.7646,0.85,0.86,0.15,985,2,
KXNFLRSHYDS-26SEP27BALDAL-BALDHENRY22-190,26SEP27BALDAL,Derrick Henry,3198,RB,rushing yards,THRESHOLD,190+,98.28,0.0241,0.02,0.04,0.98,3,5,
KXNFLRSHYDS-26SEP27BALDAL-BALDHENRY22-180,26SEP27BALDAL,Derrick Henry,3198,RB,rushing yards,THRESHOLD,180+,98.28,0.0341,0.02,0.06,0.98,4,4,
KXNFLRSHYDS-26SEP27BALDAL-BALDHENRY22-170,26SEP27BALDAL,Derrick Henry,3198,RB,rushing yards,THRESHOLD,170+,98.28,0.0458,0.06,0.07,0.94,1075,6,
KXNFLRSHYDS-26SEP27BALDAL-BALDHENRY22-160,26SEP27BALDAL,Derrick Henry,3198,RB,rushing yards,THRESHOLD,160+,98.28,0.0607,0.07,0.10,0.93,1424,10,
KXNFLRSHYDS-26SEP27BALDAL-BALDHENRY22-150,26SEP27BALDAL,Derrick Henry,3198,RB,rushing yards,THRESHOLD,150+,98.28,0.0774,0.12,0.13,0.88,11446,3,
KXNFLRSHYDS-26SEP27BALDAL-BALDHENRY22-140,26SEP27BALDAL,Derrick Henry,3198,RB,rushing yards,THRESHOLD,140+,98.28,0.1123,0.16,0.17,0.84,1602,4,
KXNFLRSHYDS-26SEP27BALDAL-BALDHENRY22-130,26SEP27BALDAL,Derrick Henry,3198,RB,rushing yards,THRESHOLD,130+,98.28,0.1389,0.20,0.21,0.80,11,8,
KXNFLRSHYDS-26SEP27BALDAL-BALDHENRY22-120,26SEP27BALDAL,Derrick Henry,3198,RB,rushing yards,THRESHOLD,120+,98.28,0.1805,0.27,0.28,0.73,982,4,
KXNFLRSHYDS-26SEP27BALDAL-BALDHENRY22-110,26SEP27BALDAL,Derrick Henry,3198,RB,rushing yards,THRESHOLD,110+,98.28,0.2354,0.32,0.34,0.68,12497,2,
KXNFLRSHYDS-26SEP27BALDAL-BALDHENRY22-100,26SEP27BALDAL,Derrick Henry,3198,RB,rushing yards,THRESHOLD,100+,98.28,0.3186,0.41,0.42,0.59,11964,18,
KXNFLRSHYDS-26SEP27LACBUF-BUFJALLEN17-90,26SEP27LACBUF,Josh Allen,4984,QB,rushing yards,THRESHOLD,90+,35.57,0.0158,0.03,0.06,0.97,20710,30,
KXNFLRSHYDS-26SEP27LACBUF-BUFJALLEN17-80,26SEP27LACBUF,Josh Allen,4984,QB,rushing yards,THRESHOLD,80+,35.57,0.0374,0.05,0.08,0.95,15504,30,
KXNFLRSHYDS-26SEP27LACBUF-BUFJALLEN17-70,26SEP27LACBUF,Josh Allen,4984,QB,rushing yards,THRESHOLD,70+,35.57,0.0707,0.10,0.11,0.90,16355,15,
KXNFLRSHYDS-26SEP27LACBUF-BUFJALLEN17-60,26SEP27LACBUF,Josh Allen,4984,QB,rushing yards,THRESHOLD,60+,35.57,0.1256,0.16,0.17,0.84,16020,25,
KXNFLRSHYDS-26SEP27LACBUF-BUFJALLEN17-50,26SEP27LACBUF,Josh Allen,4984,QB,rushing yards,THRESHOLD,50+,35.57,0.2022,0.24,0.25,0.76,11000,30,
KXNFLRSHYDS-26SEP27LACBUF-BUFJALLEN17-40,26SEP27LACBUF,Josh Allen,4984,QB,rushing yards,THRESHOLD,40+,35.57,0.3403,0.39,0.40,0.61,16530,800,
KXNFLRSHYDS-26SEP27LACBUF-BUFJALLEN17-30,26SEP27LACBUF,Josh Allen,4984,QB,rushing yards,THRESHOLD,30+,35.57,0.4817,0.54,0.57,0.46,52,51,
KXNFLRSHYDS-26SEP27LACBUF-BUFJALLEN17-25,26SEP27LACBUF,Josh Allen,4984,QB,rushing yards,THRESHOLD,25+,35.57,0.5715,0.63,0.66,0.37,3504,18,
KXNFLRSHYDS-26SEP27LACBUF-BUFJALLEN17-20,26SEP27LACBUF,Josh Allen,4984,QB,rushing yards,THRESHOLD,20+,35.57,0.6614,0.71,0.74,0.29,2048,42,
KXNFLRSHYDS-26SEP27LACBUF-BUFJALLEN17-15,26SEP27LACBUF,Josh Allen,4984,QB,rushing yards,THRESHOLD,15+,35.57,0.7413,0.80,0.82,0.20,1,33,
KXNFLRSHYDS-26SEP27LACBUF-LACJHERBERT10-60,26SEP27LACBUF,Justin Herbert,6797,QB,rushing yards,THRESHOLD,60+,21.00,0.0308,0.02,0.05,0.98,11052,8,
KXNFLRSHYDS-26SEP27LACBUF-LACJHERBERT10-50,26SEP27LACBUF,Justin Herbert,6797,QB,rushing yards,THRESHOLD,50+,21.00,0.0657,0.06,0.08,0.94,9,5,
KXNFLRSHYDS-26SEP27LACBUF-LACJHERBERT10-40,26SEP27LACBUF,Justin Herbert,6797,QB,rushing yards,THRESHOLD,40+,21.00,0.1323,0.14,0.15,0.86,200,10,
KXNFLRSHYDS-26SEP27LACBUF-LACJHERBERT10-30,26SEP27LACBUF,Justin Herbert,6797,QB,rushing yards,THRESHOLD,30+,21.00,0.2421,0.28,0.29,0.72,16220,2,
KXNFLRSHYDS-26SEP27LACBUF-LACJHERBERT10-25,26SEP27LACBUF,Justin Herbert,6797,QB,rushing yards,THRESHOLD,25+,21.00,0.3220,0.37,0.39,0.63,12859,6,
KXNFLRSHYDS-26SEP27LACBUF-LACJHERBERT10-20,26SEP27LACBUF,Justin Herbert,6797,QB,rushing yards,THRESHOLD,20+,21.00,0.4235,0.50,0.51,0.50,3022,1525,
KXNFLRSHYDS-26SEP27LACBUF-LACJHERBERT10-15,26SEP27LACBUF,Justin Herbert,6797,QB,rushing yards,THRESHOLD,15+,21.00,0.5200,0.61,0.62,0.39,2030,3,
KXNFLRSHYDS-26SEP27LACBUF-LACJHERBERT10-10,26SEP27LACBUF,Justin Herbert,6797,QB,rushing yards,THRESHOLD,10+,21.00,0.6364,0.72,0.74,0.28,4,35,
KXNFLRSHYDS-26SEP27LACBUF-BUFJCOOK4-90,26SEP27LACBUF,James Cook III,8138,RB,rushing yards,THRESHOLD,90+,75.70,0.2970,0.38,0.40,0.62,220,2,
KXNFLRSHYDS-26SEP27LACBUF-BUFJCOOK4-80,26SEP27LACBUF,James Cook III,8138,RB,rushing yards,THRESHOLD,80+,75.70,0.3835,0.50,0.51,0.50,24427,1,
KXNFLRSHYDS-26SEP27LACBUF-BUFJCOOK4-70,26SEP27LACBUF,James Cook III,8138,RB,rushing yards,THRESHOLD,70+,75.70,0.4667,0.61,0.62,0.39,3107,1,
KXNFLRSHYDS-26SEP27LACBUF-BUFJCOOK4-60,26SEP27LACBUF,James Cook III,8138,RB,rushing yards,THRESHOLD,60+,75.70,0.5899,0.70,0.71,0.30,635,1,
KXNFLRSHYDS-26SEP27LACBUF-BUFJCOOK4-50,26SEP27LACBUF,James Cook III,8138,RB,rushing yards,THRESHOLD,50+,75.70,0.6830,0.80,0.82,0.20,673,8,
KXNFLRSHYDS-26SEP27LACBUF-BUFJCOOK4-160,26SEP27LACBUF,James Cook III,8138,RB,rushing yards,THRESHOLD,160+,75.70,0.0291,0.02,0.05,0.98,1052,133,
KXNFLRSHYDS-26SEP27LACBUF-BUFJCOOK4-150,26SEP27LACBUF,James Cook III,8138,RB,rushing yards,THRESHOLD,150+,75.70,0.0424,0.06,0.07,0.94,5575,4,
KXNFLRSHYDS-26SEP27LACBUF-BUFJCOOK4-140,26SEP27LACBUF,James Cook III,8138,RB,rushing yards,THRESHOLD,140+,75.70,0.0674,0.06,0.09,0.94,1004,2,
KXNFLRSHYDS-26SEP27LACBUF-BUFJCOOK4-130,26SEP27LACBUF,James Cook III,8138,RB,rushing yards,THRESHOLD,130+,75.70,0.0774,0.11,0.13,0.89,1816,3,
KXNFLRSHYDS-26SEP27LACBUF-BUFJCOOK4-120,26SEP27LACBUF,James Cook III,8138,RB,rushing yards,THRESHOLD,120+,75.70,0.1057,0.16,0.17,0.84,667,9,
KXNFLRSHYDS-26SEP27LACBUF-BUFJCOOK4-110,26SEP27LACBUF,James Cook III,8138,RB,rushing yards,THRESHOLD,110+,75.70,0.1606,0.22,0.23,0.78,200,3,
KXNFLRSHYDS-26SEP27LACBUF-BUFJCOOK4-100,26SEP27LACBUF,James Cook III,8138,RB,rushing yards,THRESHOLD,100+,75.70,0.2238,0.30,0.31,0.70,1000,26,
KXNFLTD-26SEP27CINPIT-PITTHOMER21-2,26SEP27CINPIT,Travis Homer,6012,RB,touchdowns,THRESHOLD,2+,0.18,0.0158,0.01,0.02,0.99,19002,470,
KXNFLTD-26SEP27CINPIT-PITTHOMER21-1,26SEP27CINPIT,Travis Homer,6012,RB,touchdowns,THRESHOLD,1+,0.18,0.1755,0.06,0.09,0.94,620,10,
KXNFLTD-26SEP27BALDAL-BALLWESTER10-3,26SEP27BALDAL,LaJohntay Wester,12699,WR,touchdowns,THRESHOLD,3+,0.07,0.0008,0.01,0.02,0.99,10200,300,
KXNFLTD-26SEP27BALDAL-BALJCUEVAS85-1,26SEP27BALDAL,Josh Cuevas,13273,TE,touchdowns,THRESHOLD,1+,0.03,0.0524,0.03,0.05,0.97,21,10,
KXNFLTD-26SEP28PHICHI-PHIWSHIPLEY28-2,26SEP28PHICHI,Will Shipley,11577,RB,touchdowns,THRESHOLD,2+,0.08,0.0058,0.01,0.02,0.99,10101,450,
KXNFLTD-26SEP28PHICHI-PHIWSHIPLEY28-1,26SEP28PHICHI,Will Shipley,11577,RB,touchdowns,THRESHOLD,1+,0.08,0.0674,0.11,0.14,0.89,900,95,
KXNFLTD-26SEP28PHICHI-PHIDSMITH6-3,26SEP28PHICHI,DeVonta Smith,7525,WR,touchdowns,THRESHOLD,3+,0.42,0.0058,0.01,0.02,0.99,7743,300,
KXNFLTD-26SEP28PHICHI-PHITBIGSBY8-2,26SEP28PHICHI,Tank Bigsby,9225,RB,touchdowns,THRESHOLD,2+,0.20,0.0208,0.01,0.02,0.99,9600,450,
KXNFLTD-26SEP28PHICHI-PHITBIGSBY8-1,26SEP28PHICHI,Tank Bigsby,9225,RB,touchdowns,THRESHOLD,1+,0.20,0.1789,0.10,0.14,0.90,900,777,
KXNFLTD-26SEP27BALDAL-DALLSCHOONMAKER86-1,26SEP27BALDAL,Luke Schoonmaker,10871,TE,touchdowns,THRESHOLD,1+,0.03,0.0524,0.05,0.06,0.95,33355,111,
KXNFLTD-26SEP27LVNO-LVCWHITE82-1,26SEP27LVNO,Cody White,7039,WR,touchdowns,THRESHOLD,1+,0.05,0.0757,0.06,0.07,0.94,4601,3,
KXNFLTD-26SEP28PHICHI-PHIDCOOPER80-2,26SEP28PHICHI,Darius Cooper,13150,WR,touchdowns,THRESHOLD,2+,0.07,0.0075,0.00,0.01,1.00,5925,0,
KXNFLTD-26SEP27LARDEN-LARJWHITTINGTON88-2,26SEP27LARDEN,Jordan Whittington,11623,WR,touchdowns,THRESHOLD,2+,0.08,0.0092,0.01,0.02,0.99,37843,450,
KXNFLTD-26SEP27LARDEN-LARJWHITTINGTON88-1,26SEP27LARDEN,Jordan Whittington,11623,WR,touchdowns,THRESHOLD,1+,0.08,0.0907,0.09,0.14,0.91,27943,40,
KXNFLTD-26SEP27LARDEN-DENTBADIE28-2,26SEP27LARDEN,Tyler Badie,8208,RB,touchdowns,THRESHOLD,2+,0.04,0.0042,0.00,0.02,1.00,5500,0,
KXNFLTD-26SEP27LARDEN-DENTBADIE28-1,26SEP27LARDEN,Tyler Badie,8208,RB,touchdowns,THRESHOLD,1+,0.04,0.0707,0.12,0.13,0.88,1909,1687,
KXNFLTD-26SEP27LACBUF-LACOGADSDEN86-3,26SEP27LACBUF,Oronde Gadsden,12493,TE,touchdowns,THRESHOLD,3+,0.24,0.0025,0.01,0.02,0.99,26100,300,
KXNFLTD-26SEP27CARCLE-CLEBWHITEHEART86-1,26SEP27CARCLE,Blake Whiteheart,11201,TE,touchdowns,THRESHOLD,1+,0.09,0.0923,0.07,0.08,0.93,47441,1200,
KXNFLTD-26SEP28PHICHI-CHIDSWIFT4-3,26SEP28PHICHI,D'Andre Swift,6790,RB,touchdowns,THRESHOLD,3+,0.72,0.0391,0.01,0.02,0.99,5100,300,
KXNFLTD-26SEP28PHICHI-CHIKMONANGAI25-3,26SEP28PHICHI,Kyle Monangai,12534,RB,touchdowns,THRESHOLD,3+,0.22,0.0008,0.00,0.02,1.00,32943,0,
KXNFLTD-26SEP27MINTB-MINDCLAIBORNE21-1,26SEP27MINTB,Demond Claiborne,13347,RB,touchdowns,THRESHOLD,1+,0.11,0.1090,0.05,0.06,0.95,6643,176,
KXNFLTD-26SEP27MINTB-MINDDALLAS31-2,26SEP27MINTB,DeeJay Dallas,6931,RB,touchdowns,THRESHOLD,2+,0.14,0.0208,0.00,0.01,1.00,25577,0,
KXNFLTD-26SEP27MINTB-MINDDALLAS31-1,26SEP27MINTB,DeeJay Dallas,6931,RB,touchdowns,THRESHOLD,1+,0.14,0.1256,0.10,0.11,0.90,33729,127,
KXNFLTD-26SEP27MINTB-TBEEGBUKA2-3,26SEP27MINTB,Emeka Egbuka,12514,WR,touchdowns,THRESHOLD,3+,0.28,0.0042,0.01,0.02,0.99,6100,124,
KXNFLTD-26SEP28PHICHI-PHISBARKLEY26-3,26SEP28PHICHI,Saquon Barkley,4866,RB,touchdowns,THRESHOLD,3+,0.63,0.0191,0.01,0.04,0.99,7744,2660,
KXNFLTD-26SEP28PHICHI-PHISBARKLEY26-2,26SEP28PHICHI,Saquon Barkley,4866,RB,touchdowns,THRESHOLD,2+,0.63,0.1439,0.11,0.12,0.89,25,13,
KXNFLTD-26SEP28PHICHI-PHISBARKLEY26-1,26SEP28PHICHI,Saquon Barkley,4866,RB,touchdowns,THRESHOLD,1+,0.63,0.4850,0.48,0.51,0.52,6717,8,
KXNFLTD-26SEP27BALDAL-DALKTURPIN9-2,26SEP27BALDAL,KaVontae Turpin,8917,WR,touchdowns,THRESHOLD,2+,0.09,0.0108,0.00,0.01,1.00,25600,0,
KXNFLTD-26SEP27KCMIA-MIACBELL18-2,26SEP27KCMIA,Chris Bell,13311,WR,touchdowns,THRESHOLD,2+,0.16,0.0158,0.01,0.02,0.99,54202,300,
KXNFLTD-26SEP27KCMIA-MIACBELL18-1,26SEP27KCMIA,Chris Bell,13311,WR,touchdowns,THRESHOLD,1+,0.16,0.1373,0.11,0.12,0.89,46138,4555,
KXNFLTD-26SEP27SEAWAS-SEAJPRICE8-3,26SEP27SEAWAS,Jadarian Price,13286,RB,touchdowns,THRESHOLD,3+,0.37,0.0075,0.01,0.02,0.99,34835,480,
KXNFLTD-26SEP27SEAWAS-SEAJPRICE8-2,26SEP27SEAWAS,Jadarian Price,13286,RB,touchdowns,THRESHOLD,2+,0.37,0.0707,0.05,0.07,0.95,760,30,
KXNFLTD-26SEP27SEAWAS-SEAJPRICE8-1,26SEP27SEAWAS,Jadarian Price,13286,RB,touchdowns,THRESHOLD,1+,0.37,0.3087,0.36,0.37,0.64,58376,2173,
KXNFLTD-26SEP27HOUIND-HOUKBOUTTE14-3,26SEP27HOUIND,Kayshon Boutte,9504,WR,touchdowns,THRESHOLD,3+,0.23,0.0008,0.01,0.02,0.99,11400,300,
KXNFLTD-26SEP28PHICHI-CHIRJOHNSON23-1,26SEP28PHICHI,Roschon Johnson,10235,RB,touchdowns,THRESHOLD,1+,0.02,0.0491,0.03,0.04,0.97,9880,2200,
KXNFLTD-26SEP28PHICHI-CHIKMONANGAI25-2,26SEP28PHICHI,Kyle Monangai,12534,RB,touchdowns,THRESHOLD,2+,0.22,0.0258,0.02,0.05,0.98,6743,1385,
KXNFLTD-26SEP28PHICHI-CHIKMONANGAI25-1,26SEP28PHICHI,Kyle Monangai,12534,RB,touchdowns,THRESHOLD,1+,0.22,0.1755,0.25,0.26,0.75,1494,300,
KXNFLTD-26SEP27TENNYG-TENTPOLLARD20-3,26SEP27TENNYG,Tony Pollard,5967,RB,touchdowns,THRESHOLD,3+,0.45,0.0108,0.01,0.02,0.99,44435,480,
KXNFLTD-26SEP27TENNYG-TENTPOLLARD20-2,26SEP27TENNYG,Tony Pollard,5967,RB,touchdowns,THRESHOLD,2+,0.45,0.0890,0.07,0.08,0.93,34928,13,
KXNFLTD-26SEP27TENNYG-TENTPOLLARD20-1,26SEP27TENNYG,Tony Pollard,5967,RB,touchdowns,THRESHOLD,1+,0.45,0.3686,0.37,0.38,0.63,14024,287,
KXNFLTD-26SEP27NYJDET-DETBWRIGHT89-2,26SEP27NYJDET,Brock Wright,7891,TE,touchdowns,THRESHOLD,2+,0.06,0.0008,0.01,0.02,0.99,44236,300,
KXNFLTD-26SEP28PHICHI-PHIEMOORE19-1,26SEP28PHICHI,Elijah Moore,7596,WR,touchdowns,THRESHOLD,1+,0.01,0.0491,0.03,0.06,0.97,7263,49,
KXNFLTD-26SEP27LACBUF-LACDDAVIS12-1,26SEP27LACBUF,Derius Davis,10234,WR,touchdowns,THRESHOLD,1+,0.04,0.0624,0.05,0.06,0.95,44360,3248,
KXNFLTD-26SEP27SEAWAS-SEAESAUBERT81-1,26SEP27SEAWAS,Eric Saubert,4189,TE,touchdowns,THRESHOLD,1+,0.03,0.0524,0.05,0.06,0.95,68137,279,
KXNFLTD-26SEP27SEAWAS-WASKALLEN31-2,26SEP27SEAWAS,Kaytron Allen,13405,RB,touchdowns,THRESHOLD,2+,0.07,0.0042,0.00,0.01,1.00,33633,0,
KXNFLTD-26SEP27KCMIA-MIAKCOLEMAN21-2,26SEP27KCMIA,Kevin Coleman Jr.,13338,WR,touchdowns,THRESHOLD,2+,0.13,0.0108,0.00,0.01,1.00,41525,0,
KXNFLTD-26SEP27HOUIND-INDDOGLETREE85-1,26SEP27HOUIND,Drew Ogletree,8489,TE,touchdowns,THRESHOLD,1+,0.01,0.0424,0.05,0.06,0.95,73566,5,
KXNFLTD-26SEP27KCMIA-MIAMWASHINGTON6-3,26SEP27KCMIA,Malik Washington,11610,WR,touchdowns,THRESHOLD,3+,0.27,0.0042,0.00,0.01,1.00,200,0,
KXNFLTD-26SEP27LARDEN-LARDALLEN87-2,26SEP27LARDEN,Davis Allen,10214,TE,touchdowns,THRESHOLD,2+,0.02,0.0025,0.00,0.01,1.00,92266,0,
KXNFLTD-26SEP27SEAWAS-WASJBATES87-1,26SEP27SEAWAS,John Bates,7716,TE,touchdowns,THRESHOLD,1+,0.06,0.0707,0.05,0.06,0.95,44279,5,
KXNFLTD-26SEP27NEJAC-NECLATU36-2,26SEP27NEJAC,Cameron Latu,10210,TE,touchdowns,THRESHOLD,2+,0.01,0.0008,0.01,0.02,0.99,26850,119,
KXNFLTD-26SEP27ARISF-SFBPURDY13-3,26SEP27ARISF,Brock Purdy,8183,QB,touchdowns,THRESHOLD,3+,0.25,0.0025,0.00,0.01,1.00,100,0,
KXNFLTD-26SEP27HOUIND-HOUCSTROUD7-2,26SEP27HOUIND,C.J. Stroud,9758,QB,touchdowns,THRESHOLD,2+,0.15,0.0092,0.00,0.01,1.00,60526,0,
KXNFLTD-26SEP27CARCLE-CARBTREMAYNE87-1,26SEP27CARCLE,Brycen Tremayne,11157,WR,touchdowns,THRESHOLD,1+,0.03,0.0324,0.04,0.05,0.96,461,55,
KXNFLTD-26SEP27NYJDET-NYJJWOODS86-1,26SEP27NYJDET,Jelani Woods,8219,TE,touchdowns,THRESHOLD,1+,0.03,0.0524,0.04,0.05,0.96,25,2726,
KXNFLTD-26SEP27LVNO-NOCDONALDSON43-2,26SEP27LVNO,CJ Donaldson,13277,RB,touchdowns,THRESHOLD,2+,0.07,0.0042,0.00,0.01,1.00,25900,0,
KXNFLTD-26SEP27LVNO-NOCDONALDSON43-1,26SEP27LVNO,CJ Donaldson,13277,RB,touchdowns,THRESHOLD,1+,0.07,0.0641,0.07,0.08,0.93,11908,56,
KXNFLTD-26SEP27TENNYG-NYGCSKATTEBO44-3,26SEP27TENNYG,Cam Skattebo,12481,RB,touchdowns,THRESHOLD,3+,0.72,0.0358,0.01,0.02,0.99,66323,880,
KXNFLTD-26SEP27TENNYG-NYGTJOHNSON84-2,26SEP27TENNYG,Theo Johnson,11597,TE,touchdowns,THRESHOLD,2+,0.07,0.0025,0.00,0.01,1.00,35600,0,
KXNFLTD-26SEP27TENNYG-NYGMNABERS1-3,26SEP27TENNYG,Malik Nabers,11632,WR,touchdowns,THRESHOLD,3+,0.29,0.0025,0.00,0.01,1.00,35800,0,
KXNFLTD-26SEP27CARCLE-CARJSANDERS0-1,26SEP27CARCLE,Ja'Tavion Sanders,11600,TE,touchdowns,THRESHOLD,1+,0.01,0.0424,0.06,0.07,0.94,493,70,
KXNFLTD-26SEP27SEAWAS-SEAGHOLANI36-3,26SEP27SEAWAS,George Holani,12048,RB,touchdowns,THRESHOLD,3+,0.22,0.0025,0.00,0.01,1.00,33533,0,
KXNFLTD-26SEP27LARDEN-LARTFERGUSON18-3,26SEP27LARDEN,Terrance Ferguson,12487,TE,touchdowns,THRESHOLD,3+,0.31,0.0042,0.00,0.01,1.00,92266,0,
KXNFLTD-26SEP27SEAWAS-SEAGHOLANI36-2,26SEP27SEAWAS,George Holani,12048,RB,touchdowns,THRESHOLD,2+,0.22,0.0308,0.02,0.03,0.98,42935,19,
KXNFLTD-26SEP27LARDEN-LARXSMITH19-2,26SEP27LARDEN,Xavier Smith,11168,WR,touchdowns,THRESHOLD,2+,0.03,0.0042,0.00,0.01,1.00,114765,0,
KXNFLTD-26SEP27SEAWAS-SEAGHOLANI36-1,26SEP27SEAWAS,George Holani,12048,RB,touchdowns,THRESHOLD,1+,0.22,0.1938,0.15,0.16,0.85,2556,6665,
KXNFLTD-26SEP27LVNO-LVDYOUNG81-1,26SEP27LVNO,Dareke Young,8527,WR,touchdowns,THRESHOLD,1+,0.01,0.0491,0.06,0.07,0.94,39613,15,
KXNFLTD-26SEP27SEAWAS-WASKALLEN31-1,26SEP27SEAWAS,Kaytron Allen,13405,RB,touchdowns,THRESHOLD,1+,0.07,0.0641,0.06,0.07,0.94,36113,56,
KXNFLTD-26SEP27NYJDET-NYJJRUCKERT89-2,26SEP27NYJDET,Jeremy Ruckert,8145,TE,touchdowns,THRESHOLD,2+,0.06,0.0008,0.00,0.01,1.00,25900,0,
KXNFLTD-26SEP27NYJDET-NYJJRUCKERT89-1,26SEP27NYJDET,Jeremy Ruckert,8145,TE,touchdowns,THRESHOLD,1+,0.06,0.0707,0.09,0.10,0.91,40118,18407,
KXNFLTD-26SEP28PHICHI-PHIJHURTS1-3,26SEP28PHICHI,Jalen Hurts,6904,QB,touchdowns,THRESHOLD,3+,0.39,0.0042,0.01,0.02,0.99,6974,50500,
KXNFLTD-26SEP27ARISF-SFJCOWING4-2,26SEP27ARISF,Jacob Cowing,11616,WR,touchdowns,THRESHOLD,2+,0.09,0.0108,0.00,0.01,1.00,25100,0,
KXNFLTD-26SEP27SEAWAS-SEACKUPP10-2,26SEP27SEAWAS,Cooper Kupp,4039,WR,touchdowns,THRESHOLD,2+,0.21,0.0125,0.01,0.02,0.99,69445,480,
KXNFLTD-26SEP27LARDEN-DENTFRANKLIN11-2,26SEP27LARDEN,Troy Franklin,11627,WR,touchdowns,THRESHOLD,2+,0.05,0.0042,0.00,0.01,1.00,80050,0,
KXNFLTD-26SEP27ARISF-SFJCOWING4-1,26SEP27ARISF,Jacob Cowing,11616,WR,touchdowns,THRESHOLD,1+,0.09,0.0774,0.10,0.11,0.90,11172,536,
KXNFLTD-26SEP27SEAWAS-SEACKUPP10-1,26SEP27SEAWAS,Cooper Kupp,4039,WR,touchdowns,THRESHOLD,1+,0.21,0.1689,0.16,0.17,0.84,2873,4150,
KXNFLTD-26SEP27LARDEN-DENTFRANKLIN11-1,26SEP27LARDEN,Troy Franklin,11627,WR,touchdowns,THRESHOLD,1+,0.05,0.0757,0.08,0.10,0.92,5202,38,
KXNFLTD-26SEP27ARISF-SFKHODGE86-2,26SEP27ARISF,KhaDarel Hodge,5773,WR,touchdowns,THRESHOLD,2+,0.03,0.0042,0.01,0.02,0.99,54235,300,
KXNFLTD-26SEP27SEAWAS-SEASDARNOLD14-2,26SEP27SEAWAS,Sam Darnold,4943,QB,touchdowns,THRESHOLD,2+,0.08,0.0092,0.00,0.01,1.00,71098,0,
KXNFLTD-26SEP27ARISF-SFKHODGE86-1,26SEP27ARISF,KhaDarel Hodge,5773,WR,touchdowns,THRESHOLD,1+,0.03,0.0324,0.08,0.09,0.92,1222,173,
KXNFLTD-26SEP27SEAWAS-SEASDARNOLD14-1,26SEP27SEAWAS,Sam Darnold,4943,QB,touchdowns,THRESHOLD,1+,0.08,0.0840,0.09,0.10,0.91,92651,13,
KXNFLTD-26SEP27LARDEN-LARKMUMPFIELD4-2,26SEP27LARDEN,Konata Mumpfield,12718,WR,touchdowns,THRESHOLD,2+,0.06,0.0008,0.00,0.01,1.00,25100,0,
KXNFLTD-26SEP27LARDEN-LARXSMITH19-1,26SEP27LARDEN,Xavier Smith,11168,WR,touchdowns,THRESHOLD,1+,0.03,0.0324,0.06,0.08,0.94,25,24,
KXNFLTD-26SEP27LARDEN-LARTHIGBEE89-2,26SEP27LARDEN,Tyler Higbee,3271,TE,touchdowns,THRESHOLD,2+,0.05,0.0025,0.00,0.03,1.00,88022,0,
KXNFLTD-26SEP27LARDEN-LARTHIGBEE89-1,26SEP27LARDEN,Tyler Higbee,3271,TE,touchdowns,THRESHOLD,1+,0.05,0.0657,0.15,0.16,0.85,1285,28,
KXNFLTD-26SEP27LARDEN-LARDALLEN87-1,26SEP27LARDEN,Davis Allen,10214,TE,touchdowns,THRESHOLD,1+,0.02,0.0557,0.07,0.08,0.93,866,23,
KXNFLTD-26SEP27LARDEN-DENRHARVEY12-2,26SEP27LARDEN,RJ Harvey,12489,RB,touchdowns,THRESHOLD,2+,0.42,0.0774,0.02,0.03,0.98,125005,23,
KXNFLTD-26SEP27LARDEN-DENRHARVEY12-1,26SEP27LARDEN,RJ Harvey,12489,RB,touchdowns,THRESHOLD,1+,0.42,0.3453,0.22,0.23,0.78,37420,9876,
KXNFLTD-26SEP27LARDEN-DENJDOBBINS27-3,26SEP27LARDEN,J.K. Dobbins,6806,RB,touchdowns,THRESHOLD,3+,0.36,0.0075,0.01,0.02,0.99,125599,450,
KXNFLTD-26SEP27LARDEN-DENJDOBBINS27-2,26SEP27LARDEN,J.K. Dobbins,6806,RB,touchdowns,THRESHOLD,2+,0.36,0.0691,0.08,0.09,0.92,106508,1,
KXNFLTD-26SEP27LARDEN-DENJDOBBINS27-1,26SEP27LARDEN,J.K. Dobbins,6806,RB,touchdowns,THRESHOLD,1+,0.36,0.3003,0.34,0.35,0.66,7611,3589,
KXNFLTD-26SEP27TENNYG-TENJCHESTNUT36-2,26SEP27TENNYG,Julius Chestnut,8254,RB,touchdowns,THRESHOLD,2+,0.01,0.0042,0.01,0.02,0.99,19903,6,
KXNFLTD-26SEP27TENNYG-TENJCHESTNUT36-1,26SEP27TENNYG,Julius Chestnut,8254,RB,touchdowns,THRESHOLD,1+,0.01,0.0291,0.03,0.05,0.97,35600,18,
KXNFLTD-26SEP27SEAWAS-SEAEARROYO18-2,26SEP27SEAWAS,Elijah Arroyo,12521,TE,touchdowns,THRESHOLD,2+,0.10,0.0125,0.00,0.01,1.00,51975,0,
KXNFLTD-26SEP27SEAWAS-SEAEARROYO18-1,26SEP27SEAWAS,Elijah Arroyo,12521,TE,touchdowns,THRESHOLD,1+,0.10,0.0774,0.09,0.10,0.91,42142,3188,
KXNFLTD-26SEP27BALDAL-BALESARRATT13-2,26SEP27BALDAL,Elijah Sarratt,13268,WR,touchdowns,THRESHOLD,2+,0.01,0.0025,0.00,0.01,1.00,25650,0,
KXNFLTD-26SEP27SEAWAS-SEATHORTON15-2,26SEP27SEAWAS,Tory Horton,12497,WR,touchdowns,THRESHOLD,2+,0.14,0.0108,0.00,0.01,1.00,49823,0,
KXNFLTD-26SEP27SEAWAS-SEATHORTON15-1,26SEP27SEAWAS,Tory Horton,12497,WR,touchdowns,THRESHOLD,1+,0.14,0.1140,0.08,0.09,0.92,6112,23,
KXNFLTD-26SEP27BALDAL-BALMHIBNER88-1,26SEP27BALDAL,Matt Hibner,13324,TE,touchdowns,THRESHOLD,1+,0.06,0.0707,0.05,0.06,0.95,181,13,
KXNFLTD-26SEP27HOUIND-HOUJWAYNE17-2,26SEP27HOUIND,Jared Wayne,11056,WR,touchdowns,THRESHOLD,2+,0.09,0.0108,0.00,0.01,1.00,58435,0,
KXNFLTD-26SEP27SEAWAS-WASAWILLIAMS14-2,26SEP27SEAWAS,Antonio Williams,13301,WR,touchdowns,THRESHOLD,2+,0.12,0.0075,0.00,0.01,1.00,47774,0,
KXNFLTD-26SEP27HOUIND-HOUJWAYNE17-1,26SEP27HOUIND,Jared Wayne,11056,WR,touchdowns,THRESHOLD,1+,0.09,0.0774,0.10,0.11,0.90,20846,6892,
KXNFLTD-26SEP27TENNYG-TENNSINGLETON32-3,26SEP27TENNYG,Nicholas Singleton,13288,RB,touchdowns,THRESHOLD,3+,0.11,0.0008,0.00,0.01,1.00,600,0,
KXNFLTD-26SEP27SEAWAS-WASAWILLIAMS14-1,26SEP27SEAWAS,Antonio Williams,13301,WR,touchdowns,THRESHOLD,1+,0.12,0.0923,0.10,0.11,0.90,41350,1577,
KXNFLTD-26SEP27HOUIND-INDDSLAYTON11-2,26SEP27HOUIND,Darius Slayton,6149,WR,touchdowns,THRESHOLD,2+,0.04,0.0008,0.01,0.02,0.99,57568,450,
KXNFLTD-26SEP27TENNYG-NYGMNABERS1-2,26SEP27TENNYG,Malik Nabers,11632,WR,touchdowns,THRESHOLD,2+,0.29,0.0241,0.03,0.04,0.97,34903,1778,
KXNFLTD-26SEP27SEAWAS-WASBSINNOTT82-2,26SEP27SEAWAS,Ben Sinnott,11596,TE,touchdowns,THRESHOLD,2+,0.05,0.0025,0.00,0.01,1.00,49996,0,
KXNFLTD-26SEP27HOUIND-INDDSLAYTON11-1,26SEP27HOUIND,Darius Slayton,6149,WR,touchdowns,THRESHOLD,1+,0.04,0.0624,0.10,0.11,0.90,3338,113,
KXNFLTD-26SEP27TENNYG-NYGMNABERS1-1,26SEP27TENNYG,Malik Nabers,11632,WR,touchdowns,THRESHOLD,1+,0.29,0.2354,0.27,0.28,0.73,51042,1218,
KXNFLTD-26SEP27SEAWAS-WASBSINNOTT82-1,26SEP27SEAWAS,Ben Sinnott,11596,TE,touchdowns,THRESHOLD,1+,0.05,0.0657,0.08,0.09,0.92,5749,23,
KXNFLTD-26SEP27HOUIND-INDDGIDDENS21-1,26SEP27HOUIND,DJ Giddens,12471,RB,touchdowns,THRESHOLD,1+,0.02,0.0491,0.05,0.06,0.95,8535,5,
KXNFLTD-26SEP27KCMIA-KCRRICE4-3,26SEP27KCMIA,Rashee Rice,10229,WR,touchdowns,THRESHOLD,3+,0.46,0.0042,0.01,0.02,0.99,129986,460,
KXNFLTD-26SEP27KCMIA-KCTKELCE87-3,26SEP27KCMIA,Travis Kelce,1466,TE,touchdowns,THRESHOLD,3+,0.34,0.0075,0.01,0.02,0.99,144299,855,
KXNFLTD-26SEP27KCMIA-KCXWORTHY1-3,26SEP27KCMIA,Xavier Worthy,11624,WR,touchdowns,THRESHOLD,3+,0.40,0.0058,0.00,0.01,1.00,135140,0,
KXNFLTD-26SEP27MINTB-MINJADDISON3-3,26SEP27MINTB,Jordan Addison,9756,WR,touchdowns,THRESHOLD,3+,0.30,0.0042,0.01,0.02,0.99,6100,3,
KXNFLTD-26SEP27KCMIA-KCKWALKER9-3,26SEP27KCMIA,Kenneth Walker III,8151,RB,touchdowns,THRESHOLD,3+,0.89,0.0507,0.06,0.07,0.94,92102,935,
KXNFLTD-26SEP27KCMIA-MIADACHANE28-3,26SEP27KCMIA,De'Von Achane,9226,RB,touchdowns,THRESHOLD,3+,0.49,0.0075,0.01,0.02,0.99,35600,780,
KXNFLTD-26SEP27CARCLE-CARJMETCHIE13-2,26SEP27CARCLE,John Metchie III,8147,WR,touchdowns,THRESHOLD,2+,0.00,0.0025,0.01,0.02,0.99,39701,300,
KXNFLTD-26SEP27KCMIA-MIAOGORDON0-2,26SEP27KCMIA,Ollie Gordon II,12495,RB,touchdowns,THRESHOLD,2+,0.19,0.0175,0.01,0.02,0.99,55200,480,
KXNFLTD-26SEP27LARDEN-LARKMUMPFIELD4-1,26SEP27LARDEN,Konata Mumpfield,12718,WR,touchdowns,THRESHOLD,1+,0.06,0.0674,0.11,0.12,0.89,25,17,
KXNFLTD-26SEP27LARDEN-DENEENGRAM1-2,26SEP27LARDEN,Evan Engram,4066,TE,touchdowns,THRESHOLD,2+,0.13,0.0125,0.01,0.02,0.99,24943,2535,
KXNFLTD-26SEP27LARDEN-DENEENGRAM1-1,26SEP27LARDEN,Evan Engram,4066,TE,touchdowns,THRESHOLD,1+,0.13,0.1073,0.18,0.19,0.82,2000,282,
KXNFLTD-26SEP27LARDEN-DENATRAUTMAN82-2,26SEP27LARDEN,Adam Trautman,6869,TE,touchdowns,THRESHOLD,2+,0.06,0.0008,0.00,0.01,1.00,113735,0,
KXNFLTD-26SEP27LARDEN-DENATRAUTMAN82-1,26SEP27LARDEN,Adam Trautman,6869,TE,touchdowns,THRESHOLD,1+,0.06,0.0707,0.08,0.09,0.92,2125,13,
KXNFLTD-26SEP27LARDEN-DENPBRYANT13-2,26SEP27LARDEN,Pat Bryant,12492,WR,touchdowns,THRESHOLD,2+,0.18,0.0191,0.01,0.02,0.99,69544,450,
KXNFLTD-26SEP27LARDEN-DENPBRYANT13-1,26SEP27LARDEN,Pat Bryant,12492,WR,touchdowns,THRESHOLD,1+,0.18,0.1772,0.16,0.17,0.84,3198,114,
KXNFLTD-26SEP27LACBUF-LACKVIDAL28-1,26SEP27LACBUF,Kimani Vidal,11647,RB,touchdowns,THRESHOLD,1+,0.03,0.0491,0.06,0.07,0.94,63475,15063,
KXNFLTD-26SEP27LACBUF-LACMVALDESSCANTLING13-1,26SEP27LACBUF,Marquez Valdes-Scantling,5086,WR,touchdowns,THRESHOLD,1+,0.04,0.0624,0.05,0.06,0.95,2118,10,
KXNFLTD-26SEP27LACBUF-BUFRDAVIS7-2,26SEP27LACBUF,Ray Davis,11575,RB,touchdowns,THRESHOLD,2+,0.09,0.0075,0.00,0.01,1.00,85969,0,
KXNFLTD-26SEP27LACBUF-BUFRDAVIS7-1,26SEP27LACBUF,Ray Davis,11575,RB,touchdowns,THRESHOLD,1+,0.09,0.0740,0.06,0.07,0.94,47691,93,
KXNFLTD-26SEP27LACBUF-BUFTJOHNSON26-2,26SEP27LACBUF,Ty Johnson,6039,RB,touchdowns,THRESHOLD,2+,0.10,0.0058,0.01,0.02,0.99,90755,450,
KXNFLTD-26SEP27SEAWAS-SEAABARNER88-2,26SEP27SEAWAS,AJ Barner,11603,TE,touchdowns,THRESHOLD,2+,0.34,0.0524,0.02,0.03,0.98,50469,14217,
KXNFLTD-26SEP27LACBUF-BUFTJOHNSON26-1,26SEP27LACBUF,Ty Johnson,6039,RB,touchdowns,THRESHOLD,1+,0.10,0.0940,0.15,0.16,0.85,9249,13,
KXNFLTD-26SEP27SEAWAS-SEAJSMITHNJIGBA11-3,26SEP27SEAWAS,Jaxon Smith-Njigba,9488,WR,touchdowns,THRESHOLD,3+,0.75,0.0191,0.01,0.02,0.99,23078,2007,
KXNFLTD-26SEP27LACBUF-BUFJHAWES85-2,26SEP27LACBUF,Jackson Hawes,12658,TE,touchdowns,THRESHOLD,2+,0.03,0.0025,0.00,0.01,1.00,85969,0,
KXNFLTD-26SEP27SEAWAS-SEAEWILSON23-3,26SEP27SEAWAS,Emanuel Wilson,11435,RB,touchdowns,THRESHOLD,3+,0.24,0.0025,0.00,0.01,1.00,58465,0,
KXNFLTD-26SEP27LACBUF-BUFJHAWES85-1,26SEP27LACBUF,Jackson Hawes,12658,TE,touchdowns,THRESHOLD,1+,0.03,0.0524,0.06,0.07,0.94,215,25,
KXNFLTD-26SEP27SEAWAS-WASJCROSKEYMERRITT22-3,26SEP27SEAWAS,Jacory Croskey-Merritt,12533,RB,touchdowns,THRESHOLD,3+,0.58,0.0141,0.00,0.01,1.00,61155,0,
KXNFLTD-26SEP27LACBUF-BUFSBELL13-2,26SEP27LACBUF,Skyler Bell,13402,WR,touchdowns,THRESHOLD,2+,0.01,0.0025,0.00,0.01,1.00,79441,0,
KXNFLTD-26SEP27KCMIA-MIAJTOLBERT1-1,26SEP27KCMIA,Jalen Tolbert,8117,WR,touchdowns,THRESHOLD,1+,0.09,0.0774,0.05,0.06,0.95,64469,1515,
KXNFLTD-26SEP27LACBUF-BUFSBELL13-1,26SEP27LACBUF,Skyler Bell,13402,WR,touchdowns,THRESHOLD,1+,0.01,0.0491,0.07,0.08,0.93,20,38,
KXNFLTD-26SEP27KCMIA-MIAWKACMAREK89-1,26SEP27KCMIA,Will Kacmarek,13434,TE,touchdowns,THRESHOLD,1+,0.06,0.0707,0.06,0.07,0.94,2727,7,
KXNFLTD-26SEP27HOUIND-INDTWARREN84-3,26SEP27HOUIND,Tyler Warren,12518,TE,touchdowns,THRESHOLD,3+,0.31,0.0042,0.00,0.01,1.00,125502,0,
KXNFLTD-26SEP27KCMIA-MIAOGORDON0-1,26SEP27KCMIA,Ollie Gordon II,12495,RB,touchdowns,THRESHOLD,1+,0.19,0.1755,0.11,0.12,0.89,847,5766,
KXNFLTD-26SEP27HOUIND-INDJTAYLOR28-3,26SEP27HOUIND,Jonathan Taylor,6813,RB,touchdowns,THRESHOLD,3+,1.04,0.0574,0.03,0.04,0.97,24862,837,
KXNFLTD-26SEP27KCMIA-MIAKCOLEMAN21-1,26SEP27KCMIA,Kevin Coleman Jr.,13338,WR,touchdowns,THRESHOLD,1+,0.13,0.1023,0.09,0.10,0.91,40303,32499,
KXNFLTD-26SEP27MINTB-TBTJOHNSON15-1,26SEP27MINTB,Tez Johnson,12485,WR,touchdowns,THRESHOLD,1+,0.07,0.1123,0.07,0.09,0.93,25,53,
KXNFLTD-26SEP27CINPIT-PITGBERNARD17-2,26SEP27CINPIT,Germie Bernard,13274,WR,touchdowns,THRESHOLD,2+,0.13,0.0108,0.01,0.02,0.99,49735,460,
KXNFLTD-26SEP27MINTB-TBKJOHNSON19-1,26SEP27MINTB,Kameron Johnson,11994,WR,touchdowns,THRESHOLD,1+,0.01,0.0491,0.04,0.05,0.96,901,137,
KXNFLTD-26SEP27LVNO-LVMBENSON19-1,26SEP27LVNO,Malik Benson,13329,WR,touchdowns,THRESHOLD,1+,0.03,0.0324,0.05,0.06,0.95,25,27,
KXNFLTD-26SEP27CINPIT-PITGBERNARD17-1,26SEP27CINPIT,Germie Bernard,13274,WR,touchdowns,THRESHOLD,1+,0.13,0.1023,0.13,0.14,0.87,42305,20,
KXNFLTD-26SEP27MINTB-TBSTUCKER44-2,26SEP27MINTB,Sean Tucker,9506,RB,touchdowns,THRESHOLD,2+,0.03,0.0042,0.00,0.01,1.00,25900,0,
KXNFLTD-26SEP27LVNO-NOODELP4-1,26SEP27LVNO,Oscar Delp,13319,TE,touchdowns,THRESHOLD,1+,0.06,0.0707,0.03,0.04,0.97,2356,7707,
KXNFLTD-26SEP27CINPIT-PITEHEIDENREICH29-2,26SEP27CINPIT,Eli Heidenreich,13423,RB,touchdowns,THRESHOLD,2+,0.12,0.0058,0.00,0.01,1.00,57764,0,
KXNFLTD-26SEP27MINTB-TBSTUCKER44-1,26SEP27MINTB,Sean Tucker,9506,RB,touchdowns,THRESHOLD,1+,0.03,0.0491,0.07,0.08,0.93,37307,38,
KXNFLTD-26SEP27CINPIT-PITEHEIDENREICH29-1,26SEP27CINPIT,Eli Heidenreich,13423,RB,touchdowns,THRESHOLD,1+,0.12,0.1140,0.10,0.11,0.90,2296,25,
KXNFLTD-26SEP27SEAWAS-WASDBROWN6-2,26SEP27SEAWAS,Dyami Brown,7587,WR,touchdowns,THRESHOLD,2+,0.03,0.0042,0.00,0.01,1.00,57080,0,
KXNFLTD-26SEP27HOUIND-HOUJNOEL13-2,26SEP27HOUIND,Jaylin Noel,12536,WR,touchdowns,THRESHOLD,2+,0.17,0.0191,0.01,0.02,0.99,53022,480,
KXNFLTD-26SEP27HOUIND-HOUWMARKS4-3,26SEP27HOUIND,Woody Marks,12474,RB,touchdowns,THRESHOLD,3+,0.27,0.0042,0.00,0.01,1.00,44644,0,
KXNFLTD-26SEP27CINPIT-CINDMEYERS81-2,26SEP27CINPIT,Dohnte Meyers,13264,WR,touchdowns,THRESHOLD,2+,0.08,0.0092,0.00,0.01,1.00,33933,0,
KXNFLTD-26SEP27HOUIND-HOUWMARKS4-2,26SEP27HOUIND,Woody Marks,12474,RB,touchdowns,THRESHOLD,2+,0.27,0.0507,0.03,0.04,0.97,45883,25,
KXNFLTD-26SEP27CINPIT-CINDMEYERS81-1,26SEP27CINPIT,Dohnte Meyers,13264,WR,touchdowns,THRESHOLD,1+,0.08,0.0907,0.09,0.10,0.91,46941,3342,
KXNFLTD-26SEP27HOUIND-HOUXHUTCHINSON19-2,26SEP27HOUIND,Xavier Hutchinson,10218,WR,touchdowns,THRESHOLD,2+,0.14,0.0108,0.01,0.02,0.99,25100,780,
KXNFLTD-26SEP27CINPIT-CINEALL83-2,26SEP27CINPIT,Erick All Jr.,11592,TE,touchdowns,THRESHOLD,2+,0.08,0.0025,0.00,0.01,1.00,24744,0,
KXNFLTD-26SEP27HOUIND-HOUFMOREAU87-1,26SEP27HOUIND,Foster Moreau,5985,TE,touchdowns,THRESHOLD,1+,0.08,0.0874,0.07,0.08,0.93,35922,4354,
KXNFLTD-26SEP27CINPIT-CINEALL83-1,26SEP27CINPIT,Erick All Jr.,11592,TE,touchdowns,THRESHOLD,1+,0.08,0.0874,0.07,0.08,0.93,58318,54,
KXNFLTD-26SEP27HOUIND-HOUKBOUTTE14-2,26SEP27HOUIND,Kayshon Boutte,9504,WR,touchdowns,THRESHOLD,2+,0.23,0.0175,0.03,0.04,0.97,42116,25,
KXNFLTD-26SEP27CINPIT-CINDSAMPLE89-2,26SEP27CINPIT,Drew Sample,6001,TE,touchdowns,THRESHOLD,2+,0.08,0.0025,0.00,0.01,1.00,58633,0,
KXNFLTD-26SEP27HOUIND-HOUDSCHULTZ86-3,26SEP27HOUIND,Dalton Schultz,5001,TE,touchdowns,THRESHOLD,3+,0.24,0.0025,0.00,0.01,1.00,70044,0,
KXNFLTD-26SEP27CINPIT-CINDSAMPLE89-1,26SEP27CINPIT,Drew Sample,6001,TE,touchdowns,THRESHOLD,1+,0.08,0.0874,0.08,0.09,0.92,1838,142,
KXNFLTD-26SEP27HOUIND-HOUDSCHULTZ86-2,26SEP27HOUIND,Dalton Schultz,5001,TE,touchdowns,THRESHOLD,2+,0.24,0.0158,0.03,0.04,0.97,24800,220,
KXNFLTD-26SEP27CINPIT-CINCYOUNG86-1,26SEP27CINPIT,Colbie Young,13477,WR,touchdowns,THRESHOLD,1+,0.08,0.0907,0.05,0.06,0.95,31732,4480,
KXNFLTD-26SEP27CARCLE-CARTMCMILLAN4-3,26SEP27CARCLE,Tetairoa McMillan,12526,WR,touchdowns,THRESHOLD,3+,0.38,0.0008,0.00,0.01,1.00,25600,0,
KXNFLTD-26SEP27HOUIND-HOUDMONTGOMERY32-3,26SEP27HOUIND,David Montgomery,5892,RB,touchdowns,THRESHOLD,3+,0.94,0.0507,0.01,0.02,0.99,23690,2730,
KXNFLTD-26SEP27CINPIT-PITDMETCALF4-3,26SEP27CINPIT,DK Metcalf,5846,WR,touchdowns,THRESHOLD,3+,0.34,0.0058,0.00,0.01,1.00,59904,0,
KXNFLTD-26SEP27CARCLE-CARCHUBBARD30-3,26SEP27CARCLE,Chuba Hubbard,7594,RB,touchdowns,THRESHOLD,3+,0.67,0.0241,0.03,0.04,0.97,72001,451,
KXNFLTD-26SEP27HOUIND-HOUDMONTGOMERY32-2,26SEP27HOUIND,David Montgomery,5892,RB,touchdowns,THRESHOLD,2+,0.94,0.1839,0.11,0.12,0.89,39076,1543,
KXNFLTD-26SEP27CARCLE-CARJMETCHIE13-1,26SEP27CARCLE,John Metchie III,8147,WR,touchdowns,THRESHOLD,1+,0.00,0.0491,0.08,0.09,0.92,901,337,
KXNFLTD-26SEP27HOUIND-INDMALIECOX81-1,26SEP27HOUIND,Mo Alie-Cox,4054,TE,touchdowns,THRESHOLD,1+,0.03,0.0524,0.05,0.06,0.95,5939,28,
KXNFLTD-26SEP27CARCLE-CLEDBOSTON12-3,26SEP27CARCLE,Denzel Boston,13346,WR,touchdowns,THRESHOLD,3+,0.36,0.0042,0.00,0.01,1.00,25800,0,
KXNFLTD-26SEP27CARCLE-CLEQJUDKINS10-3,26SEP27CARCLE,Quinshon Judkins,12512,RB,touchdowns,THRESHOLD,3+,0.59,0.0141,0.02,0.03,0.98,35199,517,
KXNFLTD-26SEP27MINTB-MINMPRICE4-1,26SEP27MINTB,Myles Price,13075,WR,touchdowns,THRESHOLD,1+,0.00,0.0491,0.04,0.05,0.96,437,2220,
KXNFLTD-26SEP27TENNYG-NYGJWINSTON19-2,26SEP27TENNYG,Jameis Winston,2306,QB,touchdowns,THRESHOLD,2+,0.14,0.0125,0.01,0.02,0.99,52892,825,
KXNFLTD-26SEP27TENNYG-NYGCSKATTEBO44-2,26SEP27TENNYG,Cam Skattebo,12481,RB,touchdowns,THRESHOLD,2+,0.72,0.1722,0.11,0.12,0.89,52342,140,
KXNFLTD-26SEP27TENNYG-NYGNHARRIS23-2,26SEP27TENNYG,Najee Harris,7528,RB,touchdowns,THRESHOLD,2+,0.17,0.0141,0.01,0.02,0.99,19966,450,
KXNFLTD-26SEP27TENNYG-TENNSINGLETON32-2,26SEP27TENNYG,Nicholas Singleton,13288,RB,touchdowns,THRESHOLD,2+,0.11,0.0025,0.00,0.01,1.00,34165,0,
KXNFLTD-26SEP27TENNYG-TENNSINGLETON32-1,26SEP27TENNYG,Nicholas Singleton,13288,RB,touchdowns,THRESHOLD,1+,0.11,0.1090,0.09,0.11,0.91,766,45,
KXNFLTD-26SEP27TENNYG-TENCRIDLEY0-2,26SEP27TENNYG,Calvin Ridley,4981,WR,touchdowns,THRESHOLD,2+,0.11,0.0075,0.00,0.01,1.00,35752,0,
KXNFLTD-26SEP27TENNYG-TENEAYOMANOR5-2,26SEP27TENNYG,Elic Ayomanor,12499,WR,touchdowns,THRESHOLD,2+,0.12,0.0075,0.01,0.02,0.99,82590,320,
KXNFLTD-26SEP27TENNYG-TENEAYOMANOR5-1,26SEP27TENNYG,Elic Ayomanor,12499,WR,touchdowns,THRESHOLD,1+,0.12,0.0923,0.12,0.13,0.88,48189,212,
KXNFLTD-26SEP27TENNYG-TENWROBINSON4-2,26SEP27TENNYG,Wan'Dale Robinson,8126,WR,touchdowns,THRESHOLD,2+,0.14,0.0108,0.01,0.02,0.99,50600,480,
KXNFLTD-26SEP27TENNYG-TENCDIKE17-1,26SEP27TENNYG,Chimere Dike,12540,WR,touchdowns,THRESHOLD,1+,0.05,0.0757,0.06,0.07,0.94,48071,3378,
KXNFLTD-26SEP27TENNYG-NYGTTRACY29-2,26SEP27TENNYG,Tyrone Tracy Jr.,11655,RB,touchdowns,THRESHOLD,2+,0.03,0.0042,0.00,0.01,1.00,300,0,
KXNFLTD-26SEP27TENNYG-NYGTTRACY29-1,26SEP27TENNYG,Tyrone Tracy Jr.,11655,RB,touchdowns,THRESHOLD,1+,0.03,0.0491,0.02,0.03,0.98,27518,3151,
KXNFLTD-26SEP27TENNYG-NYGDSINGLETARY26-2,26SEP27TENNYG,Devin Singletary,6130,RB,touchdowns,THRESHOLD,2+,0.25,0.0408,0.01,0.02,0.99,59535,480,
KXNFLTD-26SEP27TENNYG-NYGTJOHNSON84-1,26SEP27TENNYG,Theo Johnson,11597,TE,touchdowns,THRESHOLD,1+,0.07,0.0890,0.09,0.10,0.91,46224,13693,
KXNFLTD-26SEP27SEAWAS-SEAABARNER88-1,26SEP27SEAWAS,AJ Barner,11603,TE,touchdowns,THRESHOLD,1+,0.34,0.2887,0.22,0.23,0.78,45150,1774,
KXNFLTD-26SEP27SEAWAS-SEARSHAHEED22-2,26SEP27SEAWAS,Rashid Shaheed,8676,WR,touchdowns,THRESHOLD,2+,0.25,0.0341,0.01,0.03,0.99,64990,2020,
KXNFLTD-26SEP27SEAWAS-SEARSHAHEED22-1,26SEP27SEAWAS,Rashid Shaheed,8676,WR,touchdowns,THRESHOLD,1+,0.25,0.2321,0.20,0.21,0.80,16985,995,
KXNFLTD-26SEP27SEAWAS-SEAJSMITHNJIGBA11-2,26SEP27SEAWAS,Jaxon Smith-Njigba,9488,WR,touchdowns,THRESHOLD,2+,0.75,0.1173,0.11,0.12,0.89,36340,2533,
KXNFLTD-26SEP27SEAWAS-SEAJSMITHNJIGBA11-1,26SEP27SEAWAS,Jaxon Smith-Njigba,9488,WR,touchdowns,THRESHOLD,1+,0.75,0.4517,0.47,0.48,0.53,53124,10331,
KXNFLTD-26SEP27SEAWAS-SEAEWILSON23-2,26SEP27SEAWAS,Emanuel Wilson,11435,RB,touchdowns,THRESHOLD,2+,0.24,0.0374,0.04,0.05,0.96,54179,4409,
KXNFLTD-26SEP27HOUIND-HOUJNOEL13-1,26SEP27HOUIND,Jaylin Noel,12536,WR,touchdowns,THRESHOLD,1+,0.17,0.1805,0.16,0.17,0.84,35987,5851,
KXNFLTD-26SEP27SEAWAS-SEAEWILSON23-1,26SEP27SEAWAS,Emanuel Wilson,11435,RB,touchdowns,THRESHOLD,1+,0.24,0.1988,0.26,0.27,0.74,40865,2012,
KXNFLTD-26SEP27HOUIND-HOUXHUTCHINSON19-1,26SEP27HOUIND,Xavier Hutchinson,10218,WR,touchdowns,THRESHOLD,1+,0.14,0.1140,0.20,0.21,0.80,41410,32,
KXNFLTD-26SEP27SEAWAS-WASSDIGGS3-2,26SEP27SEAWAS,Stefon Diggs,2449,WR,touchdowns,THRESHOLD,2+,0.25,0.0341,0.01,0.02,0.99,81098,480,
KXNFLTD-26SEP27HOUIND-HOUKBOUTTE14-1,26SEP27HOUIND,Kayshon Boutte,9504,WR,touchdowns,THRESHOLD,1+,0.23,0.2138,0.21,0.22,0.79,25,77,
KXNFLTD-26SEP27SEAWAS-WASSDIGGS3-1,26SEP27SEAWAS,Stefon Diggs,2449,WR,touchdowns,THRESHOLD,1+,0.25,0.2321,0.18,0.19,0.82,57623,3228,
KXNFLTD-26SEP27HOUIND-INDJDOWNS2-2,26SEP27HOUIND,Josh Downs,9500,WR,touchdowns,THRESHOLD,2+,0.27,0.0275,0.02,0.03,0.98,24724,200,
KXNFLTD-26SEP27SEAWAS-WASTMCLAURIN17-2,26SEP27SEAWAS,Terry McLaurin,5927,WR,touchdowns,THRESHOLD,2+,0.22,0.0108,0.01,0.02,0.99,25000,3507,
KXNFLTD-26SEP27HOUIND-INDTWARREN84-2,26SEP27HOUIND,Tyler Warren,12518,TE,touchdowns,THRESHOLD,2+,0.31,0.0424,0.03,0.04,0.97,45415,2332,
KXNFLTD-26SEP27SEAWAS-WASTMCLAURIN17-1,26SEP27SEAWAS,Terry McLaurin,5927,WR,touchdowns,THRESHOLD,1+,0.22,0.1705,0.20,0.21,0.80,142222,9161,
KXNFLTD-26SEP27HOUIND-INDJTAYLOR28-2,26SEP27HOUIND,Jonathan Taylor,6813,RB,touchdowns,THRESHOLD,2+,1.04,0.1955,0.17,0.18,0.83,54017,173,
KXNFLTD-26SEP27SEAWAS-WASMMARIOTA8-2,26SEP27SEAWAS,Marcus Mariota,2307,QB,touchdowns,THRESHOLD,2+,0.14,0.0125,0.00,0.01,1.00,65314,0,
KXNFLTD-26SEP27HOUIND-INDKALLEN10-2,26SEP27HOUIND,Keenan Allen,1479,WR,touchdowns,THRESHOLD,2+,0.14,0.0108,0.01,0.02,0.99,24960,2700,
KXNFLTD-26SEP27SEAWAS-WASRWHITE1-2,26SEP27SEAWAS,Rachaad White,8136,RB,touchdowns,THRESHOLD,2+,0.13,0.0125,0.02,0.03,0.98,68350,183,
KXNFLTD-26SEP27HOUIND-INDKALLEN10-1,26SEP27HOUIND,Keenan Allen,1479,WR,touchdowns,THRESHOLD,1+,0.14,0.1140,0.18,0.19,0.82,13372,21,
KXNFLTD-26SEP27SEAWAS-WASRWHITE1-1,26SEP27SEAWAS,Rachaad White,8136,RB,touchdowns,THRESHOLD,1+,0.13,0.1273,0.19,0.20,0.81,6886,371,
KXNFLTD-26SEP27HOUIND-INDLTREADWELL13-2,26SEP27HOUIND,Laquon Treadwell,3155,WR,touchdowns,THRESHOLD,2+,0.10,0.0075,0.00,0.01,1.00,61017,0,
KXNFLTD-26SEP27SEAWAS-WASJCROSKEYMERRITT22-2,26SEP27SEAWAS,Jacory Croskey-Merritt,12533,RB,touchdowns,THRESHOLD,2+,0.58,0.1323,0.03,0.04,0.97,35000,13,
KXNFLTD-26SEP27HOUIND-INDLTREADWELL13-1,26SEP27HOUIND,Laquon Treadwell,3155,WR,touchdowns,THRESHOLD,1+,0.10,0.1190,0.10,0.11,0.90,29715,2592,
KXNFLTD-26SEP27SEAWAS-WASJCROSKEYMERRITT22-1,26SEP27SEAWAS,Jacory Croskey-Merritt,12533,RB,touchdowns,THRESHOLD,1+,0.58,0.4634,0.26,0.27,0.74,11978,63,
KXNFLTD-26SEP27HOUIND-INDSMCGOWAN20-2,26SEP27HOUIND,Seth McGowan,13424,RB,touchdowns,THRESHOLD,2+,0.07,0.0042,0.00,0.01,1.00,28077,0,
KXNFLTD-26SEP27SEAWAS-WASDBROWN6-1,26SEP27SEAWAS,Dyami Brown,7587,WR,touchdowns,THRESHOLD,1+,0.03,0.0324,0.08,0.09,0.92,27277,4545,
KXNFLTD-26SEP27HOUIND-INDSMCGOWAN20-1,26SEP27HOUIND,Seth McGowan,13424,RB,touchdowns,THRESHOLD,1+,0.07,0.0707,0.07,0.08,0.93,9778,27,
KXNFLTD-26SEP27HOUIND-INDDJONES17-2,26SEP27HOUIND,Daniel Jones,5870,QB,touchdowns,THRESHOLD,2+,0.14,0.0125,0.01,0.02,0.99,110347,22749,
KXNFLTD-26SEP27HOUIND-HOUCSTROUD7-1,26SEP27HOUIND,C.J. Stroud,9758,QB,touchdowns,THRESHOLD,1+,0.15,0.1473,0.10,0.11,0.90,41935,2540,
KXNFLTD-26SEP27SEAWAS-WASMMARIOTA8-1,26SEP27SEAWAS,Marcus Mariota,2307,QB,touchdowns,THRESHOLD,1+,0.14,0.1356,0.11,0.12,0.89,41567,13313,
KXNFLTD-26SEP27HOUIND-INDDJONES17-1,26SEP27HOUIND,Daniel Jones,5870,QB,touchdowns,THRESHOLD,1+,0.14,0.1356,0.11,0.12,0.89,38629,225,
KXNFLTD-26SEP28PHICHI-PHIMLEMON9-2,26SEP28PHICHI,Makai Lemon,13294,WR,touchdowns,THRESHOLD,2+,0.17,0.0191,0.01,0.02,0.99,300,450,
KXNFLTD-26SEP28PHICHI-PHIMLEMON9-1,26SEP28PHICHI,Makai Lemon,13294,WR,touchdowns,THRESHOLD,1+,0.17,0.1805,0.16,0.17,0.84,2012,2768,
KXNFLTD-26SEP28PHICHI-PHIJMUNDT83-2,26SEP28PHICHI,Johnny Mundt,4314,TE,touchdowns,THRESHOLD,2+,0.09,0.0092,0.01,0.02,0.99,16743,300,
KXNFLTD-26SEP28PHICHI-PHIJMUNDT83-1,26SEP28PHICHI,Johnny Mundt,4314,TE,touchdowns,THRESHOLD,1+,0.09,0.0923,0.09,0.11,0.91,2700,28,
KXNFLTD-26SEP28PHICHI-PHIJHURTS1-2,26SEP28PHICHI,Jalen Hurts,6904,QB,touchdowns,THRESHOLD,2+,0.39,0.0674,0.07,0.08,0.93,2083,71,
KXNFLTD-26SEP28PHICHI-PHIJHURTS1-1,26SEP28PHICHI,Jalen Hurts,6904,QB,touchdowns,THRESHOLD,1+,0.39,0.3220,0.36,0.37,0.64,1968,93,
KXNFLTD-26SEP28PHICHI-PHIDWICKS13-2,26SEP28PHICHI,Dontayvion Wicks,9486,WR,touchdowns,THRESHOLD,2+,0.29,0.0275,0.01,0.03,0.99,291,2578,
KXNFLTD-26SEP28PHICHI-PHIDWICKS13-1,26SEP28PHICHI,Dontayvion Wicks,9486,WR,touchdowns,THRESHOLD,1+,0.29,0.2421,0.21,0.22,0.79,2151,9547,
KXNFLTD-26SEP28PHICHI-PHIDSMITH6-2,26SEP28PHICHI,DeVonta Smith,7525,WR,touchdowns,THRESHOLD,2+,0.42,0.0674,0.05,0.06,0.95,1420,16,
KXNFLTD-26SEP28PHICHI-PHIDSMITH6-1,26SEP28PHICHI,DeVonta Smith,7525,WR,touchdowns,THRESHOLD,1+,0.42,0.3586,0.34,0.35,0.66,16396,150,
KXNFLTD-26SEP28PHICHI-PHIDCOOPER80-1,26SEP28PHICHI,Darius Cooper,13150,WR,touchdowns,THRESHOLD,1+,0.07,0.1123,0.06,0.07,0.94,2079,407,
KXNFLTD-26SEP28PHICHI-PHIBCOVEY85-1,26SEP28PHICHI,Britain Covey,8414,WR,touchdowns,THRESHOLD,1+,0.00,0.0491,0.02,0.04,0.98,4700,3836,
KXNFLTD-26SEP28PHICHI-CHIRODUNZE15-2,26SEP28PHICHI,Rome Odunze,11620,WR,touchdowns,THRESHOLD,2+,0.23,0.0175,0.02,0.03,0.98,15197,200,
KXNFLTD-26SEP28PHICHI-CHIRODUNZE15-1,26SEP28PHICHI,Rome Odunze,11620,WR,touchdowns,THRESHOLD,1+,0.23,0.2138,0.17,0.18,0.83,1943,84,
KXNFLTD-26SEP28PHICHI-CHILBURDEN10-2,26SEP28PHICHI,Luther Burden III,12519,WR,touchdowns,THRESHOLD,2+,0.17,0.0241,0.02,0.03,0.98,375,400,
KXNFLTD-26SEP28PHICHI-CHILBURDEN10-1,26SEP28PHICHI,Luther Burden III,12519,WR,touchdowns,THRESHOLD,1+,0.17,0.1822,0.19,0.20,0.81,201,186,
KXNFLTD-26SEP28PHICHI-CHIKRAYMOND14-2,26SEP28PHICHI,Kalif Raymond,3634,WR,touchdowns,THRESHOLD,2+,0.14,0.0108,0.01,0.02,0.99,9600,450,
KXNFLTD-26SEP28PHICHI-CHIKRAYMOND14-1,26SEP28PHICHI,Kalif Raymond,3634,WR,touchdowns,THRESHOLD,1+,0.14,0.1140,0.14,0.15,0.86,6479,131,
KXNFLTD-26SEP28PHICHI-CHIDSWIFT4-2,26SEP28PHICHI,D'Andre Swift,6790,RB,touchdowns,THRESHOLD,2+,0.72,0.1755,0.08,0.09,0.92,1920,2,
KXNFLTD-26SEP28PHICHI-CHIDSWIFT4-1,26SEP28PHICHI,D'Andre Swift,6790,RB,touchdowns,THRESHOLD,1+,0.72,0.5200,0.37,0.38,0.63,192,709,
KXNFLTD-26SEP28PHICHI-CHICLOVELAND84-2,26SEP28PHICHI,Colston Loveland,12517,TE,touchdowns,THRESHOLD,2+,0.32,0.0491,0.02,0.03,0.98,5003,24898,
KXNFLTD-26SEP28PHICHI-CHICLOVELAND84-1,26SEP28PHICHI,Colston Loveland,12517,TE,touchdowns,THRESHOLD,1+,0.32,0.2637,0.20,0.21,0.80,1758,2161,
KXNFLTD-26SEP28PHICHI-CHICKMET85-2,26SEP28PHICHI,Cole Kmet,6826,TE,touchdowns,THRESHOLD,2+,0.09,0.0092,0.01,0.02,0.99,12167,450,
KXNFLTD-26SEP28PHICHI-CHICKMET85-1,26SEP28PHICHI,Cole Kmet,6826,TE,touchdowns,THRESHOLD,1+,0.09,0.0923,0.12,0.13,0.88,1842,13,
KXNFLTD-26SEP27TENNYG-TENGHELM84-2,26SEP27TENNYG,Gunnar Helm,12502,TE,touchdowns,THRESHOLD,2+,0.14,0.0125,0.01,0.02,0.99,48344,8738,
KXNFLTD-26SEP27TENNYG-TENCTATE14-2,26SEP27TENNYG,Carnell Tate,13279,WR,touchdowns,THRESHOLD,2+,0.16,0.0158,0.02,0.03,0.98,44898,49897,
KXNFLTD-26SEP27TENNYG-TENCWARD1-2,26SEP27TENNYG,Cam Ward,12522,QB,touchdowns,THRESHOLD,2+,0.21,0.0191,0.01,0.02,0.99,40170,855,
KXNFLTD-26SEP27TENNYG-NYGILIKELY9-2,26SEP27TENNYG,Isaiah Likely,8131,TE,touchdowns,THRESHOLD,2+,0.22,0.0225,0.02,0.03,0.98,34350,1521,
KXNFLTD-26SEP27TENNYG-NYGMFIELDS88-2,26SEP27TENNYG,Malachi Fields,13285,WR,touchdowns,THRESHOLD,2+,0.14,0.0108,0.01,0.02,0.99,49235,8813,
KXNFLTD-26SEP27CARCLE-CARADILLON28-2,26SEP27CARCLE,AJ Dillon,6828,RB,touchdowns,THRESHOLD,2+,0.16,0.0175,0.01,0.02,0.99,39736,320,
KXNFLTD-26SEP27TENNYG-NYGDMOONEY17-2,26SEP27TENNYG,Darnell Mooney,7090,WR,touchdowns,THRESHOLD,2+,0.08,0.0092,0.00,0.01,1.00,33614,0,
KXNFLTD-26SEP27CARCLE-CARADILLON28-1,26SEP27CARCLE,AJ Dillon,6828,RB,touchdowns,THRESHOLD,1+,0.16,0.1539,0.10,0.11,0.90,82,802,
KXNFLTD-26SEP27MINTB-MINJJENNINGS14-2,26SEP27MINTB,Jauan Jennings,7049,WR,touchdowns,THRESHOLD,2+,0.33,0.0474,0.01,0.02,0.99,39221,450,
KXNFLTD-26SEP27MINTB-MINJJENNINGS14-1,26SEP27MINTB,Jauan Jennings,7049,WR,touchdowns,THRESHOLD,1+,0.33,0.2820,0.13,0.14,0.87,41584,121,
KXNFLTD-26SEP27NEJAC-NECKINER9-1,26SEP27NEJAC,Corey Kiner,12491,RB,touchdowns,THRESHOLD,1+,0.02,0.0491,0.02,0.03,0.98,942,3966,
KXNFLTD-26SEP27BALDAL-BALLWESTER10-2,26SEP27BALDAL,LaJohntay Wester,12699,WR,touchdowns,THRESHOLD,2+,0.07,0.0075,0.00,0.03,1.00,30100,0,
KXNFLTD-26SEP27LARDEN-DENCSUTTON14-3,26SEP27LARDEN,Courtland Sutton,5045,WR,touchdowns,THRESHOLD,3+,0.32,0.0075,0.00,0.01,1.00,77977,0,
KXNFLTD-26SEP27BALDAL-DALJFERGUSON87-3,26SEP27BALDAL,Jake Ferguson,8110,TE,touchdowns,THRESHOLD,3+,0.30,0.0025,0.00,0.01,1.00,250,0,
KXNFLTD-26SEP27LACBUF-BUFJPALMER5-2,26SEP27LACBUF,Joshua Palmer,7670,WR,touchdowns,THRESHOLD,2+,0.03,0.0042,0.01,0.02,0.99,56474,480,
KXNFLTD-26SEP27LACBUF-BUFJPALMER5-1,26SEP27LACBUF,Joshua Palmer,7670,WR,touchdowns,THRESHOLD,1+,0.03,0.0324,0.18,0.19,0.82,9180,33,
KXNFLTD-26SEP27LACBUF-BUFKCOLEMAN0-2,26SEP27LACBUF,Keon Coleman,11637,WR,touchdowns,THRESHOLD,2+,0.19,0.0191,0.02,0.03,0.98,97899,19241,Questionable
KXNFLTD-26SEP27LACBUF-BUFKCOLEMAN0-1,26SEP27LACBUF,Keon Coleman,11637,WR,touchdowns,THRESHOLD,1+,0.19,0.1622,0.19,0.20,0.81,81082,420,Questionable
KXNFLTD-26SEP27LARDEN-LARDADAMS17-3,26SEP27LARDEN,Davante Adams,2133,WR,touchdowns,THRESHOLD,3+,0.48,0.0108,0.01,0.02,0.99,125476,15225,
KXNFLTD-26SEP27LARDEN-LARBCORUM24-3,26SEP27LARDEN,Blake Corum,11586,RB,touchdowns,THRESHOLD,3+,0.38,0.0108,0.00,0.01,1.00,92466,0,
KXNFLTD-26SEP27LARDEN-LARKWILLIAMS23-3,26SEP27LARDEN,Kyren Williams,8150,RB,touchdowns,THRESHOLD,3+,0.67,0.0241,0.02,0.03,0.98,80650,20,
KXNFLTD-26SEP27NEJAC-NEECHISM86-1,26SEP27NEJAC,Efton Chism III,12542,WR,touchdowns,THRESHOLD,1+,0.04,0.0624,0.05,0.06,0.95,30161,2045,
KXNFLTD-26SEP27LARDEN-DENJWADDLE17-3,26SEP27LARDEN,Jaylen Waddle,7526,WR,touchdowns,THRESHOLD,3+,0.34,0.0058,0.00,0.01,1.00,81155,0,
KXNFLTD-26SEP27NEJAC-JACAABDULLAH20-2,26SEP27NEJAC,Ameer Abdullah,2359,RB,touchdowns,THRESHOLD,2+,0.10,0.0058,0.00,0.01,1.00,6525,0,
KXNFLTD-26SEP27NEJAC-JACCRODRIGUEZ24-3,26SEP27NEJAC,Chris Rodriguez Jr.,10219,RB,touchdowns,THRESHOLD,3+,0.25,0.0025,0.00,0.01,1.00,37800,0,
KXNFLTD-26SEP27LACBUF-LACLMCCONKEY15-3,26SEP27LACBUF,Ladd McConkey,11635,WR,touchdowns,THRESHOLD,3+,0.39,0.0042,0.00,0.01,1.00,55732,0,
KXNFLTD-26SEP27TENNYG-TENGHELM84-1,26SEP27TENNYG,Gunnar Helm,12502,TE,touchdowns,THRESHOLD,1+,0.14,0.1190,0.15,0.16,0.85,64518,220,
KXNFLTD-26SEP27TENNYG-TENCTATE14-1,26SEP27TENNYG,Carnell Tate,13279,WR,touchdowns,THRESHOLD,1+,0.16,0.1373,0.19,0.20,0.81,23024,4874,
KXNFLTD-26SEP27TENNYG-TENCRIDLEY0-1,26SEP27TENNYG,Calvin Ridley,4981,WR,touchdowns,THRESHOLD,1+,0.11,0.0940,0.09,0.10,0.91,45610,23497,
KXNFLTD-26SEP27TENNYG-TENWROBINSON4-1,26SEP27TENNYG,Wan'Dale Robinson,8126,WR,touchdowns,THRESHOLD,1+,0.14,0.1140,0.15,0.16,0.85,38137,420,
KXNFLTD-26SEP27TENNYG-TENCWARD1-1,26SEP27TENNYG,Cam Ward,12522,QB,touchdowns,THRESHOLD,1+,0.21,0.1606,0.15,0.16,0.85,77729,2,
KXNFLTD-26SEP27TENNYG-NYGJWINSTON19-1,26SEP27TENNYG,Jameis Winston,2306,QB,touchdowns,THRESHOLD,1+,0.14,0.1356,0.13,0.14,0.87,81680,1,
KXNFLTD-26SEP27TENNYG-NYGILIKELY9-1,26SEP27TENNYG,Isaiah Likely,8131,TE,touchdowns,THRESHOLD,1+,0.22,0.1955,0.22,0.23,0.78,63273,12013,
KXNFLTD-26SEP27TENNYG-NYGMFIELDS88-1,26SEP27TENNYG,Malachi Fields,13285,WR,touchdowns,THRESHOLD,1+,0.14,0.1140,0.13,0.14,0.87,50824,3348,
KXNFLTD-26SEP27LVNO-LVKCOUSINS8-1,26SEP27LVNO,Kirk Cousins,1166,QB,touchdowns,THRESHOLD,1+,0.06,0.0740,0.03,0.04,0.97,26457,80,
KXNFLTD-26SEP27TENNYG-NYGCSKATTEBO44-1,26SEP27TENNYG,Cam Skattebo,12481,RB,touchdowns,THRESHOLD,1+,0.72,0.5150,0.43,0.44,0.57,97730,294,
KXNFLTD-26SEP27TENNYG-NYGDMOONEY17-1,26SEP27TENNYG,Darnell Mooney,7090,WR,touchdowns,THRESHOLD,1+,0.08,0.0907,0.10,0.11,0.90,15337,18971,
KXNFLTD-26SEP27TENNYG-NYGDSINGLETARY26-1,26SEP27TENNYG,Devin Singletary,6130,RB,touchdowns,THRESHOLD,1+,0.25,0.2121,0.12,0.13,0.88,13048,66,
KXNFLTD-26SEP27TENNYG-NYGNHARRIS23-1,26SEP27TENNYG,Najee Harris,7528,RB,touchdowns,THRESHOLD,1+,0.17,0.1606,0.13,0.14,0.87,6862,242,
KXNFLTD-26SEP27LARDEN-LARTFERGUSON18-2,26SEP27LARDEN,Terrance Ferguson,12487,TE,touchdowns,THRESHOLD,2+,0.31,0.0424,0.04,0.05,0.96,79746,1888,
KXNFLTD-26SEP27LARDEN-LARTFERGUSON18-1,26SEP27LARDEN,Terrance Ferguson,12487,TE,touchdowns,THRESHOLD,1+,0.31,0.2537,0.27,0.28,0.73,319,940,
KXNFLTD-26SEP27LARDEN-LARMSTAFFORD9-1,26SEP27LARDEN,Matthew Stafford,421,QB,touchdowns,THRESHOLD,1+,0.05,0.0724,0.03,0.04,0.97,188829,409,
KXNFLTD-26SEP27LARDEN-LARKWILLIAMS23-2,26SEP27LARDEN,Kyren Williams,8150,RB,touchdowns,THRESHOLD,2+,0.67,0.1589,0.12,0.14,0.88,83085,34,
KXNFLTD-26SEP27LARDEN-LARKWILLIAMS23-1,26SEP27LARDEN,Kyren Williams,8150,RB,touchdowns,THRESHOLD,1+,0.67,0.5200,0.50,0.51,0.50,39724,1024,
KXNFLTD-26SEP27LARDEN-LARDADAMS17-2,26SEP27LARDEN,Davante Adams,2133,WR,touchdowns,THRESHOLD,2+,0.48,0.0807,0.10,0.11,0.90,119420,2395,
KXNFLTD-26SEP27LARDEN-LARDADAMS17-1,26SEP27LARDEN,Davante Adams,2133,WR,touchdowns,THRESHOLD,1+,0.48,0.3502,0.45,0.46,0.55,41727,608,
KXNFLTD-26SEP27LARDEN-LARBCORUM24-2,26SEP27LARDEN,Blake Corum,11586,RB,touchdowns,THRESHOLD,2+,0.38,0.0740,0.03,0.04,0.97,86088,10,
KXNFLTD-26SEP27LARDEN-LARBCORUM24-1,26SEP27LARDEN,Blake Corum,11586,RB,touchdowns,THRESHOLD,1+,0.38,0.3203,0.25,0.26,0.75,26378,249,
KXNFLTD-26SEP27LARDEN-DENJWADDLE17-2,26SEP27LARDEN,Jaylen Waddle,7526,WR,touchdowns,THRESHOLD,2+,0.34,0.0474,0.04,0.05,0.96,91425,25,
KXNFLTD-26SEP27LARDEN-DENJWADDLE17-1,26SEP27LARDEN,Jaylen Waddle,7526,WR,touchdowns,THRESHOLD,1+,0.34,0.2770,0.30,0.31,0.70,7004,292,
KXNFLTD-26SEP27LARDEN-DENCSUTTON14-2,26SEP27LARDEN,Courtland Sutton,5045,WR,touchdowns,THRESHOLD,2+,0.32,0.0308,0.02,0.04,0.98,88634,21,
KXNFLTD-26SEP27LARDEN-DENCSUTTON14-1,26SEP27LARDEN,Courtland Sutton,5045,WR,touchdowns,THRESHOLD,1+,0.32,0.2338,0.24,0.25,0.76,1636,1676,
KXNFLTD-26SEP27LARDEN-DENBNIX10-2,26SEP27LARDEN,Bo Nix,11563,QB,touchdowns,THRESHOLD,2+,0.19,0.0141,0.01,0.02,0.99,202677,825,
KXNFLTD-26SEP27LARDEN-DENBNIX10-1,26SEP27LARDEN,Bo Nix,11563,QB,touchdowns,THRESHOLD,1+,0.19,0.1439,0.16,0.17,0.84,46899,325,
KXNFLTD-26SEP27BALDAL-DALRFLOURNOY19-2,26SEP27BALDAL,Ryan Flournoy,11783,WR,touchdowns,THRESHOLD,2+,0.20,0.0125,0.01,0.02,0.99,25100,470,
KXNFLTD-26SEP27BALDAL-DALRFLOURNOY19-1,26SEP27BALDAL,Ryan Flournoy,11783,WR,touchdowns,THRESHOLD,1+,0.20,0.1705,0.19,0.20,0.81,72481,25,
KXNFLTD-26SEP27BALDAL-DALKTURPIN9-1,26SEP27BALDAL,KaVontae Turpin,8917,WR,touchdowns,THRESHOLD,1+,0.09,0.0774,0.08,0.09,0.92,42184,487,
KXNFLTD-26SEP27BALDAL-DALJWILLIAMS33-3,26SEP27BALDAL,Javonte Williams,7588,RB,touchdowns,THRESHOLD,3+,0.88,0.0491,0.03,0.04,0.97,25200,53,
KXNFLTD-26SEP27BALDAL-DALJWILLIAMS33-2,26SEP27BALDAL,Javonte Williams,7588,RB,touchdowns,THRESHOLD,2+,0.88,0.1905,0.17,0.18,0.83,9900,98,
KXNFLTD-26SEP27BALDAL-DALJWILLIAMS33-1,26SEP27BALDAL,Javonte Williams,7588,RB,touchdowns,THRESHOLD,1+,0.88,0.5566,0.56,0.57,0.44,4821,429,
KXNFLTD-26SEP27BALDAL-DALJFERGUSON87-2,26SEP27BALDAL,Jake Ferguson,8110,TE,touchdowns,THRESHOLD,2+,0.30,0.0391,0.03,0.04,0.97,56427,25,
KXNFLTD-26SEP27BALDAL-DALJFERGUSON87-1,26SEP27BALDAL,Jake Ferguson,8110,TE,touchdowns,THRESHOLD,1+,0.30,0.2421,0.25,0.26,0.75,92210,206,
KXNFLTD-26SEP27BALDAL-DALHLUEPKE30-1,26SEP27BALDAL,Hunter Luepke,11510,RB,touchdowns,THRESHOLD,1+,0.04,0.0707,0.06,0.07,0.94,43868,3303,
KXNFLTD-26SEP27BALDAL-DALGPICKENS3-3,26SEP27BALDAL,George Pickens,8137,WR,touchdowns,THRESHOLD,3+,0.34,0.0058,0.01,0.02,0.99,45385,450,
KXNFLTD-26SEP27BALDAL-DALGPICKENS3-2,26SEP27BALDAL,George Pickens,8137,WR,touchdowns,THRESHOLD,2+,0.34,0.0474,0.06,0.07,0.94,34800,856,
KXNFLTD-26SEP27BALDAL-DALGPICKENS3-1,26SEP27BALDAL,George Pickens,8137,WR,touchdowns,THRESHOLD,1+,0.34,0.2770,0.36,0.37,0.64,51561,1215,
KXNFLTD-26SEP27BALDAL-DALEDEMERCADO31-2,26SEP27BALDAL,Emari Demercado,11199,RB,touchdowns,THRESHOLD,2+,0.12,0.0058,0.00,0.01,1.00,25900,0,
KXNFLTD-26SEP27BALDAL-DALEDEMERCADO31-1,26SEP27BALDAL,Emari Demercado,11199,RB,touchdowns,THRESHOLD,1+,0.12,0.1140,0.11,0.12,0.89,40652,3799,
KXNFLTD-26SEP27BALDAL-DALDPRESCOTT4-2,26SEP27BALDAL,Dak Prescott,3294,QB,touchdowns,THRESHOLD,2+,0.12,0.0125,0.01,0.02,0.99,32958,825,
KXNFLTD-26SEP27BALDAL-DALDPRESCOTT4-1,26SEP27BALDAL,Dak Prescott,3294,QB,touchdowns,THRESHOLD,1+,0.12,0.1290,0.12,0.13,0.88,7485,878,
KXNFLTD-26SEP27BALDAL-DALCLAMB88-3,26SEP27BALDAL,CeeDee Lamb,6786,WR,touchdowns,THRESHOLD,3+,0.45,0.0058,0.01,0.02,0.99,64819,469,
KXNFLTD-26SEP27BALDAL-DALCLAMB88-2,26SEP27BALDAL,CeeDee Lamb,6786,WR,touchdowns,THRESHOLD,2+,0.45,0.0691,0.09,0.10,0.91,46411,1311,
KXNFLTD-26SEP27BALDAL-DALCLAMB88-1,26SEP27BALDAL,CeeDee Lamb,6786,WR,touchdowns,THRESHOLD,1+,0.45,0.3652,0.42,0.43,0.58,30936,687,
KXNFLTD-26SEP27BALDAL-DALBSPANNFORD89-1,26SEP27BALDAL,Brevyn Spann-Ford,11593,TE,touchdowns,THRESHOLD,1+,0.03,0.0524,0.05,0.06,0.95,34017,27257,
KXNFLTD-26SEP27BALDAL-BALRBATEMAN7-3,26SEP27BALDAL,Rashod Bateman,7571,WR,touchdowns,THRESHOLD,3+,0.34,0.0058,0.01,0.02,0.99,35385,450,
KXNFLTD-26SEP27BALDAL-BALRBATEMAN7-2,26SEP27BALDAL,Rashod Bateman,7571,WR,touchdowns,THRESHOLD,2+,0.34,0.0474,0.06,0.07,0.94,525,13,
KXNFLTD-26SEP27BALDAL-BALRBATEMAN7-1,26SEP27BALDAL,Rashod Bateman,7571,WR,touchdowns,THRESHOLD,1+,0.34,0.2770,0.35,0.36,0.65,3537,1715,
KXNFLTD-26SEP27BALDAL-BALMANDREWS89-3,26SEP27BALDAL,Mark Andrews,5012,TE,touchdowns,THRESHOLD,3+,0.36,0.0108,0.01,0.02,0.99,30650,845,
KXNFLTD-26SEP27BALDAL-BALMANDREWS89-2,26SEP27BALDAL,Mark Andrews,5012,TE,touchdowns,THRESHOLD,2+,0.36,0.0524,0.08,0.10,0.92,52336,48,
KXNFLTD-26SEP27BALDAL-BALMANDREWS89-1,26SEP27BALDAL,Mark Andrews,5012,TE,touchdowns,THRESHOLD,1+,0.36,0.2870,0.39,0.40,0.61,2549,489,
KXNFLTD-26SEP27BALDAL-BALLWESTER10-1,26SEP27BALDAL,LaJohntay Wester,12699,WR,touchdowns,THRESHOLD,1+,0.07,0.1123,0.20,0.21,0.80,2,270,
KXNFLTD-26SEP27BALDAL-BALLJACKSON8-3,26SEP27BALDAL,Lamar Jackson,4881,QB,touchdowns,THRESHOLD,3+,0.34,0.0042,0.00,0.01,1.00,23262,0,
KXNFLTD-26SEP27BALDAL-BALLJACKSON8-2,26SEP27BALDAL,Lamar Jackson,4881,QB,touchdowns,THRESHOLD,2+,0.34,0.0607,0.04,0.05,0.96,41802,833,
KXNFLTD-26SEP27BALDAL-BALLJACKSON8-1,26SEP27BALDAL,Lamar Jackson,4881,QB,touchdowns,THRESHOLD,1+,0.34,0.2970,0.28,0.29,0.72,1,15,
KXNFLTD-26SEP27BALDAL-BALJHILL43-2,26SEP27BALDAL,Justice Hill,5995,RB,touchdowns,THRESHOLD,2+,0.25,0.0408,0.00,0.02,1.00,38981,0,
KXNFLTD-26SEP27BALDAL-BALJHILL43-1,26SEP27BALDAL,Justice Hill,5995,RB,touchdowns,THRESHOLD,1+,0.25,0.2121,0.14,0.15,0.86,32197,25,
KXNFLTD-26SEP27BALDAL-BALESARRATT13-1,26SEP27BALDAL,Elijah Sarratt,13268,WR,touchdowns,THRESHOLD,1+,0.01,0.0491,0.09,0.10,0.91,66,13,
KXNFLTD-26SEP27BALDAL-BALDWALKER81-2,26SEP27BALDAL,Devontez Walker,11629,WR,touchdowns,THRESHOLD,2+,0.09,0.0108,0.00,0.01,1.00,25600,0,
KXNFLTD-26SEP27BALDAL-BALDWALKER81-1,26SEP27BALDAL,Devontez Walker,11629,WR,touchdowns,THRESHOLD,1+,0.09,0.0774,0.10,0.11,0.90,7103,285,
KXNFLTD-26SEP27BALDAL-BALDSMYTHE80-2,26SEP27BALDAL,Durham Smythe,5008,TE,touchdowns,THRESHOLD,2+,0.06,0.0008,0.00,0.01,1.00,25950,0,
KXNFLTD-26SEP27BALDAL-BALDSMYTHE80-1,26SEP27BALDAL,Durham Smythe,5008,TE,touchdowns,THRESHOLD,1+,0.06,0.0707,0.09,0.10,0.91,33304,94,
KXNFLTD-26SEP27BALDAL-BALDHENRY22-3,26SEP27BALDAL,Derrick Henry,3198,RB,touchdowns,THRESHOLD,3+,1.02,0.0541,0.06,0.07,0.94,26228,12,
KXNFLTD-26SEP27BALDAL-BALDHENRY22-2,26SEP27BALDAL,Derrick Henry,3198,RB,touchdowns,THRESHOLD,2+,1.02,0.1922,0.28,0.29,0.72,79416,1,
KXNFLTD-26SEP27BALDAL-BALDHENRY22-1,26SEP27BALDAL,Derrick Henry,3198,RB,touchdowns,THRESHOLD,1+,1.02,0.5649,0.67,0.68,0.33,26251,194,
KXNFLTD-26SEP27BALDAL-BALCMOORE17-2,26SEP27BALDAL,Chris Moore,3269,WR,touchdowns,THRESHOLD,2+,0.06,0.0008,0.00,0.02,1.00,512,0,
KXNFLTD-26SEP27BALDAL-BALCMOORE17-1,26SEP27BALDAL,Chris Moore,3269,WR,touchdowns,THRESHOLD,1+,0.06,0.0674,0.14,0.15,0.86,5062,772,
KXNFLTD-26SEP27LVNO-NOTSHOUGH6-2,26SEP27LVNO,Tyler Shough,12545,QB,touchdowns,THRESHOLD,2+,0.24,0.0258,0.02,0.03,0.98,24320,1849,
KXNFLTD-26SEP27LVNO-NOTSHOUGH6-1,26SEP27LVNO,Tyler Shough,12545,QB,touchdowns,THRESHOLD,1+,0.24,0.2072,0.22,0.23,0.78,43890,3466,
KXNFLTD-26SEP27LVNO-NOTETIENNE3-3,26SEP27LVNO,Travis Etienne Jr.,7543,RB,touchdowns,THRESHOLD,3+,0.45,0.0108,0.01,0.02,0.99,44435,470,
KXNFLTD-26SEP27LVNO-NOTETIENNE3-2,26SEP27LVNO,Travis Etienne Jr.,7543,RB,touchdowns,THRESHOLD,2+,0.45,0.0923,0.07,0.08,0.93,61095,13,
KXNFLTD-26SEP27LVNO-NOTETIENNE3-1,26SEP27LVNO,Travis Etienne Jr.,7543,RB,touchdowns,THRESHOLD,1+,0.45,0.3719,0.37,0.38,0.63,12055,106,
KXNFLTD-26SEP27LVNO-NONFANT87-2,26SEP27LVNO,Noah Fant,5857,TE,touchdowns,THRESHOLD,2+,0.15,0.0191,0.01,0.02,0.99,49735,300,
KXNFLTD-26SEP27LVNO-NONFANT87-1,26SEP27LVNO,Noah Fant,5857,TE,touchdowns,THRESHOLD,1+,0.15,0.1439,0.09,0.11,0.91,25,72,
KXNFLTD-26SEP27LVNO-NOJJOHNSON83-2,26SEP27LVNO,Juwan Johnson,7002,TE,touchdowns,THRESHOLD,2+,0.27,0.0358,0.02,0.03,0.98,25100,458,
KXNFLTD-26SEP27LVNO-NOJJOHNSON83-1,26SEP27LVNO,Juwan Johnson,7002,TE,touchdowns,THRESHOLD,1+,0.27,0.2288,0.22,0.23,0.78,7484,2447,
KXNFLTD-26SEP27LVNO-NODVELE14-2,26SEP27LVNO,Devaughn Vele,11834,WR,touchdowns,THRESHOLD,2+,0.32,0.0308,0.02,0.03,0.98,29307,1886,
KXNFLTD-26SEP27LVNO-NODVELE14-1,26SEP27LVNO,Devaughn Vele,11834,WR,touchdowns,THRESHOLD,1+,0.32,0.2338,0.23,0.24,0.77,52159,83,
KXNFLTD-26SEP27LVNO-NOCOLAVE12-3,26SEP27LVNO,Chris Olave,8144,WR,touchdowns,THRESHOLD,3+,0.69,0.0191,0.01,0.02,0.99,45335,450,
KXNFLTD-26SEP27LVNO-NOCOLAVE12-2,26SEP27LVNO,Chris Olave,8144,WR,touchdowns,THRESHOLD,2+,0.69,0.1140,0.06,0.07,0.94,21533,24,
KXNFLTD-26SEP27LVNO-NOCOLAVE12-1,26SEP27LVNO,Chris Olave,8144,WR,touchdowns,THRESHOLD,1+,0.69,0.4468,0.37,0.38,0.63,35632,637,
KXNFLTD-26SEP27LVNO-NOBLANCE18-2,26SEP27LVNO,Bryce Lance,13420,WR,touchdowns,THRESHOLD,2+,0.14,0.0108,0.01,0.02,0.99,14295,450,
KXNFLTD-26SEP27LVNO-NOBLANCE18-1,26SEP27LVNO,Bryce Lance,13420,WR,touchdowns,THRESHOLD,1+,0.14,0.1140,0.12,0.13,0.88,8550,38,
KXNFLTD-26SEP27LVNO-NOAKAMARA41-3,26SEP27LVNO,Alvin Kamara,4035,RB,touchdowns,THRESHOLD,3+,0.35,0.0075,0.01,0.02,0.99,45335,300,
KXNFLTD-26SEP27LVNO-NOAKAMARA41-2,26SEP27LVNO,Alvin Kamara,4035,RB,touchdowns,THRESHOLD,2+,0.35,0.0624,0.04,0.06,0.96,61959,604,
KXNFLTD-26SEP27LVNO-NOAKAMARA41-1,26SEP27LVNO,Alvin Kamara,4035,RB,touchdowns,THRESHOLD,1+,0.35,0.2953,0.29,0.30,0.71,27,3440,
KXNFLTD-26SEP27LVNO-LVTTUCKER1-2,26SEP27LVNO,Tre Tucker,10213,WR,touchdowns,THRESHOLD,2+,0.25,0.0341,0.01,0.02,0.99,599,2720,
KXNFLTD-26SEP27LVNO-LVTTUCKER1-1,26SEP27LVNO,Tre Tucker,10213,WR,touchdowns,THRESHOLD,1+,0.25,0.2321,0.21,0.22,0.79,1408,444,
KXNFLTD-26SEP27LVNO-LVMWASHINGTON30-2,26SEP27LVNO,Mike Washington Jr.,13305,RB,touchdowns,THRESHOLD,2+,0.11,0.0008,0.01,0.02,0.99,29435,450,
KXNFLTD-26SEP27LVNO-LVMWASHINGTON30-1,26SEP27LVNO,Mike Washington Jr.,13305,RB,touchdowns,THRESHOLD,1+,0.11,0.1073,0.13,0.14,0.87,41,35,
KXNFLTD-26SEP27LVNO-LVMMAYER87-2,26SEP27LVNO,Michael Mayer,9482,TE,touchdowns,THRESHOLD,2+,0.09,0.0092,0.01,0.02,0.99,25025,1633,
KXNFLTD-26SEP27LVNO-LVMMAYER87-1,26SEP27LVNO,Michael Mayer,9482,TE,touchdowns,THRESHOLD,1+,0.09,0.0923,0.19,0.20,0.81,9846,58,
KXNFLTD-26SEP27LVNO-LVJNAILOR9-2,26SEP27LVNO,Jalen Nailor,8180,WR,touchdowns,THRESHOLD,2+,0.24,0.0324,0.01,0.02,0.99,30200,470,
KXNFLTD-26SEP27LVNO-LVJNAILOR9-1,26SEP27LVNO,Jalen Nailor,8180,WR,touchdowns,THRESHOLD,1+,0.24,0.2338,0.14,0.16,0.86,9682,12,
KXNFLTD-26SEP27LVNO-LVJBECH18-2,26SEP27LVNO,Jack Bech,12483,WR,touchdowns,THRESHOLD,2+,0.16,0.0158,0.01,0.02,0.99,34530,275,
KXNFLTD-26SEP27LVNO-LVJBECH18-1,26SEP27LVNO,Jack Bech,12483,WR,touchdowns,THRESHOLD,1+,0.16,0.1373,0.11,0.12,0.89,35731,2107,
KXNFLTD-26SEP27LVNO-LVAJEANTY2-3,26SEP27LVNO,Ashton Jeanty,12527,RB,touchdowns,THRESHOLD,3+,0.68,0.0258,0.03,0.04,0.97,75792,75,
KXNFLTD-26SEP27LVNO-LVAJEANTY2-2,26SEP27LVNO,Ashton Jeanty,12527,RB,touchdowns,THRESHOLD,2+,0.68,0.1656,0.12,0.13,0.88,29012,60,
KXNFLTD-26SEP27LVNO-LVAJEANTY2-1,26SEP27LVNO,Ashton Jeanty,12527,RB,touchdowns,THRESHOLD,1+,0.68,0.5233,0.48,0.49,0.52,12363,557,
KXNFLTD-26SEP27MINTB-TBTHURST17-2,26SEP27MINTB,Ted Hurst III,13317,WR,touchdowns,THRESHOLD,2+,0.14,0.0108,0.01,0.02,0.99,600,470,
KXNFLTD-26SEP27MINTB-TBTHURST17-1,26SEP27MINTB,Ted Hurst III,13317,WR,touchdowns,THRESHOLD,1+,0.14,0.1140,0.16,0.17,0.84,4314,251,
KXNFLTD-26SEP27MINTB-TBKGAINWELL1-2,26SEP27MINTB,Kenny Gainwell,7567,RB,touchdowns,THRESHOLD,2+,0.28,0.0441,0.03,0.04,0.97,39101,25,
KXNFLTD-26SEP27MINTB-TBKGAINWELL1-1,26SEP27MINTB,Kenny Gainwell,7567,RB,touchdowns,THRESHOLD,1+,0.28,0.2388,0.21,0.22,0.79,88,11,
KXNFLTD-26SEP27MINTB-TBJMCMILLAN11-2,26SEP27MINTB,Jalen McMillan,11618,WR,touchdowns,THRESHOLD,2+,0.07,0.0075,0.01,0.02,0.99,49735,450,
KXNFLTD-26SEP27MINTB-TBJMCMILLAN11-1,26SEP27MINTB,Jalen McMillan,11618,WR,touchdowns,THRESHOLD,1+,0.07,0.1123,0.11,0.12,0.89,3635,84,
KXNFLTD-26SEP27MINTB-TBEEGBUKA2-2,26SEP27MINTB,Emeka Egbuka,12514,WR,touchdowns,THRESHOLD,2+,0.28,0.0291,0.03,0.04,0.97,45570,300,
KXNFLTD-26SEP27MINTB-TBEEGBUKA2-1,26SEP27MINTB,Emeka Egbuka,12514,WR,touchdowns,THRESHOLD,1+,0.28,0.2388,0.27,0.28,0.73,31543,36,
KXNFLTD-26SEP27MINTB-TBCOTTON88-2,26SEP27MINTB,Cade Otton,8111,TE,touchdowns,THRESHOLD,2+,0.17,0.0175,0.01,0.02,0.99,25100,470,
KXNFLTD-26SEP27MINTB-TBCOTTON88-1,26SEP27MINTB,Cade Otton,8111,TE,touchdowns,THRESHOLD,1+,0.17,0.1489,0.17,0.18,0.83,13880,245,
KXNFLTD-26SEP27MINTB-TBCGODWIN14-2,26SEP27MINTB,Chris Godwin Jr.,4037,WR,touchdowns,THRESHOLD,2+,0.27,0.0275,0.02,0.03,0.98,29735,40,
KXNFLTD-26SEP27MINTB-TBCGODWIN14-1,26SEP27MINTB,Chris Godwin Jr.,4037,WR,touchdowns,THRESHOLD,1+,0.27,0.2288,0.19,0.20,0.81,4500,36,
KXNFLTD-26SEP27MINTB-TBBMAYFIELD6-2,26SEP27MINTB,Baker Mayfield,4892,QB,touchdowns,THRESHOLD,2+,0.13,0.0175,0.01,0.02,0.99,68292,550,
KXNFLTD-26SEP27MINTB-TBBMAYFIELD6-1,26SEP27MINTB,Baker Mayfield,4892,QB,touchdowns,THRESHOLD,1+,0.13,0.1373,0.11,0.12,0.89,30924,10490,
KXNFLTD-26SEP27MINTB-TBBIRVING7-3,26SEP27MINTB,Bucky Irving,11584,RB,touchdowns,THRESHOLD,3+,0.58,0.0141,0.01,0.02,0.99,29435,470,
KXNFLTD-26SEP27MINTB-TBBIRVING7-2,26SEP27MINTB,Bucky Irving,11584,RB,touchdowns,THRESHOLD,2+,0.58,0.1323,0.07,0.08,0.93,249,46,
KXNFLTD-26SEP27MINTB-TBBIRVING7-1,26SEP27MINTB,Bucky Irving,11584,RB,touchdowns,THRESHOLD,1+,0.58,0.4634,0.38,0.39,0.62,14289,146,
KXNFLTD-26SEP27MINTB-MINTHOCKENSON87-2,26SEP27MINTB,T.J. Hockenson,5844,TE,touchdowns,THRESHOLD,2+,0.25,0.0191,0.02,0.03,0.98,42535,43,
KXNFLTD-26SEP27MINTB-MINTHOCKENSON87-1,26SEP27MINTB,T.J. Hockenson,5844,TE,touchdowns,THRESHOLD,1+,0.25,0.2238,0.20,0.21,0.80,9338,10171,
KXNFLTD-26SEP27MINTB-MINKMURRAY1-2,26SEP27MINTB,Kyler Murray,5849,QB,touchdowns,THRESHOLD,2+,0.24,0.0258,0.02,0.03,0.98,41010,36992,
KXNFLTD-26SEP27MINTB-MINKMURRAY1-1,26SEP27MINTB,Kyler Murray,5849,QB,touchdowns,THRESHOLD,1+,0.24,0.2072,0.20,0.21,0.80,80328,393,
KXNFLTD-26SEP27MINTB-MINJOLIVER84-2,26SEP27MINTB,Josh Oliver,5973,TE,touchdowns,THRESHOLD,2+,0.07,0.0025,0.01,0.02,0.99,49735,300,
KXNFLTD-26SEP27MINTB-MINJOLIVER84-1,26SEP27MINTB,Josh Oliver,5973,TE,touchdowns,THRESHOLD,1+,0.07,0.0890,0.11,0.12,0.89,33335,11,
KXNFLTD-26SEP27MINTB-MINJJEFFERSON18-3,26SEP27MINTB,Justin Jefferson,6794,WR,touchdowns,THRESHOLD,3+,0.52,0.0108,0.01,0.02,0.99,34870,320,
KXNFLTD-26SEP27MINTB-MINJJEFFERSON18-2,26SEP27MINTB,Justin Jefferson,6794,WR,touchdowns,THRESHOLD,2+,0.52,0.0790,0.06,0.07,0.94,38489,7357,
KXNFLTD-26SEP27MINTB-MINJJEFFERSON18-1,26SEP27MINTB,Justin Jefferson,6794,WR,touchdowns,THRESHOLD,1+,0.52,0.3952,0.36,0.37,0.64,23061,27,
KXNFLTD-26SEP27MINTB-MINJADDISON3-2,26SEP27MINTB,Jordan Addison,9756,WR,touchdowns,THRESHOLD,2+,0.30,0.0175,0.03,0.04,0.97,52428,25,
KXNFLTD-26SEP27MINTB-MINJADDISON3-1,26SEP27MINTB,Jordan Addison,9756,WR,touchdowns,THRESHOLD,1+,0.30,0.2121,0.24,0.25,0.76,9289,14475,
KXNFLTD-26SEP27MINTB-MINAJONES33-3,26SEP27MINTB,Aaron Jones Sr.,4199,RB,touchdowns,THRESHOLD,3+,0.55,0.0158,0.01,0.02,0.99,25134,2880,
KXNFLTD-26SEP27MINTB-MINAJONES33-2,26SEP27MINTB,Aaron Jones Sr.,4199,RB,touchdowns,THRESHOLD,2+,0.55,0.1156,0.13,0.14,0.87,62588,8,
KXNFLTD-26SEP27MINTB-MINAJONES33-1,26SEP27MINTB,Aaron Jones Sr.,4199,RB,touchdowns,THRESHOLD,1+,0.55,0.4601,0.46,0.47,0.54,984,18,
KXNFLTD-26SEP27CINPIT-PITRWILSON14-2,26SEP27CINPIT,Roman Wilson,11630,WR,touchdowns,THRESHOLD,2+,0.16,0.0158,0.01,0.02,0.99,44735,450,
KXNFLTD-26SEP27CINPIT-PITRWILSON14-1,26SEP27CINPIT,Roman Wilson,11630,WR,touchdowns,THRESHOLD,1+,0.16,0.1373,0.12,0.13,0.88,45196,714,
KXNFLTD-26SEP27CINPIT-PITPFREIERMUTH88-2,26SEP27CINPIT,Pat Freiermuth,7600,TE,touchdowns,THRESHOLD,2+,0.24,0.0158,0.01,0.02,0.99,25366,647,
KXNFLTD-26SEP27CINPIT-PITPFREIERMUTH88-1,26SEP27CINPIT,Pat Freiermuth,7600,TE,touchdowns,THRESHOLD,1+,0.24,0.2088,0.19,0.20,0.81,47230,39,
KXNFLTD-26SEP27CINPIT-PITJWARREN30-2,26SEP27CINPIT,Jaylen Warren,8228,RB,touchdowns,THRESHOLD,2+,0.49,0.1040,0.09,0.10,0.91,6996,38,Questionable
KXNFLTD-26SEP27CINPIT-PITJWARREN30-1,26SEP27CINPIT,Jaylen Warren,8228,RB,touchdowns,THRESHOLD,1+,0.49,0.4235,0.42,0.43,0.58,11730,31,Questionable
KXNFLTD-26SEP27CINPIT-PITDWASHINGTON80-2,26SEP27CINPIT,Darnell Washington,9479,TE,touchdowns,THRESHOLD,2+,0.08,0.0025,0.00,0.01,1.00,13463,0,
KXNFLTD-26SEP27CINPIT-PITDWASHINGTON80-1,26SEP27CINPIT,Darnell Washington,9479,TE,touchdowns,THRESHOLD,1+,0.08,0.0874,0.10,0.11,0.90,34398,200,
KXNFLTD-26SEP27CINPIT-PITDMETCALF4-2,26SEP27CINPIT,DK Metcalf,5846,WR,touchdowns,THRESHOLD,2+,0.34,0.0474,0.03,0.04,0.97,25746,117,
KXNFLTD-26SEP27CINPIT-PITDMETCALF4-1,26SEP27CINPIT,DK Metcalf,5846,WR,touchdowns,THRESHOLD,1+,0.34,0.2770,0.30,0.31,0.70,29582,975,
KXNFLTD-26SEP27CINPIT-PITARODGERS8-1,26SEP27CINPIT,Aaron Rodgers,96,QB,touchdowns,THRESHOLD,1+,0.06,0.0740,0.06,0.07,0.94,70183,1020,
KXNFLTD-26SEP27CINPIT-CINTHIGGINS5-3,26SEP27CINPIT,Tee Higgins,6801,WR,touchdowns,THRESHOLD,3+,0.49,0.0092,0.00,0.01,1.00,70021,0,
KXNFLTD-26SEP27CINPIT-CINTHIGGINS5-2,26SEP27CINPIT,Tee Higgins,6801,WR,touchdowns,THRESHOLD,2+,0.49,0.0724,0.05,0.06,0.95,59003,3035,
KXNFLTD-26SEP27CINPIT-CINTHIGGINS5-1,26SEP27CINPIT,Tee Higgins,6801,WR,touchdowns,THRESHOLD,1+,0.49,0.3469,0.33,0.34,0.67,39487,2615,
KXNFLTD-26SEP27CINPIT-CINSPERINE34-2,26SEP27CINPIT,Samaje Perine,4147,RB,touchdowns,THRESHOLD,2+,0.18,0.0158,0.01,0.02,0.99,48933,460,
KXNFLTD-26SEP27CINPIT-CINSPERINE34-1,26SEP27CINPIT,Samaje Perine,4147,RB,touchdowns,THRESHOLD,1+,0.18,0.1755,0.15,0.16,0.85,3856,48,
KXNFLTD-26SEP27CINPIT-CINMGESICKI88-2,26SEP27CINPIT,Mike Gesicki,4993,TE,touchdowns,THRESHOLD,2+,0.18,0.0208,0.01,0.02,0.99,30199,460,
KXNFLTD-26SEP27CINPIT-CINMGESICKI88-1,26SEP27CINPIT,Mike Gesicki,4993,TE,touchdowns,THRESHOLD,1+,0.18,0.1423,0.16,0.17,0.84,26875,2969,
KXNFLTD-26SEP27CINPIT-CINJCHASE1-3,26SEP27CINPIT,Ja'Marr Chase,7564,WR,touchdowns,THRESHOLD,3+,0.58,0.0158,0.01,0.02,0.99,74760,450,
KXNFLTD-26SEP27CINPIT-CINJCHASE1-2,26SEP27CINPIT,Ja'Marr Chase,7564,WR,touchdowns,THRESHOLD,2+,0.58,0.0973,0.09,0.10,0.91,36866,2267,
KXNFLTD-26SEP27CINPIT-CINJCHASE1-1,26SEP27CINPIT,Ja'Marr Chase,7564,WR,touchdowns,THRESHOLD,1+,0.58,0.4201,0.41,0.42,0.59,21813,2050,
KXNFLTD-26SEP27CINPIT-CINJBURROW9-2,26SEP27CINPIT,Joe Burrow,6770,QB,touchdowns,THRESHOLD,2+,0.08,0.0092,0.00,0.01,1.00,33535,0,
KXNFLTD-26SEP27CINPIT-CINJBURROW9-1,26SEP27CINPIT,Joe Burrow,6770,QB,touchdowns,THRESHOLD,1+,0.08,0.0840,0.10,0.11,0.90,33635,19830,
KXNFLTD-26SEP27CINPIT-CINCBROWN30-3,26SEP27CINPIT,Chase Brown,9224,RB,touchdowns,THRESHOLD,3+,0.65,0.0191,0.02,0.03,0.98,106195,295,
KXNFLTD-26SEP27CINPIT-CINCBROWN30-2,26SEP27CINPIT,Chase Brown,9224,RB,touchdowns,THRESHOLD,2+,0.65,0.1489,0.12,0.13,0.88,52368,66,
KXNFLTD-26SEP27CINPIT-CINCBROWN30-1,26SEP27CINPIT,Chase Brown,9224,RB,touchdowns,THRESHOLD,1+,0.65,0.5050,0.48,0.49,0.52,12704,2131,
KXNFLTD-26SEP27ARISF-SFLFARRELL89-2,26SEP27ARISF,Luke Farrell,7842,TE,touchdowns,THRESHOLD,2+,0.05,0.0025,0.00,0.01,1.00,26841,0,
KXNFLTD-26SEP27ARISF-SFLFARRELL89-1,26SEP27ARISF,Luke Farrell,7842,TE,touchdowns,THRESHOLD,1+,0.05,0.0657,0.08,0.09,0.92,33855,250,
KXNFLTD-26SEP27ARISF-SFKJUSZCZYK44-2,26SEP27ARISF,Kyle Juszczyk,1379,RB,touchdowns,THRESHOLD,2+,0.07,0.0042,0.00,0.01,1.00,25003,0,
KXNFLTD-26SEP27ARISF-SFKJUSZCZYK44-1,26SEP27ARISF,Kyle Juszczyk,1379,RB,touchdowns,THRESHOLD,1+,0.07,0.0641,0.10,0.11,0.90,79160,603,
KXNFLTD-26SEP27ARISF-SFKBLACK26-3,26SEP27ARISF,Kaelon Black,13414,RB,touchdowns,THRESHOLD,3+,0.18,0.0025,0.01,0.02,0.99,6300,98,
KXNFLTD-26SEP27ARISF-SFKBLACK26-2,26SEP27ARISF,Kaelon Black,13414,RB,touchdowns,THRESHOLD,2+,0.18,0.0158,0.02,0.03,0.98,24001,847,
KXNFLTD-26SEP27ARISF-SFKBLACK26-1,26SEP27ARISF,Kaelon Black,13414,RB,touchdowns,THRESHOLD,1+,0.18,0.1755,0.23,0.24,0.77,60205,363,
KXNFLTD-26SEP27ARISF-SFGKITTLE85-3,26SEP27ARISF,George Kittle,4217,TE,touchdowns,THRESHOLD,3+,0.47,0.0042,0.01,0.02,0.99,35535,250,
KXNFLTD-26SEP27ARISF-SFGKITTLE85-2,26SEP27ARISF,George Kittle,4217,TE,touchdowns,THRESHOLD,2+,0.47,0.0491,0.06,0.07,0.94,63669,284,
KXNFLTD-26SEP27ARISF-SFGKITTLE85-1,26SEP27ARISF,George Kittle,4217,TE,touchdowns,THRESHOLD,1+,0.47,0.3053,0.33,0.34,0.67,13617,793,
KXNFLTD-26SEP27ARISF-SFDSAMUEL19-3,26SEP27ARISF,Deebo Samuel Sr.,5872,WR,touchdowns,THRESHOLD,3+,0.37,0.0025,0.00,0.01,1.00,25600,0,
KXNFLTD-26SEP27ARISF-SFDSAMUEL19-2,26SEP27ARISF,Deebo Samuel Sr.,5872,WR,touchdowns,THRESHOLD,2+,0.37,0.0424,0.06,0.07,0.94,60940,13,
KXNFLTD-26SEP27ARISF-SFDSAMUEL19-1,26SEP27ARISF,Deebo Samuel Sr.,5872,WR,touchdowns,THRESHOLD,1+,0.37,0.2521,0.33,0.35,0.67,26826,1309,
KXNFLTD-26SEP27ARISF-SFCMCCAFFREY23-3,26SEP27ARISF,Christian McCaffrey,4034,RB,touchdowns,THRESHOLD,3+,0.89,0.0507,0.08,0.09,0.92,91656,56,
KXNFLTD-26SEP27ARISF-SFCMCCAFFREY23-2,26SEP27ARISF,Christian McCaffrey,4034,RB,touchdowns,THRESHOLD,2+,0.89,0.1889,0.28,0.29,0.72,8814,25,
KXNFLTD-26SEP27ARISF-SFCMCCAFFREY23-1,26SEP27ARISF,Christian McCaffrey,4034,RB,touchdowns,THRESHOLD,1+,0.89,0.5549,0.66,0.67,0.34,6522,256,
KXNFLTD-26SEP27ARISF-SFBPURDY13-2,26SEP27ARISF,Brock Purdy,8183,QB,touchdowns,THRESHOLD,2+,0.25,0.0291,0.03,0.04,0.97,57895,516,
KXNFLTD-26SEP27ARISF-SFBPURDY13-1,26SEP27ARISF,Brock Purdy,8183,QB,touchdowns,THRESHOLD,1+,0.25,0.2138,0.25,0.26,0.75,18810,97,
KXNFLTD-26SEP27ARISF-ARITMCBRIDE85-3,26SEP27ARISF,Trey McBride,8130,TE,touchdowns,THRESHOLD,3+,0.49,0.0042,0.00,0.01,1.00,25600,0,
KXNFLTD-26SEP27ARISF-ARITMCBRIDE85-2,26SEP27ARISF,Trey McBride,8130,TE,touchdowns,THRESHOLD,2+,0.49,0.0524,0.04,0.05,0.96,41854,3341,
KXNFLTD-26SEP27ARISF-ARITMCBRIDE85-1,26SEP27ARISF,Trey McBride,8130,TE,touchdowns,THRESHOLD,1+,0.49,0.3136,0.31,0.32,0.69,12913,16474,
KXNFLTD-26SEP27ARISF-ARITALLGEIER22-3,26SEP27ARISF,Tyler Allgeier,8132,RB,touchdowns,THRESHOLD,3+,0.24,0.0025,0.01,0.02,0.99,45335,300,
KXNFLTD-26SEP27ARISF-ARITALLGEIER22-2,26SEP27ARISF,Tyler Allgeier,8132,RB,touchdowns,THRESHOLD,2+,0.24,0.0374,0.05,0.06,0.95,35045,24,
KXNFLTD-26SEP27ARISF-ARITALLGEIER22-1,26SEP27ARISF,Tyler Allgeier,8132,RB,touchdowns,THRESHOLD,1+,0.24,0.1988,0.28,0.29,0.72,2155,9128,
KXNFLTD-26SEP27ARISF-ARIMWILSON14-2,26SEP27ARISF,Michael Wilson,10232,WR,touchdowns,THRESHOLD,2+,0.37,0.0424,0.02,0.03,0.98,45323,99,
KXNFLTD-26SEP27ARISF-ARIMWILSON14-1,26SEP27ARISF,Michael Wilson,10232,WR,touchdowns,THRESHOLD,1+,0.37,0.2521,0.24,0.25,0.76,57273,370,
KXNFLTD-26SEP27ARISF-ARIMHARRISON18-2,26SEP27ARISF,Marvin Harrison Jr.,11628,WR,touchdowns,THRESHOLD,2+,0.21,0.0125,0.02,0.03,0.98,41542,23584,
KXNFLTD-26SEP27ARISF-ARIMHARRISON18-1,26SEP27ARISF,Marvin Harrison Jr.,11628,WR,touchdowns,THRESHOLD,1+,0.21,0.1689,0.18,0.19,0.82,7058,9347,
KXNFLTD-26SEP27ARISF-ARIKBOURNE17-2,26SEP27ARISF,Kendrick Bourne,4454,WR,touchdowns,THRESHOLD,2+,0.11,0.0075,0.00,0.01,1.00,25600,0,
KXNFLTD-26SEP27ARISF-ARIKBOURNE17-1,26SEP27ARISF,Kendrick Bourne,4454,WR,touchdowns,THRESHOLD,1+,0.11,0.0940,0.11,0.12,0.89,29929,10227,
KXNFLTD-26SEP27ARISF-ARIJLOVE4-3,26SEP27ARISF,Jeremiyah Love,13287,RB,touchdowns,THRESHOLD,3+,0.58,0.0141,0.01,0.02,0.99,30535,450,
KXNFLTD-26SEP27ARISF-ARIJLOVE4-2,26SEP27ARISF,Jeremiyah Love,13287,RB,touchdowns,THRESHOLD,2+,0.58,0.1323,0.06,0.07,0.94,55219,19,
KXNFLTD-26SEP27ARISF-ARIJLOVE4-1,26SEP27ARISF,Jeremiyah Love,13287,RB,touchdowns,THRESHOLD,1+,0.58,0.4634,0.33,0.34,0.67,1,160,
KXNFLTD-26SEP27ARISF-ARIJBRISSETT7-2,26SEP27ARISF,Jacoby Brissett,3257,QB,touchdowns,THRESHOLD,2+,0.09,0.0092,0.00,0.01,1.00,25600,0,
KXNFLTD-26SEP27ARISF-ARIJBRISSETT7-1,26SEP27ARISF,Jacoby Brissett,3257,QB,touchdowns,THRESHOLD,1+,0.09,0.0973,0.10,0.11,0.90,5020,2664,
KXNFLTD-26SEP27ARISF-ARIEHIGGINS84-1,26SEP27ARISF,Elijah Higgins,10231,TE,touchdowns,THRESHOLD,1+,0.03,0.0524,0.04,0.05,0.96,34996,4501,
KXNFLTD-26SEP27HOUIND-INDTWARREN84-1,26SEP27HOUIND,Tyler Warren,12518,TE,touchdowns,THRESHOLD,1+,0.31,0.2537,0.27,0.28,0.73,38257,234,
KXNFLTD-26SEP27HOUIND-INDJTAYLOR28-1,26SEP27HOUIND,Jonathan Taylor,6813,RB,touchdowns,THRESHOLD,1+,1.04,0.5666,0.55,0.56,0.45,14195,5856,
KXNFLTD-26SEP27HOUIND-INDJDOWNS2-1,26SEP27HOUIND,Josh Downs,9500,WR,touchdowns,THRESHOLD,1+,0.27,0.2288,0.24,0.25,0.76,70552,17731,
KXNFLTD-26SEP27HOUIND-HOUWMARKS4-1,26SEP27HOUIND,Woody Marks,12474,RB,touchdowns,THRESHOLD,1+,0.27,0.2388,0.25,0.26,0.75,19269,791,
KXNFLTD-26SEP27HOUIND-HOUDSCHULTZ86-1,26SEP27HOUIND,Dalton Schultz,5001,TE,touchdowns,THRESHOLD,1+,0.24,0.2088,0.29,0.30,0.71,48467,238,
KXNFLTD-26SEP27HOUIND-HOUDMONTGOMERY32-1,26SEP27HOUIND,David Montgomery,5892,RB,touchdowns,THRESHOLD,1+,0.94,0.5449,0.45,0.46,0.55,7316,2156,
KXNFLTD-26SEP27NEJAC-NETHENDERSON32-3,26SEP27NEJAC,TreVeyon Henderson,12529,RB,touchdowns,THRESHOLD,3+,0.60,0.0141,0.01,0.02,0.99,47535,320,
KXNFLTD-26SEP27NEJAC-NETHENDERSON32-2,26SEP27NEJAC,TreVeyon Henderson,12529,RB,touchdowns,THRESHOLD,2+,0.60,0.1356,0.05,0.06,0.95,262,73,
KXNFLTD-26SEP27NEJAC-NETHENDERSON32-1,26SEP27NEJAC,TreVeyon Henderson,12529,RB,touchdowns,THRESHOLD,1+,0.60,0.4817,0.31,0.32,0.69,18007,794,
KXNFLTD-26SEP27NEJAC-NERSTEVENSON38-3,26SEP27NEJAC,Rhamondre Stevenson,7611,RB,touchdowns,THRESHOLD,3+,0.41,0.0141,0.01,0.02,0.99,47335,470,
KXNFLTD-26SEP27NEJAC-NERSTEVENSON38-2,26SEP27NEJAC,Rhamondre Stevenson,7611,RB,touchdowns,THRESHOLD,2+,0.41,0.0757,0.06,0.07,0.94,344,348,
KXNFLTD-26SEP27NEJAC-NERSTEVENSON38-1,26SEP27NEJAC,Rhamondre Stevenson,7611,RB,touchdowns,THRESHOLD,1+,0.41,0.3502,0.33,0.34,0.67,7614,936,
KXNFLTD-26SEP27NEJAC-NERDOUBS87-2,26SEP27NEJAC,Romeo Doubs,8121,WR,touchdowns,THRESHOLD,2+,0.22,0.0108,0.02,0.03,0.98,57506,10,
KXNFLTD-26SEP27NEJAC-NERDOUBS87-1,26SEP27NEJAC,Romeo Doubs,8121,WR,touchdowns,THRESHOLD,1+,0.22,0.1705,0.23,0.24,0.77,63193,4508,
KXNFLTD-26SEP27NEJAC-NEMHOLLINS13-2,26SEP27NEJAC,Mack Hollins,4177,WR,touchdowns,THRESHOLD,2+,0.17,0.0191,0.02,0.03,0.98,75489,20,
KXNFLTD-26SEP27NEJAC-NEMHOLLINS13-1,26SEP27NEJAC,Mack Hollins,4177,WR,touchdowns,THRESHOLD,1+,0.17,0.1805,0.20,0.21,0.80,62433,70,
KXNFLTD-26SEP27NEJAC-NEKWILLIAMS18-1,26SEP27NEJAC,Kyle Williams,12547,WR,touchdowns,THRESHOLD,1+,0.11,0.0940,0.07,0.08,0.93,30423,2937,
KXNFLTD-26SEP27NEJAC-NEHHENRY85-3,26SEP27NEJAC,Hunter Henry,3214,TE,touchdowns,THRESHOLD,3+,0.29,0.0025,0.00,0.01,1.00,200,0,
KXNFLTD-26SEP27NEJAC-NEHHENRY85-2,26SEP27NEJAC,Hunter Henry,3214,TE,touchdowns,THRESHOLD,2+,0.29,0.0408,0.03,0.04,0.97,57361,38,
KXNFLTD-26SEP27NEJAC-NEHHENRY85-1,26SEP27NEJAC,Hunter Henry,3214,TE,touchdowns,THRESHOLD,1+,0.29,0.2454,0.26,0.27,0.74,53471,365,
KXNFLTD-26SEP27NEJAC-NEDMAYE10-2,26SEP27NEJAC,Drake Maye,11564,QB,touchdowns,THRESHOLD,2+,0.23,0.0241,0.03,0.04,0.97,52938,25,
KXNFLTD-26SEP27NEJAC-NEDMAYE10-1,26SEP27NEJAC,Drake Maye,11564,QB,touchdowns,THRESHOLD,1+,0.23,0.1988,0.22,0.23,0.78,25032,5628,
KXNFLTD-26SEP27NEJAC-NEDDOUGLAS3-2,26SEP27NEJAC,DeMario Douglas,9501,WR,touchdowns,THRESHOLD,2+,0.13,0.0108,0.01,0.02,0.99,47100,480,
KXNFLTD-26SEP27NEJAC-NEDDOUGLAS3-1,26SEP27NEJAC,DeMario Douglas,9501,WR,touchdowns,THRESHOLD,1+,0.13,0.1023,0.17,0.18,0.83,44085,8174,
KXNFLTD-26SEP27NEJAC-NECLATU36-1,26SEP27NEJAC,Cameron Latu,10210,TE,touchdowns,THRESHOLD,1+,0.01,0.0424,0.03,0.04,0.97,37435,269,
KXNFLTD-26SEP27NEJAC-JACTLAWRENCE16-2,26SEP27NEJAC,Trevor Lawrence,7523,QB,touchdowns,THRESHOLD,2+,0.31,0.0507,0.02,0.03,0.98,57445,223,
KXNFLTD-26SEP27NEJAC-JACTLAWRENCE16-1,26SEP27NEJAC,Trevor Lawrence,7523,QB,touchdowns,THRESHOLD,1+,0.31,0.2704,0.21,0.22,0.79,19037,2732,
KXNFLTD-26SEP27NEJAC-JACTHUNTER12-1,26SEP27NEJAC,Travis Hunter,12530,WR,touchdowns,THRESHOLD,1+,0.04,0.0624,0.06,0.07,0.94,18998,6002,
KXNFLTD-26SEP27NEJAC-JACPWASHINGTON11-3,26SEP27NEJAC,Parker Washington,9487,WR,touchdowns,THRESHOLD,3+,0.45,0.0058,0.01,0.02,0.99,47406,300,
KXNFLTD-26SEP27NEJAC-JACPWASHINGTON11-2,26SEP27NEJAC,Parker Washington,9487,WR,touchdowns,THRESHOLD,2+,0.45,0.0691,0.06,0.07,0.94,67561,3513,
KXNFLTD-26SEP27NEJAC-JACPWASHINGTON11-1,26SEP27NEJAC,Parker Washington,9487,WR,touchdowns,THRESHOLD,1+,0.45,0.3652,0.34,0.35,0.66,36969,427,
KXNFLTD-26SEP27NEJAC-JACNBOERKIRCHER87-2,26SEP27NEJAC,Nate Boerkircher,13299,TE,touchdowns,THRESHOLD,2+,0.04,0.0025,0.00,0.01,1.00,43525,0,
KXNFLTD-26SEP27NEJAC-JACNBOERKIRCHER87-1,26SEP27NEJAC,Nate Boerkircher,13299,TE,touchdowns,THRESHOLD,1+,0.04,0.0574,0.06,0.07,0.94,786,13,
KXNFLTD-26SEP27NEJAC-JACLALLEN5-1,26SEP27NEJAC,LeQuint Allen Jr.,12544,RB,touchdowns,THRESHOLD,1+,0.06,0.0790,0.05,0.06,0.95,45350,724,
KXNFLTD-26SEP27NEJAC-JACJMEYERS3-2,26SEP27NEJAC,Jakobi Meyers,5947,WR,touchdowns,THRESHOLD,2+,0.19,0.0191,0.03,0.04,0.97,47100,11,
KXNFLTD-26SEP27NEJAC-JACJMEYERS3-1,26SEP27NEJAC,Jakobi Meyers,5947,WR,touchdowns,THRESHOLD,1+,0.19,0.1622,0.24,0.25,0.76,15998,87,
KXNFLTD-26SEP27NEJAC-JACJCAMERON19-1,26SEP27NEJAC,Josh Cameron,13394,WR,touchdowns,THRESHOLD,1+,0.09,0.0774,0.05,0.06,0.95,44430,15033,
KXNFLTD-26SEP27NEJAC-JACCRODRIGUEZ24-2,26SEP27NEJAC,Chris Rodriguez Jr.,10219,RB,touchdowns,THRESHOLD,2+,0.25,0.0408,0.02,0.04,0.98,67833,28,
KXNFLTD-26SEP27NEJAC-JACCRODRIGUEZ24-1,26SEP27NEJAC,Chris Rodriguez Jr.,10219,RB,touchdowns,THRESHOLD,1+,0.25,0.2121,0.24,0.25,0.76,20136,12,
KXNFLTD-26SEP27NEJAC-JACBTUTEN33-3,26SEP27NEJAC,Bhayshul Tuten,12490,RB,touchdowns,THRESHOLD,3+,0.57,0.0191,0.01,0.02,0.99,46803,480,
KXNFLTD-26SEP27NEJAC-JACBTUTEN33-2,26SEP27NEJAC,Bhayshul Tuten,12490,RB,touchdowns,THRESHOLD,2+,0.57,0.1290,0.05,0.06,0.95,25,55,
KXNFLTD-26SEP27NEJAC-JACBTUTEN33-1,26SEP27NEJAC,Bhayshul Tuten,12490,RB,touchdowns,THRESHOLD,1+,0.57,0.4601,0.35,0.36,0.65,25,131,
KXNFLTD-26SEP27NEJAC-JACBTHOMAS7-2,26SEP27NEJAC,Brian Thomas Jr.,11631,WR,touchdowns,THRESHOLD,2+,0.23,0.0175,0.02,0.03,0.98,36950,433,
KXNFLTD-26SEP27NEJAC-JACBTHOMAS7-1,26SEP27NEJAC,Brian Thomas Jr.,11631,WR,touchdowns,THRESHOLD,1+,0.23,0.2138,0.21,0.22,0.79,5657,25,
KXNFLTD-26SEP27NEJAC-JACBSTRANGE85-2,26SEP27NEJAC,Brenton Strange,9480,TE,touchdowns,THRESHOLD,2+,0.28,0.0424,0.02,0.03,0.98,37050,38,
KXNFLTD-26SEP27NEJAC-JACBSTRANGE85-1,26SEP27NEJAC,Brenton Strange,9480,TE,touchdowns,THRESHOLD,1+,0.28,0.2338,0.20,0.21,0.80,25,991,
KXNFLTD-26SEP27NEJAC-JACAABDULLAH20-1,26SEP27NEJAC,Ameer Abdullah,2359,RB,touchdowns,THRESHOLD,1+,0.10,0.0940,0.06,0.07,0.94,26597,4,
KXNFLTD-26SEP27LACBUF-LACTHARRIS9-2,26SEP27LACBUF,Tre' Harris,12509,WR,touchdowns,THRESHOLD,2+,0.13,0.0108,0.01,0.02,0.99,68733,480,
KXNFLTD-26SEP27LACBUF-LACTHARRIS9-1,26SEP27LACBUF,Tre' Harris,12509,WR,touchdowns,THRESHOLD,1+,0.13,0.1023,0.16,0.17,0.84,13860,150,
KXNFLTD-26SEP27LACBUF-LACQJOHNSTON1-2,26SEP27LACBUF,Quentin Johnston,9754,WR,touchdowns,THRESHOLD,2+,0.29,0.0241,0.02,0.03,0.98,35000,2185,
KXNFLTD-26SEP27LACBUF-LACQJOHNSTON1-1,26SEP27LACBUF,Quentin Johnston,9754,WR,touchdowns,THRESHOLD,1+,0.29,0.2354,0.23,0.24,0.77,49447,3798,
KXNFLTD-26SEP27LACBUF-LACOHAMPTON8-3,26SEP27LACBUF,Omarion Hampton,12507,RB,touchdowns,THRESHOLD,3+,0.67,0.0241,0.02,0.03,0.98,85806,1,
KXNFLTD-26SEP27LACBUF-LACOHAMPTON8-2,26SEP27LACBUF,Omarion Hampton,12507,RB,touchdowns,THRESHOLD,2+,0.67,0.1589,0.14,0.15,0.86,75621,884,
KXNFLTD-26SEP27LACBUF-LACOHAMPTON8-1,26SEP27LACBUF,Omarion Hampton,12507,RB,touchdowns,THRESHOLD,1+,0.67,0.5200,0.49,0.50,0.51,48663,1121,
KXNFLTD-26SEP27LACBUF-LACOGADSDEN86-2,26SEP27LACBUF,Oronde Gadsden,12493,TE,touchdowns,THRESHOLD,2+,0.24,0.0158,0.02,0.03,0.98,46134,3615,
KXNFLTD-26SEP27LACBUF-LACOGADSDEN86-1,26SEP27LACBUF,Oronde Gadsden,12493,TE,touchdowns,THRESHOLD,1+,0.24,0.2088,0.24,0.25,0.76,13459,5249,
KXNFLTD-26SEP27LACBUF-LACLMCCONKEY15-2,26SEP27LACBUF,Ladd McConkey,11635,WR,touchdowns,THRESHOLD,2+,0.39,0.0574,0.04,0.05,0.96,110778,1500,
KXNFLTD-26SEP27LACBUF-LACLMCCONKEY15-1,26SEP27LACBUF,Ladd McConkey,11635,WR,touchdowns,THRESHOLD,1+,0.39,0.2953,0.29,0.30,0.71,53850,3045,
KXNFLTD-26SEP27LACBUF-LACKMITCHELL34-2,26SEP27LACBUF,Keaton Mitchell,9511,RB,touchdowns,THRESHOLD,2+,0.24,0.0374,0.01,0.02,0.99,106201,450,
KXNFLTD-26SEP27LACBUF-LACKMITCHELL34-1,26SEP27LACBUF,Keaton Mitchell,9511,RB,touchdowns,THRESHOLD,1+,0.24,0.1988,0.13,0.14,0.87,51954,5708,
KXNFLTD-26SEP27LACBUF-LACJHERBERT10-2,26SEP27LACBUF,Justin Herbert,6797,QB,touchdowns,THRESHOLD,2+,0.19,0.0141,0.01,0.02,0.99,177628,50570,
KXNFLTD-26SEP27LACBUF-LACJHERBERT10-1,26SEP27LACBUF,Justin Herbert,6797,QB,touchdowns,THRESHOLD,1+,0.19,0.1439,0.15,0.16,0.85,101024,5013,
KXNFLTD-26SEP27LACBUF-BUFKSHAKIR10-3,26SEP27LACBUF,Khalil Shakir,8134,WR,touchdowns,THRESHOLD,3+,0.16,0.0008,0.00,0.01,1.00,80679,0,
KXNFLTD-26SEP27LACBUF-BUFKSHAKIR10-2,26SEP27LACBUF,Khalil Shakir,8134,WR,touchdowns,THRESHOLD,2+,0.16,0.0158,0.04,0.05,0.96,82727,13,
KXNFLTD-26SEP27LACBUF-BUFKSHAKIR10-1,26SEP27LACBUF,Khalil Shakir,8134,WR,touchdowns,THRESHOLD,1+,0.16,0.1373,0.29,0.30,0.71,25176,55,
KXNFLTD-26SEP27LACBUF-BUFJCOOK4-3,26SEP27LACBUF,James Cook III,8138,RB,touchdowns,THRESHOLD,3+,0.86,0.0474,0.05,0.06,0.95,131341,116,
KXNFLTD-26SEP27LACBUF-BUFJCOOK4-2,26SEP27LACBUF,James Cook III,8138,RB,touchdowns,THRESHOLD,2+,0.86,0.1855,0.20,0.21,0.80,9447,13,
KXNFLTD-26SEP27LACBUF-BUFJCOOK4-1,26SEP27LACBUF,James Cook III,8138,RB,touchdowns,THRESHOLD,1+,0.86,0.5483,0.58,0.59,0.42,31019,2595,
KXNFLTD-26SEP27LACBUF-BUFJALLEN17-3,26SEP27LACBUF,Josh Allen,4984,QB,touchdowns,THRESHOLD,3+,0.77,0.0092,0.03,0.04,0.97,71298,3295,
KXNFLTD-26SEP27LACBUF-BUFJALLEN17-2,26SEP27LACBUF,Josh Allen,4984,QB,touchdowns,THRESHOLD,2+,0.77,0.0990,0.16,0.17,0.84,45614,1139,
KXNFLTD-26SEP27LACBUF-BUFJALLEN17-1,26SEP27LACBUF,Josh Allen,4984,QB,touchdowns,THRESHOLD,1+,0.77,0.3636,0.54,0.55,0.46,74332,4431,
KXNFLTD-26SEP27LACBUF-BUFDKNOX88-2,26SEP27LACBUF,Dawson Knox,5906,TE,touchdowns,THRESHOLD,2+,0.18,0.0208,0.01,0.02,0.99,99673,480,
KXNFLTD-26SEP27LACBUF-BUFDKNOX88-1,26SEP27LACBUF,Dawson Knox,5906,TE,touchdowns,THRESHOLD,1+,0.18,0.1423,0.13,0.14,0.87,75941,18786,
KXNFLTD-26SEP27LACBUF-BUFDKINCAID86-3,26SEP27LACBUF,Dalton Kincaid,10236,TE,touchdowns,THRESHOLD,3+,0.33,0.0075,0.00,0.01,1.00,80765,0,
KXNFLTD-26SEP27LACBUF-BUFDKINCAID86-2,26SEP27LACBUF,Dalton Kincaid,10236,TE,touchdowns,THRESHOLD,2+,0.33,0.0507,0.04,0.05,0.96,67804,45,
KXNFLTD-26SEP27LACBUF-BUFDKINCAID86-1,26SEP27LACBUF,Dalton Kincaid,10236,TE,touchdowns,THRESHOLD,1+,0.33,0.2854,0.32,0.33,0.68,47568,1674,
KXNFLTD-26SEP27NYJDET-NYJKSADIQ16-2,26SEP27NYJDET,Kenyon Sadiq,13330,TE,touchdowns,THRESHOLD,2+,0.20,0.0291,0.01,0.02,0.99,49274,10320,
KXNFLTD-26SEP27NYJDET-NYJKSADIQ16-1,26SEP27NYJDET,Kenyon Sadiq,13330,TE,touchdowns,THRESHOLD,1+,0.20,0.1739,0.18,0.19,0.82,34528,4581,
KXNFLTD-26SEP27NYJDET-NYJIWILLIAMS18-2,26SEP27NYJDET,Isaiah Williams,11608,WR,touchdowns,THRESHOLD,2+,0.13,0.0108,0.01,0.02,0.99,25746,480,
KXNFLTD-26SEP27NYJDET-NYJIWILLIAMS18-1,26SEP27NYJDET,Isaiah Williams,11608,WR,touchdowns,THRESHOLD,1+,0.13,0.1023,0.15,0.16,0.85,2516,129,
KXNFLTD-26SEP27NYJDET-NYJGWILSON5-3,26SEP27NYJDET,Garrett Wilson,8146,WR,touchdowns,THRESHOLD,3+,0.52,0.0108,0.00,0.01,1.00,25600,0,
KXNFLTD-26SEP27NYJDET-NYJGWILSON5-2,26SEP27NYJDET,Garrett Wilson,8146,WR,touchdowns,THRESHOLD,2+,0.52,0.0790,0.05,0.06,0.95,50446,26,
KXNFLTD-26SEP27NYJDET-NYJGWILSON5-1,26SEP27NYJDET,Garrett Wilson,8146,WR,touchdowns,THRESHOLD,1+,0.52,0.3952,0.32,0.33,0.68,46867,2038,
KXNFLTD-26SEP27NYJDET-NYJGSMITH7-2,26SEP27NYJDET,Geno Smith,1373,QB,touchdowns,THRESHOLD,2+,0.11,0.0158,0.00,0.01,1.00,28377,0,
KXNFLTD-26SEP27NYJDET-NYJGSMITH7-1,26SEP27NYJDET,Geno Smith,1373,QB,touchdowns,THRESHOLD,1+,0.11,0.1339,0.09,0.10,0.91,52761,3091,
KXNFLTD-26SEP27NYJDET-NYJBHALL20-3,26SEP27NYJDET,Breece Hall,8155,RB,touchdowns,THRESHOLD,3+,0.56,0.0191,0.01,0.02,0.99,24998,2020,
KXNFLTD-26SEP27NYJDET-NYJBHALL20-2,26SEP27NYJDET,Breece Hall,8155,RB,touchdowns,THRESHOLD,2+,0.56,0.1223,0.10,0.11,0.90,39179,38,
KXNFLTD-26SEP27NYJDET-NYJBHALL20-1,26SEP27NYJDET,Breece Hall,8155,RB,touchdowns,THRESHOLD,1+,0.56,0.4567,0.43,0.44,0.57,3897,3241,
KXNFLTD-26SEP27NYJDET-NYJBALLEN0-2,26SEP27NYJDET,Braelon Allen,11576,RB,touchdowns,THRESHOLD,2+,0.35,0.0574,0.02,0.03,0.98,26030,2638,
KXNFLTD-26SEP27NYJDET-NYJBALLEN0-1,26SEP27NYJDET,Braelon Allen,11576,RB,touchdowns,THRESHOLD,1+,0.35,0.2970,0.21,0.22,0.79,45,32,
KXNFLTD-26SEP27NYJDET-NYJAMITCHELL15-2,26SEP27NYJDET,Adonai Mitchell,11625,WR,touchdowns,THRESHOLD,2+,0.24,0.0175,0.02,0.03,0.98,25400,8502,Questionable
KXNFLTD-26SEP27NYJDET-NYJAMITCHELL15-1,26SEP27NYJDET,Adonai Mitchell,11625,WR,touchdowns,THRESHOLD,1+,0.24,0.2271,0.22,0.23,0.78,67969,2205,Questionable
KXNFLTD-26SEP27NYJDET-DETSVAKI33-2,26SEP27NYJDET,Sione Vaki,11729,RB,touchdowns,THRESHOLD,2+,0.09,0.0075,0.01,0.02,0.99,49735,450,
KXNFLTD-26SEP27NYJDET-DETSVAKI33-1,26SEP27NYJDET,Sione Vaki,11729,RB,touchdowns,THRESHOLD,1+,0.09,0.0724,0.11,0.12,0.89,29613,24888,
KXNFLTD-26SEP27NYJDET-DETSLAPORTA87-3,26SEP27NYJDET,Sam LaPorta,10859,TE,touchdowns,THRESHOLD,3+,0.40,0.0058,0.00,0.01,1.00,25600,0,
KXNFLTD-26SEP27NYJDET-DETSLAPORTA87-2,26SEP27NYJDET,Sam LaPorta,10859,TE,touchdowns,THRESHOLD,2+,0.40,0.0474,0.04,0.05,0.96,25005,21,
KXNFLTD-26SEP27NYJDET-DETSLAPORTA87-1,26SEP27NYJDET,Sam LaPorta,10859,TE,touchdowns,THRESHOLD,1+,0.40,0.2903,0.31,0.32,0.69,21206,319,
KXNFLTD-26SEP27NYJDET-DETJWILLIAMS1-3,26SEP27NYJDET,Jameson Williams,8148,WR,touchdowns,THRESHOLD,3+,0.39,0.0042,0.01,0.02,0.99,45335,300,
KXNFLTD-26SEP27NYJDET-DETJWILLIAMS1-2,26SEP27NYJDET,Jameson Williams,8148,WR,touchdowns,THRESHOLD,2+,0.39,0.0574,0.06,0.07,0.94,50837,100,
KXNFLTD-26SEP27NYJDET-DETJWILLIAMS1-1,26SEP27NYJDET,Jameson Williams,8148,WR,touchdowns,THRESHOLD,1+,0.39,0.2953,0.34,0.35,0.66,14687,398,
KXNFLTD-26SEP27NYJDET-DETJGOFF16-1,26SEP27NYJDET,Jared Goff,3163,QB,touchdowns,THRESHOLD,1+,0.05,0.0724,0.04,0.05,0.96,34601,3503,
KXNFLTD-26SEP27NYJDET-DETJGIBBS0-3,26SEP27NYJDET,Jahmyr Gibbs,9221,RB,touchdowns,THRESHOLD,3+,1.02,0.0541,0.10,0.11,0.90,8499,250,
KXNFLTD-26SEP27NYJDET-DETJGIBBS0-2,26SEP27NYJDET,Jahmyr Gibbs,9221,RB,touchdowns,THRESHOLD,2+,1.02,0.1922,0.33,0.34,0.67,3058,1616,
KXNFLTD-26SEP27NYJDET-DETJGIBBS0-1,26SEP27NYJDET,Jahmyr Gibbs,9221,RB,touchdowns,THRESHOLD,1+,1.02,0.5649,0.71,0.72,0.29,25021,814,
KXNFLTD-26SEP27NYJDET-DETITESLAA18-2,26SEP27NYJDET,Isaac TeSlaa,12535,WR,touchdowns,THRESHOLD,2+,0.17,0.0191,0.01,0.02,0.99,25400,647,
KXNFLTD-26SEP27NYJDET-DETITESLAA18-1,26SEP27NYJDET,Isaac TeSlaa,12535,WR,touchdowns,THRESHOLD,1+,0.17,0.1805,0.16,0.17,0.84,51115,161,
KXNFLTD-26SEP27NYJDET-DETBWRIGHT89-1,26SEP27NYJDET,Brock Wright,7891,TE,touchdowns,THRESHOLD,1+,0.06,0.0707,0.05,0.06,0.95,0,7579,
KXNFLTD-26SEP27NYJDET-DETASTBROWN14-3,26SEP27NYJDET,Amon-Ra St. Brown,7547,WR,touchdowns,THRESHOLD,3+,0.73,0.0191,0.02,0.03,0.98,65706,83,
KXNFLTD-26SEP27NYJDET-DETASTBROWN14-2,26SEP27NYJDET,Amon-Ra St. Brown,7547,WR,touchdowns,THRESHOLD,2+,0.73,0.1140,0.13,0.14,0.87,39428,82,
KXNFLTD-26SEP27NYJDET-DETASTBROWN14-1,26SEP27NYJDET,Amon-Ra St. Brown,7547,WR,touchdowns,THRESHOLD,1+,0.73,0.4484,0.50,0.51,0.50,20214,2716,
KXNFLTD-26SEP27CARCLE-CLERSANDERS23-2,26SEP27CARCLE,Raheim Sanders,12472,RB,touchdowns,THRESHOLD,2+,0.21,0.0225,0.00,0.01,1.00,25600,0,
KXNFLTD-26SEP27CARCLE-CLERSANDERS23-1,26SEP27CARCLE,Raheim Sanders,12472,RB,touchdowns,THRESHOLD,1+,0.21,0.1772,0.11,0.12,0.89,56190,13,
KXNFLTD-26SEP27CARCLE-CLEQJUDKINS10-2,26SEP27CARCLE,Quinshon Judkins,12512,RB,touchdowns,THRESHOLD,2+,0.59,0.1323,0.10,0.11,0.90,35668,26,
KXNFLTD-26SEP27CARCLE-CLEQJUDKINS10-1,26SEP27CARCLE,Quinshon Judkins,12512,RB,touchdowns,THRESHOLD,1+,0.59,0.4651,0.42,0.43,0.58,2031,3941,
KXNFLTD-26SEP27CARCLE-CLEJMCLAUGHLIN38-2,26SEP27CARCLE,Jaleel McLaughlin,11439,RB,touchdowns,THRESHOLD,2+,0.08,0.0058,0.00,0.01,1.00,500,0,
KXNFLTD-26SEP27CARCLE-CLEJMCLAUGHLIN38-1,26SEP27CARCLE,Jaleel McLaughlin,11439,RB,touchdowns,THRESHOLD,1+,0.08,0.0674,0.04,0.05,0.96,39415,3359,
KXNFLTD-26SEP27CARCLE-CLEJJEUDY3-2,26SEP27CARCLE,Jerry Jeudy,6783,WR,touchdowns,THRESHOLD,2+,0.12,0.0075,0.01,0.02,0.99,45200,460,
KXNFLTD-26SEP27CARCLE-CLEJJEUDY3-1,26SEP27CARCLE,Jerry Jeudy,6783,WR,touchdowns,THRESHOLD,1+,0.12,0.0923,0.15,0.16,0.85,22094,19,
KXNFLTD-26SEP27CARCLE-CLEHFANNIN44-2,26SEP27CARCLE,Harold Fannin Jr.,12506,TE,touchdowns,THRESHOLD,2+,0.32,0.0491,0.03,0.04,0.97,62268,25000,
KXNFLTD-26SEP27CARCLE-CLEHFANNIN44-1,26SEP27CARCLE,Harold Fannin Jr.,12506,TE,touchdowns,THRESHOLD,1+,0.32,0.2637,0.24,0.25,0.76,24561,22,
KXNFLTD-26SEP27CARCLE-CLEDWATSON4-2,26SEP27CARCLE,Deshaun Watson,4017,QB,touchdowns,THRESHOLD,2+,0.14,0.0125,0.01,0.02,0.99,21103,855,
KXNFLTD-26SEP27CARCLE-CLEDWATSON4-1,26SEP27CARCLE,Deshaun Watson,4017,QB,touchdowns,THRESHOLD,1+,0.14,0.1356,0.17,0.18,0.83,4367,3351,
KXNFLTD-26SEP27CARCLE-CLEDBOSTON12-2,26SEP27CARCLE,Denzel Boston,13346,WR,touchdowns,THRESHOLD,2+,0.36,0.0391,0.04,0.05,0.96,51859,2,
KXNFLTD-26SEP27CARCLE-CLEDBOSTON12-1,26SEP27CARCLE,Denzel Boston,13346,WR,touchdowns,THRESHOLD,1+,0.36,0.2571,0.29,0.30,0.71,59143,115,
KXNFLTD-26SEP27CARCLE-CARXLEGETTE17-2,26SEP27CARCLE,Xavier Legette,11626,WR,touchdowns,THRESHOLD,2+,0.13,0.0108,0.01,0.02,0.99,49735,450,Questionable
KXNFLTD-26SEP27CARCLE-CARXLEGETTE17-1,26SEP27CARCLE,Xavier Legette,11626,WR,touchdowns,THRESHOLD,1+,0.13,0.1023,0.13,0.14,0.87,40769,15291,Questionable
KXNFLTD-26SEP27CARCLE-CARTTREMBLE82-2,26SEP27CARCLE,Tommy Tremble,7694,TE,touchdowns,THRESHOLD,2+,0.10,0.0125,0.01,0.02,0.99,54235,300,
KXNFLTD-26SEP27CARCLE-CARTTREMBLE82-1,26SEP27CARCLE,Tommy Tremble,7694,TE,touchdowns,THRESHOLD,1+,0.10,0.0774,0.10,0.11,0.90,12775,33,
KXNFLTD-26SEP27CARCLE-CARTMCMILLAN4-2,26SEP27CARCLE,Tetairoa McMillan,12526,WR,touchdowns,THRESHOLD,2+,0.38,0.0458,0.05,0.06,0.95,53799,20,
KXNFLTD-26SEP27CARCLE-CARTMCMILLAN4-1,26SEP27CARCLE,Tetairoa McMillan,12526,WR,touchdowns,THRESHOLD,1+,0.38,0.2504,0.32,0.33,0.68,53581,2099,
KXNFLTD-26SEP27CARCLE-CARMEVANS84-2,26SEP27CARCLE,Mitchell Evans,12473,TE,touchdowns,THRESHOLD,2+,0.04,0.0025,0.00,0.01,1.00,31004,0,
KXNFLTD-26SEP27CARCLE-CARMEVANS84-1,26SEP27CARCLE,Mitchell Evans,12473,TE,touchdowns,THRESHOLD,1+,0.04,0.0574,0.08,0.09,0.92,53872,20,
KXNFLTD-26SEP27CARCLE-CARJCOKER18-2,26SEP27CARCLE,Jalen Coker,11646,WR,touchdowns,THRESHOLD,2+,0.51,0.0807,0.03,0.04,0.97,24870,29,Questionable
KXNFLTD-26SEP27CARCLE-CARJCOKER18-1,26SEP27CARCLE,Jalen Coker,11646,WR,touchdowns,THRESHOLD,1+,0.51,0.3819,0.27,0.28,0.73,3007,3547,Questionable
KXNFLTD-26SEP27CARCLE-CARDWALLER88-2,26SEP27CARCLE,Darren Waller,2505,TE,touchdowns,THRESHOLD,2+,0.34,0.0507,0.02,0.03,0.98,60135,961,
KXNFLTD-26SEP27CARCLE-CARDWALLER88-1,26SEP27CARCLE,Darren Waller,2505,TE,touchdowns,THRESHOLD,1+,0.34,0.2920,0.20,0.21,0.80,37247,3105,
KXNFLTD-26SEP27CARCLE-CARCHUBBARD30-2,26SEP27CARCLE,Chuba Hubbard,7594,RB,touchdowns,THRESHOLD,2+,0.67,0.1589,0.15,0.16,0.85,61721,125,
KXNFLTD-26SEP27CARCLE-CARCHUBBARD30-1,26SEP27CARCLE,Chuba Hubbard,7594,RB,touchdowns,THRESHOLD,1+,0.67,0.5200,0.49,0.50,0.51,12034,4187,
KXNFLTD-26SEP27CARCLE-CARBYOUNG9-2,26SEP27CARCLE,Bryce Young,9228,QB,touchdowns,THRESHOLD,2+,0.23,0.0241,0.01,0.02,0.99,25766,11098,
KXNFLTD-26SEP27CARCLE-CARBYOUNG9-1,26SEP27CARCLE,Bryce Young,9228,QB,touchdowns,THRESHOLD,1+,0.23,0.1988,0.12,0.13,0.88,25,51,
KXNFLTD-26SEP27KCMIA-MIAMWILLIS2-2,26SEP27KCMIA,Malik Willis,8161,QB,touchdowns,THRESHOLD,2+,0.29,0.0474,0.02,0.03,0.98,39435,136,
KXNFLTD-26SEP27KCMIA-MIAMWILLIS2-1,26SEP27KCMIA,Malik Willis,8161,QB,touchdowns,THRESHOLD,1+,0.29,0.2671,0.20,0.21,0.80,31849,1918,
KXNFLTD-26SEP27KCMIA-MIAMWASHINGTON6-2,26SEP27KCMIA,Malik Washington,11610,WR,touchdowns,THRESHOLD,2+,0.27,0.0275,0.01,0.02,0.99,24431,2178,
KXNFLTD-26SEP27KCMIA-MIAMWASHINGTON6-1,26SEP27KCMIA,Malik Washington,11610,WR,touchdowns,THRESHOLD,1+,0.27,0.2288,0.21,0.22,0.79,67855,2853,
KXNFLTD-26SEP27KCMIA-MIAGDULCICH85-2,26SEP27KCMIA,Greg Dulcich,8172,TE,touchdowns,THRESHOLD,2+,0.15,0.0191,0.01,0.02,0.99,45100,50320,
KXNFLTD-26SEP27KCMIA-MIAGDULCICH85-1,26SEP27KCMIA,Greg Dulcich,8172,TE,touchdowns,THRESHOLD,1+,0.15,0.1439,0.16,0.17,0.84,18353,125,
KXNFLTD-26SEP27KCMIA-MIADACHANE28-2,26SEP27KCMIA,De'Von Achane,9226,RB,touchdowns,THRESHOLD,2+,0.49,0.1040,0.09,0.10,0.91,60971,38,
KXNFLTD-26SEP27KCMIA-MIADACHANE28-1,26SEP27KCMIA,De'Von Achane,9226,RB,touchdowns,THRESHOLD,1+,0.49,0.4235,0.41,0.42,0.59,32320,1053,
KXNFLTD-26SEP27KCMIA-KCXWORTHY1-2,26SEP27KCMIA,Xavier Worthy,11624,WR,touchdowns,THRESHOLD,2+,0.40,0.0674,0.05,0.06,0.95,109243,8,
KXNFLTD-26SEP27KCMIA-KCXWORTHY1-1,26SEP27KCMIA,Xavier Worthy,11624,WR,touchdowns,THRESHOLD,1+,0.40,0.3203,0.31,0.32,0.69,21388,134,
KXNFLTD-26SEP27KCMIA-KCTTHORNTON2-2,26SEP27KCMIA,Tyquan Thornton,8188,WR,touchdowns,THRESHOLD,2+,0.22,0.0108,0.01,0.02,0.99,38771,1185,
KXNFLTD-26SEP27KCMIA-KCTTHORNTON2-1,26SEP27KCMIA,Tyquan Thornton,8188,WR,touchdowns,THRESHOLD,1+,0.22,0.1705,0.16,0.17,0.84,62356,6075,
KXNFLTD-26SEP27KCMIA-KCTKELCE87-2,26SEP27KCMIA,Travis Kelce,1466,TE,touchdowns,THRESHOLD,2+,0.34,0.0507,0.07,0.08,0.93,97225,26,
KXNFLTD-26SEP27KCMIA-KCTKELCE87-1,26SEP27KCMIA,Travis Kelce,1466,TE,touchdowns,THRESHOLD,1+,0.34,0.2920,0.37,0.38,0.63,46589,182,
KXNFLTD-26SEP27KCMIA-KCRRICE4-2,26SEP27KCMIA,Rashee Rice,10229,WR,touchdowns,THRESHOLD,2+,0.46,0.0641,0.08,0.09,0.92,35000,49,
KXNFLTD-26SEP27KCMIA-KCRRICE4-1,26SEP27KCMIA,Rashee Rice,10229,WR,touchdowns,THRESHOLD,1+,0.46,0.3569,0.38,0.39,0.62,78266,3233,
KXNFLTD-26SEP27KCMIA-KCPMAHOMES15-2,26SEP27KCMIA,Patrick Mahomes,4046,QB,touchdowns,THRESHOLD,2+,0.26,0.0308,0.01,0.02,0.99,20114,4409,
KXNFLTD-26SEP27KCMIA-KCPMAHOMES15-1,26SEP27KCMIA,Patrick Mahomes,4046,QB,touchdowns,THRESHOLD,1+,0.26,0.2255,0.20,0.21,0.80,146604,2185,
KXNFLTD-26SEP27KCMIA-KCNGRAY83-2,26SEP27KCMIA,Noah Gray,7828,TE,touchdowns,THRESHOLD,2+,0.11,0.0141,0.01,0.02,0.99,59235,480,
KXNFLTD-26SEP27KCMIA-KCNGRAY83-1,26SEP27KCMIA,Noah Gray,7828,TE,touchdowns,THRESHOLD,1+,0.11,0.0923,0.11,0.12,0.89,7602,30,
KXNFLTD-26SEP27KCMIA-KCKWALKER9-2,26SEP27KCMIA,Kenneth Walker III,8151,RB,touchdowns,THRESHOLD,2+,0.89,0.1889,0.24,0.25,0.76,76025,147,
KXNFLTD-26SEP27KCMIA-KCKWALKER9-1,26SEP27KCMIA,Kenneth Walker III,8151,RB,touchdowns,THRESHOLD,1+,0.89,0.5549,0.63,0.64,0.37,118173,3531,
KXNFLTD-26SEP27KCMIA-KCJROYALS11-2,26SEP27KCMIA,Jalen Royals,12505,WR,touchdowns,THRESHOLD,2+,0.08,0.0092,0.00,0.01,1.00,10300,0,
KXNFLTD-26SEP27KCMIA-KCJROYALS11-1,26SEP27KCMIA,Jalen Royals,12505,WR,touchdowns,THRESHOLD,1+,0.08,0.0907,0.07,0.08,0.93,80888,25,
KXNFLTD-26SEP27KCMIA-KCJBRININGSTOOL88-1,26SEP27KCMIA,Jake Briningstool,12817,TE,touchdowns,THRESHOLD,1+,0.03,0.0524,0.03,0.04,0.97,3369,464,
KXNFLTD-26SEP27KCMIA-KCEJOHNSON10-2,26SEP27KCMIA,Emmett Johnson,13337,RB,touchdowns,THRESHOLD,2+,0.23,0.0308,0.02,0.03,0.98,39335,32042,
KXNFLTD-26SEP27KCMIA-KCEJOHNSON10-1,26SEP27KCMIA,Emmett Johnson,13337,RB,touchdowns,THRESHOLD,1+,0.23,0.1922,0.20,0.21,0.80,61567,10049,
KXNFLTD-26SEP27KCMIA-KCCALLEN13-1,26SEP27KCMIA,Cyrus Allen,13413,WR,touchdowns,THRESHOLD,1+,0.02,0.0408,0.04,0.05,0.96,63125,2304,
KXNFLTD-26SEP27KCMIA-KCBSMITH24-1,26SEP27KCMIA,Brashard Smith,12455,RB,touchdowns,THRESHOLD,1+,0.03,0.0491,0.03,0.04,0.97,38065,1104,
